#ifndef _TFTMEDIA_H_
#define _TFTMEDIA_H_

#include <Arduino.h>

#if defined(__AVR__)
    #include <avr/pgmspace.h>
#elif defined(__PIC32MX__)
    #define PROGMEM
#elif defined(__arm__)
    #define PROGMEM
#endif

// Generated by   : ImageConverter 565 Online
// Generated from : eclips_logo.png
// Time generated : Wed, 01 Feb 23 00:00:16 +0100  (Server timezone: CET)
// Image Size     : 256x256 pixels
// Memory usage   : 131072 bytes

const unsigned short eclips_logo[65536] PROGMEM = {
0x0000, 0x0000, 0x0000, 0x0000, 0x0000, 0x0000, 0x0000, 0x0000, 0x0000, 0x0000, 0x0000, 0x0000, 0x0000, 0x0000, 0x0000, 0x0000,   // 0x0010 (16) pixels
0x0000, 0x0000, 0x0000, 0x0000, 0x0000, 0x0000, 0x0000, 0x0000, 0x0000, 0x0000, 0x0000, 0x0000, 0x0000, 0x0000, 0x0000, 0x0000,   // 0x0020 (32) pixels
0x0000, 0x0000, 0x0000, 0x0000, 0x0000, 0x0000, 0x0000, 0x0000, 0x0000, 0x0000, 0x0000, 0x0000, 0x0000, 0x0000, 0x0000, 0x0000,   // 0x0030 (48) pixels
0x0000, 0x0000, 0x0000, 0x0000, 0x0000, 0x0000, 0x0000, 0x0000, 0x0000, 0x0000, 0x0000, 0x0000, 0x0000, 0x0000, 0x0000, 0x0000,   // 0x0040 (64) pixels
0x0000, 0x0000, 0x0000, 0x0000, 0x0000, 0x0000, 0x0000, 0x0000, 0x0000, 0x0000, 0x0000, 0x0000, 0x0000, 0x0000, 0x0000, 0x0000,   // 0x0050 (80) pixels
0x0000, 0x0000, 0x0000, 0x0000, 0x0000, 0x0000, 0x0000, 0x0000, 0x0000, 0x0000, 0x0000, 0x0000, 0x0000, 0x0000, 0x0000, 0x0000,   // 0x0060 (96) pixels
0x0000, 0x0000, 0x0000, 0x0000, 0x0000, 0x0000, 0x0000, 0x0000, 0x0000, 0x0000, 0x0000, 0x0000, 0x0000, 0x0000, 0x0000, 0x0000,   // 0x0070 (112) pixels
0x0000, 0x0000, 0x0000, 0x0000, 0x0000, 0x0000, 0x0000, 0x0000, 0x0000, 0x0000, 0x0000, 0x0000, 0x0000, 0x0000, 0x0000, 0x0000,   // 0x0080 (128) pixels
0x0000, 0x0000, 0x0000, 0x0000, 0x0000, 0x0000, 0x0000, 0x0000, 0x0000, 0x0000, 0x0000, 0x0000, 0x0000, 0x0000, 0x0000, 0x0000,   // 0x0090 (144) pixels
0x0000, 0x0000, 0x0000, 0x0000, 0x0000, 0x0000, 0x0000, 0x0000, 0x0000, 0x0000, 0x0000, 0x0000, 0x0000, 0x0000, 0x0000, 0x0000,   // 0x00A0 (160) pixels
0x0000, 0x0000, 0x0000, 0x0000, 0x0000, 0x0000, 0x0000, 0x0000, 0x0000, 0x0000, 0x0000, 0x0000, 0x0000, 0x0000, 0x0000, 0x0000,   // 0x00B0 (176) pixels
0x0000, 0x0000, 0x0000, 0x0000, 0x0000, 0x0000, 0x0000, 0x0000, 0x0000, 0x0000, 0x0000, 0x0000, 0x0000, 0x0000, 0x0000, 0x0000,   // 0x00C0 (192) pixels
0x0000, 0x0000, 0x0000, 0x0000, 0x0000, 0x0000, 0x0000, 0x0000, 0x0000, 0x0000, 0x0000, 0x0000, 0x0000, 0x0000, 0x0000, 0x0000,   // 0x00D0 (208) pixels
0x0000, 0x0000, 0x0000, 0x0000, 0x0000, 0x0000, 0x0000, 0x0000, 0x0000, 0x0000, 0x0000, 0x0000, 0x0000, 0x0000, 0x0000, 0x0000,   // 0x00E0 (224) pixels
0x0000, 0x0000, 0x0000, 0x0000, 0x0000, 0x0000, 0x0000, 0x0000, 0x0000, 0x0000, 0x0000, 0x0000, 0x0000, 0x0000, 0x0000, 0x0000,   // 0x00F0 (240) pixels
0x0000, 0x0000, 0x0000, 0x0000, 0x0000, 0x0000, 0x0000, 0x0000, 0x0000, 0x0000, 0x0000, 0x0000, 0x0000, 0x0000, 0x0000, 0x0000,   // 0x0100 (256) pixels
0x0000, 0x0000, 0x0000, 0x0000, 0x0000, 0x0000, 0x0000, 0x0000, 0x0000, 0x0000, 0x0000, 0x0000, 0x0000, 0x0000, 0x0000, 0x0000,   // 0x0110 (272) pixels
0x0000, 0x0000, 0x0000, 0x0000, 0x0000, 0x0000, 0x0000, 0x0000, 0x0000, 0x0000, 0x0000, 0x0000, 0x0000, 0x0000, 0x0000, 0x0000,   // 0x0120 (288) pixels
0x0000, 0x0000, 0x0000, 0x0000, 0x0000, 0x0000, 0x0000, 0x0000, 0x0000, 0x0000, 0x0000, 0x0000, 0x0000, 0x0000, 0x0000, 0x0000,   // 0x0130 (304) pixels
0x0000, 0x0000, 0x0000, 0x0000, 0x0000, 0x0000, 0x0000, 0x0000, 0x0000, 0x0000, 0x0000, 0x0000, 0x0000, 0x0000, 0x0000, 0x0000,   // 0x0140 (320) pixels
0x0000, 0x0000, 0x0000, 0x0000, 0x0000, 0x0000, 0x0000, 0x0000, 0x0000, 0x0000, 0x0000, 0x0000, 0x0000, 0x0000, 0x0000, 0x0000,   // 0x0150 (336) pixels
0x0000, 0x0000, 0x0000, 0x0000, 0x0000, 0x0000, 0x0000, 0x0000, 0x0000, 0x0000, 0x0000, 0x0000, 0x0000, 0x0000, 0x0000, 0x0000,   // 0x0160 (352) pixels
0x0000, 0x0000, 0x0000, 0x0000, 0x0000, 0x0000, 0x0000, 0x0000, 0x0000, 0x0000, 0x0000, 0x0000, 0x0000, 0x0000, 0x0000, 0x0000,   // 0x0170 (368) pixels
0x0000, 0x0000, 0x0000, 0x0000, 0x0000, 0x0000, 0x0000, 0x0000, 0x0000, 0x0000, 0x0000, 0x0000, 0x0000, 0x0000, 0x0000, 0x0000,   // 0x0180 (384) pixels
0x0000, 0x0000, 0x0000, 0x0000, 0x0000, 0x0000, 0x0000, 0x0000, 0x0000, 0x0000, 0x0000, 0x0000, 0x0000, 0x0000, 0x0000, 0x0000,   // 0x0190 (400) pixels
0x0000, 0x0000, 0x0000, 0x0000, 0x0000, 0x0000, 0x0000, 0x0000, 0x0000, 0x0000, 0x0000, 0x0000, 0x0000, 0x0000, 0x0000, 0x0000,   // 0x01A0 (416) pixels
0x0000, 0x0000, 0x0000, 0x0000, 0x0000, 0x0000, 0x0000, 0x0000, 0x0000, 0x0000, 0x0000, 0x0000, 0x0000, 0x0000, 0x0000, 0x0000,   // 0x01B0 (432) pixels
0x0000, 0x0000, 0x0000, 0x0000, 0x0000, 0x0000, 0x0000, 0x0000, 0x0000, 0x0000, 0x0000, 0x0000, 0x0000, 0x0000, 0x0000, 0x0000,   // 0x01C0 (448) pixels
0x0000, 0x0000, 0x0000, 0x0000, 0x0000, 0x0000, 0x0000, 0x0000, 0x0000, 0x0000, 0x0000, 0x0000, 0x0000, 0x0000, 0x0000, 0x0000,   // 0x01D0 (464) pixels
0x0000, 0x0000, 0x0000, 0x0000, 0x0000, 0x0000, 0x0000, 0x0000, 0x0000, 0x0000, 0x0000, 0x0000, 0x0000, 0x0000, 0x0000, 0x0000,   // 0x01E0 (480) pixels
0x0000, 0x0000, 0x0000, 0x0000, 0x0000, 0x0000, 0x0000, 0x0000, 0x0000, 0x0000, 0x0000, 0x0000, 0x0000, 0x0000, 0x0000, 0x0000,   // 0x01F0 (496) pixels
0x0000, 0x0000, 0x0000, 0x0000, 0x0000, 0x0000, 0x0000, 0x0000, 0x0000, 0x0000, 0x0000, 0x0000, 0x0000, 0x0000, 0x0000, 0x0000,   // 0x0200 (512) pixels
0x0000, 0x0000, 0x0000, 0x0000, 0x0000, 0x0000, 0x0000, 0x0000, 0x0000, 0x0000, 0x0000, 0x0000, 0x0000, 0x0000, 0x0000, 0x0000,   // 0x0210 (528) pixels
0x0000, 0x0000, 0x0000, 0x0000, 0x0000, 0x0000, 0x0000, 0x0000, 0x0000, 0x0000, 0x0000, 0x0000, 0x0000, 0x0000, 0x0000, 0x0000,   // 0x0220 (544) pixels
0x0000, 0x0000, 0x0000, 0x0000, 0x0000, 0x0000, 0x0000, 0x0000, 0x0000, 0x0000, 0x0000, 0x0000, 0x0000, 0x0000, 0x0000, 0x0000,   // 0x0230 (560) pixels
0x0000, 0x0000, 0x0000, 0x0000, 0x0000, 0x0000, 0x0000, 0x0000, 0x0000, 0x0000, 0x0000, 0x0000, 0x0000, 0x0000, 0x0000, 0x0000,   // 0x0240 (576) pixels
0x0000, 0x0000, 0x0000, 0x0000, 0x0000, 0x0000, 0x0000, 0x0000, 0x0000, 0x0000, 0x0000, 0x0000, 0x0000, 0x0000, 0x0000, 0x0000,   // 0x0250 (592) pixels
0x0000, 0x0000, 0x0000, 0x0000, 0x0000, 0x0000, 0x0000, 0x0000, 0x0000, 0x0000, 0x0000, 0x0000, 0x0000, 0x0000, 0x0000, 0x0000,   // 0x0260 (608) pixels
0x0000, 0x0000, 0x0000, 0x0000, 0x0000, 0x0000, 0x0000, 0x0000, 0x0000, 0x0000, 0x0000, 0x0000, 0x0000, 0x0000, 0x0000, 0x0000,   // 0x0270 (624) pixels
0x0000, 0x0000, 0x0000, 0x0000, 0x0000, 0x0000, 0x0000, 0x0000, 0x0000, 0x0000, 0x0000, 0x0000, 0x0000, 0x0000, 0x0000, 0x0000,   // 0x0280 (640) pixels
0x0000, 0x0000, 0x0000, 0x0000, 0x0000, 0x0000, 0x0000, 0x0000, 0x0000, 0x0000, 0x0000, 0x0000, 0x0000, 0x0000, 0x0000, 0x0000,   // 0x0290 (656) pixels
0x0000, 0x0000, 0x0000, 0x0000, 0x0000, 0x0000, 0x0000, 0x0000, 0x0000, 0x0000, 0x0000, 0x0000, 0x0000, 0x0000, 0x0000, 0x0000,   // 0x02A0 (672) pixels
0x0000, 0x0000, 0x0000, 0x0000, 0x0000, 0x0000, 0x0000, 0x0000, 0x0000, 0x0000, 0x0000, 0x0000, 0x0000, 0x0000, 0x0000, 0x0000,   // 0x02B0 (688) pixels
0x0000, 0x0000, 0x0000, 0x0000, 0x0000, 0x0000, 0x0000, 0x0000, 0x0000, 0x0000, 0x0000, 0x0000, 0x0000, 0x0000, 0x0000, 0x0000,   // 0x02C0 (704) pixels
0x0000, 0x0000, 0x0000, 0x0000, 0x0000, 0x0000, 0x0000, 0x0000, 0x0000, 0x0000, 0x0000, 0x0000, 0x0000, 0x0000, 0x0000, 0x0000,   // 0x02D0 (720) pixels
0x0000, 0x0000, 0x0000, 0x0000, 0x0000, 0x0000, 0x0000, 0x0000, 0x0000, 0x0000, 0x0000, 0x0000, 0x0000, 0x0000, 0x0000, 0x0000,   // 0x02E0 (736) pixels
0x0000, 0x0000, 0x0000, 0x0000, 0x0000, 0x0000, 0x0000, 0x0000, 0x0000, 0x0000, 0x0000, 0x0000, 0x0000, 0x0000, 0x0000, 0x0000,   // 0x02F0 (752) pixels
0x0000, 0x0000, 0x0000, 0x0000, 0x0000, 0x0000, 0x0000, 0x0000, 0x0000, 0x0000, 0x0000, 0x0000, 0x0000, 0x0000, 0x0000, 0x0000,   // 0x0300 (768) pixels
0x0000, 0x0000, 0x0000, 0x0000, 0x0000, 0x0000, 0x0000, 0x0000, 0x0000, 0x0000, 0x0000, 0x0000, 0x0000, 0x0000, 0x0000, 0x0000,   // 0x0310 (784) pixels
0x0000, 0x0000, 0x0000, 0x0000, 0x0000, 0x0000, 0x0000, 0x0000, 0x0000, 0x0000, 0x0000, 0x0000, 0x0000, 0x0000, 0x0000, 0x0000,   // 0x0320 (800) pixels
0x0000, 0x0000, 0x0000, 0x0000, 0x0000, 0x0000, 0x0000, 0x0000, 0x0000, 0x0000, 0x0000, 0x0000, 0x0000, 0x0000, 0x0000, 0x0000,   // 0x0330 (816) pixels
0x0000, 0x0000, 0x0000, 0x0000, 0x0000, 0x0000, 0x0000, 0x0000, 0x0000, 0x0000, 0x0000, 0x0000, 0x0000, 0x0000, 0x0000, 0x0000,   // 0x0340 (832) pixels
0x0000, 0x0000, 0x0000, 0x0000, 0x0000, 0x0000, 0x0000, 0x0000, 0x0000, 0x0000, 0x0000, 0x0000, 0x0000, 0x0000, 0x0000, 0x0000,   // 0x0350 (848) pixels
0x0000, 0x0000, 0x0000, 0x0000, 0x0000, 0x0000, 0x0000, 0x0000, 0x0000, 0x0000, 0x0000, 0x0000, 0x0000, 0x0000, 0x0000, 0x0000,   // 0x0360 (864) pixels
0x0000, 0x0000, 0x0000, 0x0000, 0x0000, 0x0000, 0x0000, 0x0000, 0x0000, 0x0000, 0x0000, 0x0000, 0x0000, 0x0000, 0x0000, 0x0000,   // 0x0370 (880) pixels
0x0000, 0x0000, 0x0000, 0x0000, 0x0000, 0x0000, 0x0000, 0x0000, 0x0000, 0x0000, 0x0000, 0x0000, 0x0000, 0x0000, 0x0000, 0x0000,   // 0x0380 (896) pixels
0x0000, 0x0000, 0x0000, 0x0000, 0x0000, 0x0000, 0x0000, 0x0000, 0x0000, 0x0000, 0x0000, 0x0000, 0x0000, 0x0000, 0x0000, 0x0000,   // 0x0390 (912) pixels
0x0000, 0x0000, 0x0000, 0x0000, 0x0000, 0x0000, 0x0000, 0x0000, 0x0000, 0x0000, 0x0000, 0x0000, 0x0000, 0x0000, 0x0000, 0x0000,   // 0x03A0 (928) pixels
0x0000, 0x0000, 0x0000, 0x0000, 0x0000, 0x0000, 0x0000, 0x0000, 0x0000, 0x0000, 0x0000, 0x0000, 0x0000, 0x0000, 0x0000, 0x0000,   // 0x03B0 (944) pixels
0x0000, 0x0000, 0x0000, 0x0000, 0x0000, 0x0000, 0x0000, 0x0000, 0x0000, 0x0000, 0x0000, 0x0000, 0x0000, 0x0000, 0x0000, 0x0000,   // 0x03C0 (960) pixels
0x0000, 0x0000, 0x0000, 0x0000, 0x0000, 0x0000, 0x0000, 0x0000, 0x0000, 0x0000, 0x0000, 0x0000, 0x0000, 0x0000, 0x0000, 0x0000,   // 0x03D0 (976) pixels
0x0000, 0x0000, 0x0000, 0x0000, 0x0000, 0x0000, 0x0000, 0x0000, 0x0000, 0x0000, 0x0000, 0x0000, 0x0000, 0x0000, 0x0000, 0x0000,   // 0x03E0 (992) pixels
0x0000, 0x0000, 0x0000, 0x0000, 0x0000, 0x0000, 0x0000, 0x0000, 0x0000, 0x0000, 0x0000, 0x0000, 0x0000, 0x0000, 0x0000, 0x0000,   // 0x03F0 (1008) pixels
0x0000, 0x0000, 0x0000, 0x0000, 0x0000, 0x0000, 0x0000, 0x0000, 0x0000, 0x0000, 0x0000, 0x0000, 0x0000, 0x0000, 0x0000, 0x0000,   // 0x0400 (1024) pixels
0x0000, 0x0000, 0x0000, 0x0000, 0x0000, 0x0000, 0x0000, 0x0000, 0x0000, 0x0000, 0x0000, 0x0000, 0x0000, 0x0000, 0x0000, 0x0000,   // 0x0410 (1040) pixels
0x0000, 0x0000, 0x0000, 0x0000, 0x0000, 0x0000, 0x0000, 0x0000, 0x0000, 0x0000, 0x0000, 0x0000, 0x0000, 0x0000, 0x0000, 0x0000,   // 0x0420 (1056) pixels
0x0000, 0x0000, 0x0000, 0x0000, 0x0000, 0x0000, 0x0000, 0x0000, 0x0000, 0x0000, 0x0000, 0x0000, 0x0000, 0x0000, 0x0000, 0x0000,   // 0x0430 (1072) pixels
0x0000, 0x0000, 0x0000, 0x0000, 0x0000, 0x0000, 0x0000, 0x0000, 0x0000, 0x0000, 0x0000, 0x0000, 0x0000, 0x0000, 0x0000, 0x0000,   // 0x0440 (1088) pixels
0x0000, 0x0000, 0x0000, 0x0000, 0x0000, 0x0000, 0x0000, 0x0000, 0x0000, 0x0000, 0x0000, 0x0000, 0x0000, 0x0000, 0x0000, 0x0000,   // 0x0450 (1104) pixels
0x0000, 0x0000, 0x0000, 0x0000, 0x0000, 0x0000, 0x0000, 0x0000, 0x0000, 0x0000, 0x0000, 0x0000, 0x0000, 0x0000, 0x0000, 0x0000,   // 0x0460 (1120) pixels
0x0000, 0x0000, 0x0000, 0x0000, 0x0000, 0x0000, 0x0000, 0x0000, 0x0000, 0x0000, 0x0000, 0x0000, 0x0000, 0x0000, 0x0000, 0x0000,   // 0x0470 (1136) pixels
0x0000, 0x0000, 0x0000, 0x0000, 0x0000, 0x0000, 0x0000, 0x0000, 0x0000, 0x0000, 0x0000, 0x0000, 0x0000, 0x0000, 0x0000, 0x0000,   // 0x0480 (1152) pixels
0x0000, 0x0000, 0x0000, 0x0000, 0x0000, 0x0000, 0x0000, 0x0000, 0x0000, 0x0000, 0x0000, 0x0000, 0x0000, 0x0000, 0x0000, 0x0000,   // 0x0490 (1168) pixels
0x0000, 0x0000, 0x0000, 0x0000, 0x0000, 0x0000, 0x0000, 0x0000, 0x0000, 0x0000, 0x0000, 0x0000, 0x0000, 0x0000, 0x0000, 0x0000,   // 0x04A0 (1184) pixels
0x0000, 0x0000, 0x0000, 0x0000, 0x0000, 0x0000, 0x0000, 0x0000, 0x0000, 0x0000, 0x0000, 0x0000, 0x0000, 0x0000, 0x0000, 0x0000,   // 0x04B0 (1200) pixels
0x1063, 0x28A6, 0x2086, 0x2085, 0x2085, 0x2065, 0x0000, 0x0000, 0x0000, 0x0000, 0x0000, 0x0000, 0x0000, 0x0000, 0x0000, 0x0000,   // 0x04C0 (1216) pixels
0x0000, 0x0000, 0x0000, 0x0000, 0x0000, 0x0000, 0x0000, 0x0000, 0x0000, 0x0000, 0x0000, 0x0000, 0x0000, 0x0000, 0x0000, 0x0000,   // 0x04D0 (1232) pixels
0x0000, 0x0000, 0x0000, 0x0000, 0x0000, 0x0000, 0x0000, 0x0000, 0x0000, 0x0000, 0x0000, 0x0000, 0x0000, 0x0000, 0x0000, 0x0000,   // 0x04E0 (1248) pixels
0x0000, 0x0000, 0x0000, 0x0000, 0x0000, 0x0000, 0x0000, 0x0000, 0x0000, 0x0000, 0x0000, 0x0000, 0x0000, 0x0000, 0x0000, 0x0000,   // 0x04F0 (1264) pixels
0x0000, 0x0000, 0x0000, 0x0000, 0x0000, 0x0000, 0x0000, 0x0000, 0x0000, 0x0000, 0x0000, 0x0000, 0x0000, 0x0000, 0x0000, 0x0000,   // 0x0500 (1280) pixels
0x0000, 0x0000, 0x0000, 0x0000, 0x0000, 0x0000, 0x0000, 0x0000, 0x0000, 0x0000, 0x0000, 0x0000, 0x0000, 0x0000, 0x0000, 0x0000,   // 0x0510 (1296) pixels
0x0000, 0x0000, 0x0000, 0x0000, 0x0000, 0x0000, 0x0000, 0x0000, 0x0000, 0x0000, 0x0000, 0x0000, 0x0000, 0x0000, 0x0000, 0x0000,   // 0x0520 (1312) pixels
0x0000, 0x0000, 0x0000, 0x0000, 0x0000, 0x0000, 0x0000, 0x0000, 0x0000, 0x0000, 0x0000, 0x0000, 0x0000, 0x0000, 0x9236, 0xA279,   // 0x0530 (1328) pixels
0xA278, 0x9A58, 0x9A58, 0x9237, 0x9217, 0x89F6, 0x89F6, 0x0000, 0x0000, 0x0000, 0x0000, 0x0000, 0x0000, 0x0000, 0x0000, 0x0000,   // 0x0540 (1344) pixels
0x0000, 0x0000, 0x0000, 0x0000, 0x0000, 0x0000, 0x0000, 0x0000, 0x0000, 0x0000, 0x0000, 0x0000, 0x0000, 0x0000, 0x0000, 0x0000,   // 0x0550 (1360) pixels
0x0000, 0x0000, 0x0000, 0x0000, 0x0000, 0x0000, 0x0000, 0x0000, 0x0000, 0x0000, 0x0000, 0x0000, 0x0000, 0x0000, 0x0000, 0x0000,   // 0x0560 (1376) pixels
0x0000, 0x0000, 0x0000, 0x0000, 0x0000, 0x0000, 0x0000, 0x0000, 0x0000, 0x0000, 0x0000, 0x0000, 0x0000, 0x0000, 0x0000, 0x0000,   // 0x0570 (1392) pixels
0x0000, 0x0000, 0x0000, 0x0000, 0x0000, 0x0000, 0x0000, 0x0000, 0x0000, 0x0000, 0x0000, 0x0000, 0x0000, 0x0000, 0x0000, 0x0000,   // 0x0580 (1408) pixels
0x0000, 0x0000, 0x0000, 0x0000, 0x0000, 0x0000, 0x0000, 0x0000, 0x0000, 0x0000, 0x0000, 0x0000, 0x0000, 0x0000, 0x0000, 0x0000,   // 0x0590 (1424) pixels
0x0000, 0x0000, 0x0000, 0x0000, 0x0000, 0x0000, 0x0000, 0x0000, 0x0000, 0x0000, 0x0000, 0x0000, 0x0000, 0x0000, 0x0000, 0x0000,   // 0x05A0 (1440) pixels
0x0000, 0x0000, 0x0000, 0x0000, 0x0000, 0x0000, 0x0000, 0x0000, 0x0000, 0x0000, 0x0000, 0x0000, 0xB29A, 0xB29A, 0xAA7A, 0xAA79,   // 0x05B0 (1456) pixels
0xA279, 0xA258, 0x9A58, 0x9A37, 0x9217, 0x89F6, 0x89F6, 0x81D5, 0x81D5, 0x79B5, 0x79B4, 0x0000, 0x0000, 0x0000, 0x0000, 0x0000,   // 0x05C0 (1472) pixels
0x0000, 0x0000, 0x0000, 0x0000, 0x0000, 0x0000, 0x0000, 0x0000, 0x0000, 0x0000, 0x0000, 0x0000, 0x0000, 0x0000, 0x0000, 0x0000,   // 0x05D0 (1488) pixels
0x0000, 0x0000, 0x0000, 0x0000, 0x0000, 0x0000, 0x0000, 0x0000, 0x0000, 0x0000, 0x0000, 0x0000, 0x0000, 0x0000, 0x0000, 0x0000,   // 0x05E0 (1504) pixels
0x0000, 0x0000, 0x0000, 0x0000, 0x0000, 0x0000, 0x0000, 0x0000, 0x0000, 0x0000, 0x0000, 0x0000, 0x0000, 0x0000, 0x0000, 0x0000,   // 0x05F0 (1520) pixels
0x0000, 0x0000, 0x0000, 0x0000, 0x0000, 0x0000, 0x0000, 0x0000, 0x0000, 0x0000, 0x0000, 0x0000, 0x0000, 0x0000, 0x0000, 0x0000,   // 0x0600 (1536) pixels
0x0000, 0x0000, 0x0000, 0x0000, 0x0000, 0x0000, 0x0000, 0x0000, 0x0000, 0x0000, 0x0000, 0x0000, 0x0000, 0x0000, 0x0000, 0x0000,   // 0x0610 (1552) pixels
0x0000, 0x0000, 0x0000, 0x0000, 0x0000, 0x0000, 0x0000, 0x0000, 0x0000, 0x0000, 0x0000, 0x0000, 0x0000, 0x0000, 0x0000, 0x0000,   // 0x0620 (1568) pixels
0x0000, 0x0000, 0x0000, 0x0000, 0x0000, 0x0000, 0x0000, 0x0000, 0x0000, 0x0000, 0x0000, 0xBABB, 0xB29A, 0xB29A, 0xAA9A, 0xAA79,   // 0x0630 (1584) pixels
0xA279, 0xA258, 0x9A38, 0x9A37, 0x9217, 0x89F6, 0x89F6, 0x81D5, 0x81D5, 0x79B5, 0x71B4, 0x7194, 0x6993, 0x6973, 0x6172, 0x6152,   // 0x0640 (1600) pixels
0x5952, 0x0000, 0x0000, 0x0000, 0x0000, 0x0000, 0x0000, 0x0000, 0x0000, 0x0000, 0x0000, 0x0000, 0x0000, 0x0000, 0x0000, 0x0000,   // 0x0650 (1616) pixels
0x0000, 0x0000, 0x0000, 0x0000, 0x0000, 0x0000, 0x0000, 0x0000, 0x0000, 0x0000, 0x0000, 0x0000, 0x0000, 0x0000, 0x0000, 0x0000,   // 0x0660 (1632) pixels
0x0000, 0x0000, 0x0000, 0x0000, 0x0000, 0x0000, 0x0000, 0x0000, 0x0000, 0x0000, 0x0000, 0x0000, 0x0000, 0x0000, 0x0000, 0x0000,   // 0x0670 (1648) pixels
0x0000, 0x0000, 0x0000, 0x0000, 0x0000, 0x0000, 0x0000, 0x0000, 0x0000, 0x0000, 0x0000, 0x0000, 0x0000, 0x0000, 0x0000, 0x0000,   // 0x0680 (1664) pixels
0x0000, 0x0000, 0x0000, 0x0000, 0x0000, 0x0000, 0x0000, 0x0000, 0x0000, 0x0000, 0x0000, 0x0000, 0x0000, 0x0000, 0x0000, 0x0000,   // 0x0690 (1680) pixels
0x0000, 0x0000, 0x0000, 0x0000, 0x0000, 0x0000, 0x0000, 0x0000, 0x0000, 0x0000, 0x0000, 0x0000, 0x0000, 0x0000, 0x0000, 0x0000,   // 0x06A0 (1696) pixels
0x0000, 0x0000, 0x0000, 0x0000, 0x0000, 0x0000, 0x0000, 0x0000, 0xC2DC, 0xC2BC, 0xBABB, 0xBABB, 0xB29B, 0xB29A, 0xB29A, 0xAA99,   // 0x06B0 (1712) pixels
0xAA79, 0xA279, 0xA258, 0x9A58, 0x9A37, 0x9217, 0x89F6, 0x89F6, 0x81D5, 0x81D5, 0x79B4, 0x7194, 0x7193, 0x6973, 0x6972, 0x6152,   // 0x06C0 (1728) pixels
0x5951, 0x5931, 0x5131, 0x5110, 0x4910, 0x0000, 0x0000, 0x0000, 0x0000, 0x0000, 0x0000, 0x0000, 0x0000, 0x0000, 0x0000, 0x0000,   // 0x06D0 (1744) pixels
0x0000, 0x0000, 0x0000, 0x0000, 0x0000, 0x0000, 0x0000, 0x0000, 0x0000, 0x0000, 0x0000, 0x0000, 0x0000, 0x0000, 0x0000, 0x0000,   // 0x06E0 (1760) pixels
0x0000, 0x0000, 0x0000, 0x0000, 0x0000, 0x0000, 0x0000, 0x0000, 0x0000, 0x0000, 0x0000, 0x0000, 0x0000, 0x0000, 0x0000, 0x0000,   // 0x06F0 (1776) pixels
0x0000, 0x0000, 0x0000, 0x0000, 0x0000, 0x0000, 0x0000, 0x0000, 0x0000, 0x0000, 0x0000, 0x0000, 0x0000, 0x0000, 0x0000, 0x0000,   // 0x0700 (1792) pixels
0x0000, 0x0000, 0x0000, 0x0000, 0x0000, 0x0000, 0x0000, 0x0000, 0x0000, 0x0000, 0x0000, 0x0000, 0x0000, 0x0000, 0x0000, 0x0000,   // 0x0710 (1808) pixels
0x0000, 0x0000, 0x0000, 0x0000, 0x0000, 0x0000, 0x0000, 0x0000, 0x0000, 0x0000, 0x0000, 0x0000, 0x0000, 0x0000, 0x0000, 0x0000,   // 0x0720 (1824) pixels
0x0000, 0x0000, 0x0000, 0x0000, 0x0000, 0xD2FE, 0xD2FD, 0xCADD, 0xCADC, 0xC2DC, 0xC2BC, 0xBABB, 0xBABB, 0xBABB, 0xB2BA, 0xB2BA,   // 0x0730 (1840) pixels
0xAA9A, 0xAA99, 0xA279, 0xA258, 0x9A38, 0x9A37, 0x9217, 0x89F6, 0x89F6, 0x81D5, 0x79B5, 0x79B4, 0x7194, 0x7193, 0x6973, 0x6172,   // 0x0740 (1856) pixels
0x6152, 0x5931, 0x5131, 0x5110, 0x4910, 0x4910, 0x5151, 0x0000, 0x0000, 0x0000, 0x0000, 0x0000, 0x0000, 0x0000, 0x0000, 0x0000,   // 0x0750 (1872) pixels
0x0000, 0x0000, 0x0000, 0x0000, 0x0000, 0x0000, 0x0000, 0x0000, 0x0000, 0x0000, 0x0000, 0x0000, 0x0000, 0x0000, 0x0000, 0x0000,   // 0x0760 (1888) pixels
0x0000, 0x0000, 0x0000, 0x0000, 0x0000, 0x0000, 0x0000, 0x0000, 0x0000, 0x0000, 0x0000, 0x0000, 0x0000, 0x0000, 0x0000, 0x0000,   // 0x0770 (1904) pixels
0x0000, 0x0000, 0x0000, 0x0000, 0x0000, 0x0000, 0x0000, 0x0000, 0x0000, 0x0000, 0x0000, 0x0000, 0x0000, 0x0000, 0x0000, 0x0000,   // 0x0780 (1920) pixels
0x0000, 0x0000, 0x0000, 0x0000, 0x0000, 0x0000, 0x0000, 0x0000, 0x0000, 0x0000, 0x0000, 0x0000, 0x0000, 0x0000, 0x0000, 0x0000,   // 0x0790 (1936) pixels
0x0000, 0x0000, 0x0000, 0x0000, 0x0000, 0x0000, 0x0000, 0x0000, 0x0000, 0x0000, 0x0000, 0x0000, 0x0000, 0x0000, 0x0000, 0x0000,   // 0x07A0 (1952) pixels
0x0000, 0x0000, 0x0000, 0xDB1F, 0xDB1E, 0xD2FE, 0xD2FD, 0xD2FD, 0xCAFD, 0xCAFD, 0xCADC, 0xC2DC, 0xC2DC, 0xBADB, 0xBADB, 0xBADB,   // 0x07B0 (1968) pixels
0xB2BA, 0xB2BA, 0xAA99, 0xA279, 0xA258, 0x9A38, 0x9217, 0x9217, 0x89F6, 0x89D6, 0x81D5, 0x79B5, 0x79B4, 0x7194, 0x6993, 0x6973,   // 0x07C0 (1984) pixels
0x6152, 0x6152, 0x5931, 0x5131, 0x5131, 0x4930, 0x490F, 0x40EF, 0x5192, 0x6A96, 0x0000, 0x0000, 0x0000, 0x0000, 0x0000, 0x0000,   // 0x07D0 (2000) pixels
0x0000, 0x0000, 0x0000, 0x0000, 0x0000, 0x0000, 0x0000, 0x0000, 0x0000, 0x0000, 0x0000, 0x0000, 0x0000, 0x0000, 0x0000, 0x0000,   // 0x07E0 (2016) pixels
0x0000, 0x0000, 0x0000, 0x0000, 0x0000, 0x0000, 0x0000, 0x0000, 0x0000, 0x0000, 0x0000, 0x0000, 0x0000, 0x0000, 0x0000, 0x0000,   // 0x07F0 (2032) pixels
0x0000, 0x0000, 0x0000, 0x0000, 0x0000, 0x0000, 0x0000, 0x0000, 0x0000, 0x0000, 0x0000, 0x0000, 0x0000, 0x0000, 0x0000, 0x0000,   // 0x0800 (2048) pixels
0x0000, 0x0000, 0x0000, 0x0000, 0x0000, 0x0000, 0x0000, 0x0000, 0x0000, 0x0000, 0x0000, 0x0000, 0x0000, 0x0000, 0x0000, 0x0000,   // 0x0810 (2064) pixels
0x0000, 0x0000, 0x0000, 0x0000, 0x0000, 0x0000, 0x0000, 0x0000, 0x0000, 0x0000, 0x0000, 0x0000, 0x0000, 0x0000, 0x0000, 0x0000,   // 0x0820 (2080) pixels
0x0000, 0xE35F, 0xE33F, 0xE31F, 0xDB1F, 0xDB1E, 0xDB1E, 0xD31E, 0xD31D, 0xD31D, 0xCB1D, 0xCB1D, 0xCB1C, 0xC31C, 0xC2FC, 0xBAFB,   // 0x0830 (2096) pixels
0xBADB, 0xB2BA, 0xB2BA, 0xAA79, 0xA279, 0xA258, 0x9A38, 0x9217, 0x91F7, 0x89F6, 0x81D6, 0x81F6, 0x8A16, 0x8A37, 0x9238, 0x9A59,   // 0x0840 (2112) pixels
0x9A79, 0x9A7A, 0x9A9A, 0x9A9A, 0x92BA, 0x8AB9, 0x8AD9, 0x82F9, 0x7AF8, 0x72F8, 0x72F7, 0x6B17, 0x6317, 0x6316, 0x5B36, 0x5B36,   // 0x0850 (2128) pixels
0x0000, 0x0000, 0x0000, 0x0000, 0x0000, 0x0000, 0x0000, 0x0000, 0x0000, 0x0000, 0x0000, 0x0000, 0x0000, 0x0000, 0x0000, 0x0000,   // 0x0860 (2144) pixels
0x0000, 0x0000, 0x0000, 0x0000, 0x0000, 0x0000, 0x0000, 0x0000, 0x0000, 0x0000, 0x0000, 0x0000, 0x0000, 0x0000, 0x0000, 0x0000,   // 0x0870 (2160) pixels
0x0000, 0x0000, 0x0000, 0x0000, 0x0000, 0x0000, 0x0000, 0x0000, 0x0000, 0x0000, 0x0000, 0x0000, 0x0000, 0x0000, 0x0000, 0x0000,   // 0x0880 (2176) pixels
0x0000, 0x0000, 0x0000, 0x0000, 0x0000, 0x0000, 0x0000, 0x0000, 0x0000, 0x0000, 0x0000, 0x0000, 0x0000, 0x0000, 0x0000, 0x0000,   // 0x0890 (2192) pixels
0x0000, 0x0000, 0x0000, 0x0000, 0x0000, 0x0000, 0x0000, 0x0000, 0x0000, 0x0000, 0x0000, 0x0000, 0x0000, 0x0000, 0x0000, 0xE39F,   // 0x08A0 (2208) pixels
0xE37F, 0xE35F, 0xE35F, 0xE33F, 0xE33F, 0xE33F, 0xDB3F, 0xDB3E, 0xDB3E, 0xD33E, 0xD33D, 0xD33D, 0xCB3D, 0xCB3C, 0xC33C, 0xC31C,   // 0x08B0 (2224) pixels
0xBAFB, 0xBADB, 0xB2BA, 0xAA9A, 0xAA79, 0xA259, 0x9A38, 0x9A58, 0xA299, 0xAAF9, 0xB31B, 0xB31B, 0xB2FB, 0xAADB, 0xAABB, 0xA29B,   // 0x08C0 (2240) pixels
0xA29A, 0x9A9A, 0x9A9A, 0x9299, 0x8AB9, 0x8AB9, 0x82D9, 0x82F9, 0x7AF8, 0x7318, 0x7338, 0x6B38, 0x6B58, 0x6357, 0x6377, 0x5B77,   // 0x08D0 (2256) pixels
0x5356, 0x5376, 0x4B75, 0x4B75, 0x0000, 0x0000, 0x0000, 0x0000, 0x0000, 0x0000, 0x0000, 0x0000, 0x0000, 0x0000, 0x0000, 0x0000,   // 0x08E0 (2272) pixels
0x0000, 0x0000, 0x0000, 0x0000, 0x0000, 0x0000, 0x0000, 0x0000, 0x0000, 0x0000, 0x0000, 0x0000, 0x0000, 0x0000, 0x0000, 0x0000,   // 0x08F0 (2288) pixels
0x0000, 0x0000, 0x0000, 0x0000, 0x0000, 0x0000, 0x0000, 0x0000, 0x0000, 0x0000, 0x0000, 0x0000, 0x0000, 0x0000, 0x0000, 0x0000,   // 0x0900 (2304) pixels
0x0000, 0x0000, 0x0000, 0x0000, 0x0000, 0x0000, 0x0000, 0x0000, 0x0000, 0x0000, 0x0000, 0x0000, 0x0000, 0x0000, 0x0000, 0x0000,   // 0x0910 (2320) pixels
0x0000, 0x0000, 0x0000, 0x0000, 0x0000, 0x0000, 0x0000, 0x0000, 0x0000, 0x0000, 0x0000, 0x0000, 0x0000, 0xEBDF, 0xEBBF, 0xEB9F,   // 0x0920 (2336) pixels
0xE39F, 0xE39F, 0xE37F, 0xE37F, 0xE35F, 0xE35F, 0xE35F, 0xE35F, 0xDB5F, 0xDB5E, 0xDB7E, 0xD37E, 0xD37D, 0xD35D, 0xCB5D, 0xCB3C,   // 0x0930 (2352) pixels
0xC31C, 0xBADB, 0xBABB, 0xB29A, 0xAABA, 0xB33A, 0xBBBB, 0xC3DC, 0xBB9C, 0xBB7C, 0xB33B, 0xB31B, 0xAADB, 0xAABA, 0xA29A, 0x9A9A,   // 0x0940 (2368) pixels
0x9A79, 0x9279, 0x8A99, 0x8A99, 0x8298, 0x82B8, 0x7AB8, 0x7AD8, 0x72F8, 0x72F7, 0x6B17, 0x6B37, 0x6337, 0x6357, 0x5B57, 0x5B77,   // 0x0950 (2384) pixels
0x5B76, 0x5396, 0x5396, 0x4B95, 0x4375, 0x4374, 0x4394, 0x0000, 0x0000, 0x0000, 0x0000, 0x0000, 0x0000, 0x0000, 0x0000, 0x0000,   // 0x0960 (2400) pixels
0x0000, 0x0000, 0x0000, 0x0000, 0x0000, 0x0000, 0x0000, 0x0000, 0x0000, 0x0000, 0x0000, 0x0000, 0x0000, 0x0000, 0x0000, 0x0000,   // 0x0970 (2416) pixels
0x0000, 0x0000, 0x0000, 0x0000, 0x0000, 0x0000, 0x0000, 0x0000, 0x0000, 0x0000, 0x0000, 0x0000, 0x0000, 0x0000, 0x0000, 0x0000,   // 0x0980 (2432) pixels
0x0000, 0x0000, 0x0000, 0x0000, 0x0000, 0x0000, 0x0000, 0x0000, 0x0000, 0x0000, 0x0000, 0x0000, 0x0000, 0x0000, 0x0000, 0x0000,   // 0x0990 (2448) pixels
0x0000, 0x0000, 0x0000, 0x0000, 0x0000, 0x0000, 0x0000, 0x0000, 0x0000, 0x0000, 0x0000, 0x0000, 0xEBFF, 0xEBDF, 0xEBDF, 0xEBDF,   // 0x09A0 (2464) pixels
0xEBBF, 0xEBBF, 0xEB9F, 0xE39F, 0xE39F, 0xE39F, 0xE37F, 0xE37F, 0xE39F, 0xE39F, 0xDB9E, 0xDB9E, 0xDB9E, 0xD37D, 0xD35D, 0xCB3D,   // 0x09B0 (2480) pixels
0xC31C, 0xBAFB, 0xBB9B, 0xC41C, 0xCC5C, 0xC43C, 0xC3FC, 0xBBBC, 0xB37B, 0xB35B, 0xAB1B, 0xAAFA, 0xA2BA, 0x9A99, 0x9279, 0x9279,   // 0x09C0 (2496) pixels
0x8A78, 0x8A78, 0x8278, 0x7A77, 0x7A77, 0x7297, 0x7297, 0x6AB6, 0x6AB6, 0x62D6, 0x62F6, 0x62F6, 0x5B16, 0x5B36, 0x5B36, 0x5356,   // 0x09D0 (2512) pixels
0x5376, 0x5376, 0x4B96, 0x4B95, 0x4BB5, 0x43B5, 0x43B5, 0x3B94, 0x3B94, 0x0000, 0x0000, 0x0000, 0x0000, 0x0000, 0x0000, 0x0000,   // 0x09E0 (2528) pixels
0x0000, 0x0000, 0x0000, 0x0000, 0x0000, 0x0000, 0x0000, 0x0000, 0x0000, 0x0000, 0x0000, 0x0000, 0x0000, 0x0000, 0x0000, 0x0000,   // 0x09F0 (2544) pixels
0x0000, 0x0000, 0x0000, 0x0000, 0x0000, 0x0000, 0x0000, 0x0000, 0x0000, 0x0000, 0x0000, 0x0000, 0x0000, 0x0000, 0x0000, 0x0000,   // 0x0A00 (2560) pixels
0x0000, 0x0000, 0x0000, 0x0000, 0x0000, 0x0000, 0x0000, 0x0000, 0x0000, 0x0000, 0x0000, 0x0000, 0x0000, 0x0000, 0x0000, 0x0000,   // 0x0A10 (2576) pixels
0x0000, 0x0000, 0x0000, 0x0000, 0x0000, 0x0000, 0x0000, 0xFF3F, 0x0000, 0x0000, 0x0000, 0xEC3F, 0xEC1F, 0xEC1F, 0xEBFF, 0xEBFF,   // 0x0A20 (2592) pixels
0xEBFF, 0xEBDF, 0xEBDF, 0xEBDF, 0xEBDF, 0xEBBF, 0xEBBF, 0xEBDF, 0xEBDF, 0xE3DF, 0xE3DF, 0xE3BF, 0xDBBE, 0xDB9E, 0xD37D, 0xCB5D,   // 0x0A30 (2608) pixels
0xCC1C, 0xCCDD, 0xCCDD, 0xCC9C, 0xC43C, 0xBBFC, 0xBBDB, 0xB39B, 0xAB5A, 0xA31A, 0x9AF9, 0x9AD9, 0x9298, 0x8A78, 0x8277, 0x8257,   // 0x0A40 (2624) pixels
0x7A57, 0x7256, 0x7256, 0x6A56, 0x6A55, 0x6275, 0x6275, 0x6275, 0x5A95, 0x5A95, 0x5AB5, 0x52B5, 0x52D5, 0x52F5, 0x52F5, 0x5315,   // 0x0A50 (2640) pixels
0x4B35, 0x4B55, 0x4B75, 0x4375, 0x4395, 0x4395, 0x43B5, 0x43B5, 0x3BB5, 0x3B94, 0x3B94, 0x0000, 0x0000, 0x0000, 0x0000, 0x0000,   // 0x0A60 (2656) pixels
0x0000, 0x0000, 0x0000, 0x0000, 0x0000, 0x0000, 0x0000, 0x0000, 0x0000, 0x0000, 0x0000, 0x0000, 0x0000, 0x0000, 0x0000, 0x0000,   // 0x0A70 (2672) pixels
0x0000, 0x0000, 0x0000, 0x0000, 0x0000, 0x0000, 0x0000, 0x0000, 0x0000, 0x0000, 0x0000, 0x0000, 0x0000, 0x0000, 0x0000, 0x0000,   // 0x0A80 (2688) pixels
0x0000, 0x0000, 0x0000, 0x0000, 0x0000, 0x0000, 0x0000, 0x0000, 0x0000, 0x0000, 0x0000, 0x0000, 0x0000, 0x0000, 0x0000, 0x0000,   // 0x0A90 (2704) pixels
0x0000, 0x0000, 0x0000, 0x0000, 0x0000, 0x0000, 0xFF9F, 0xF69F, 0xF5DF, 0xED1F, 0xEC5F, 0xEC5F, 0xEC3F, 0xEC3F, 0xEC3F, 0xEC1F,   // 0x0AA0 (2720) pixels
0xEC1F, 0xEC1F, 0xEC1F, 0xEC1F, 0xEBFF, 0xEC1F, 0xEC1F, 0xEC1F, 0xEC1F, 0xEC1F, 0xEBFF, 0xE3DF, 0xE3BF, 0xDBBE, 0xD47D, 0xD53D,   // 0x0AB0 (2736) pixels
0xD53D, 0xCCFD, 0xCC9C, 0xC45C, 0xBC1B, 0xB3DB, 0xAB9A, 0xA35A, 0x9B39, 0x92F8, 0x8AD8, 0x8297, 0x8277, 0x7A56, 0x7256, 0x6A35,   // 0x0AC0 (2752) pixels
0x6A35, 0x6235, 0x6234, 0x5A34, 0x5A34, 0x5233, 0x5233, 0x5253, 0x4A53, 0x4A53, 0x4A73, 0x4A73, 0x4A93, 0x4A93, 0x4AB3, 0x42D3,   // 0x0AD0 (2768) pixels
0x42F3, 0x4314, 0x4314, 0x4334, 0x4354, 0x4374, 0x3B94, 0x3B94, 0x3BB5, 0x3BB5, 0x3BD5, 0x3B94, 0x3B94, 0x0000, 0x0000, 0x0000,   // 0x0AE0 (2784) pixels
0x0000, 0x0000, 0x0000, 0x0000, 0x0000, 0x0000, 0x0000, 0x0000, 0x0000, 0x0000, 0x0000, 0x0000, 0x0000, 0x0000, 0x0000, 0x0000,   // 0x0AF0 (2800) pixels
0x0000, 0x0000, 0x0000, 0x0000, 0x0000, 0x0000, 0x0000, 0x0000, 0x0000, 0x0000, 0x0000, 0x0000, 0x0000, 0x0000, 0x0000, 0x0000,   // 0x0B00 (2816) pixels
0x0000, 0x0000, 0x0000, 0x0000, 0x0000, 0x0000, 0x0000, 0x0000, 0x0000, 0x0000, 0x0000, 0x0000, 0x0000, 0x0000, 0x0000, 0x0000,   // 0x0B10 (2832) pixels
0x0000, 0x0000, 0x0000, 0x0000, 0x0000, 0x0000, 0xF6BF, 0xFFDF, 0xF65F, 0xEC9F, 0xEC7F, 0xEC7F, 0xEC7F, 0xEC7F, 0xEC5F, 0xEC5F,   // 0x0B20 (2848) pixels
0xEC5F, 0xEC5F, 0xEC3F, 0xEC5F, 0xEC5F, 0xEC5F, 0xEC5F, 0xEC5F, 0xEC5F, 0xEC3F, 0xEC1F, 0xEBFF, 0xDC9E, 0xDD9D, 0xDD9D, 0xD55D,   // 0x0B30 (2864) pixels
0xCCFD, 0xC4BC, 0xBC7B, 0xB41B, 0xABDA, 0xA39A, 0x9B79, 0x9338, 0x8AF8, 0x82D7, 0x7AB6, 0x7296, 0x6A75, 0x6255, 0x6234, 0x5A34,   // 0x0B40 (2880) pixels
0x5A13, 0x5213, 0x5213, 0x4A12, 0x4A12, 0x4A12, 0x4212, 0x4212, 0x4211, 0x4211, 0x4231, 0x3A31, 0x3A31, 0x3A51, 0x3A52, 0x3A72,   // 0x0B50 (2896) pixels
0x3A92, 0x3AB2, 0x3AD2, 0x3AF3, 0x3B13, 0x3B33, 0x3B53, 0x3B74, 0x3B94, 0x3B94, 0x3BB4, 0x3BB5, 0x3BB5, 0x3B94, 0x3B94, 0x0000,   // 0x0B60 (2912) pixels
0x0000, 0x0000, 0x0000, 0x0000, 0x0000, 0x0000, 0x0000, 0x0000, 0x0000, 0x0000, 0x0000, 0x0000, 0x0000, 0x0000, 0x0000, 0x0000,   // 0x0B70 (2928) pixels
0x0000, 0x0000, 0x0000, 0x0000, 0x0000, 0x0000, 0x0000, 0x0000, 0x0000, 0x0000, 0x0000, 0x0000, 0x0000, 0x0000, 0x0000, 0x0000,   // 0x0B80 (2944) pixels
0x0000, 0x0000, 0x0000, 0x0000, 0x0000, 0x0000, 0x0000, 0x0000, 0x0000, 0x0000, 0x0000, 0x0000, 0x0000, 0x0000, 0x0000, 0x0000,   // 0x0B90 (2960) pixels
0x0000, 0x0000, 0x0000, 0x0000, 0x0000, 0x0000, 0xF65F, 0xFF3F, 0xECFF, 0xECBF, 0xECBF, 0xEC9F, 0xEC9F, 0xEC9F, 0xEC9F, 0xEC9F,   // 0x0BA0 (2976) pixels
0xEC7F, 0xEC7F, 0xEC9F, 0xEC9F, 0xEC9F, 0xEC9F, 0xEC9F, 0xEC9F, 0xEC9F, 0xEC7F, 0xE49F, 0xDD9E, 0xE5FE, 0xDDBD, 0xD55D, 0xCD1C,   // 0x0BB0 (2992) pixels
0xC4BC, 0xBC7B, 0xAC3A, 0xA3DA, 0x9BB9, 0x9378, 0x8B38, 0x8317, 0x7AF6, 0x72B6, 0x6A95, 0x6275, 0x5A74, 0x5254, 0x5233, 0x4A33,   // 0x0BC0 (3008) pixels
0x4A32, 0x4212, 0x4212, 0x4211, 0x3A11, 0x39F1, 0x39F1, 0x39F0, 0x39F0, 0x31F0, 0x31F0, 0x31F0, 0x31F0, 0x3210, 0x3210, 0x3230,   // 0x0BD0 (3024) pixels
0x3230, 0x3251, 0x3271, 0x3291, 0x32B1, 0x32D2, 0x32F2, 0x3333, 0x3B53, 0x3B73, 0x3B94, 0x3B94, 0x3BB4, 0x3BB5, 0x3BB4, 0x3B94,   // 0x0BE0 (3040) pixels
0x0000, 0x0000, 0x0000, 0x0000, 0x0000, 0x0000, 0x0000, 0x0000, 0x0000, 0x0000, 0x0000, 0x0000, 0x0000, 0x0000, 0x0000, 0x0000,   // 0x0BF0 (3056) pixels
0x0000, 0x0000, 0x0000, 0x0000, 0x0000, 0x0000, 0x0000, 0x0000, 0x0000, 0x0000, 0x0000, 0x0000, 0x0000, 0x0000, 0x0000, 0x0000,   // 0x0C00 (3072) pixels
0x0000, 0x0000, 0x0000, 0x0000, 0x0000, 0x0000, 0x0000, 0x0000, 0x0000, 0x0000, 0x0000, 0x0000, 0x0000, 0x0000, 0x0000, 0x0000,   // 0x0C10 (3088) pixels
0x0000, 0x0000, 0x0000, 0x0000, 0x0000, 0x0000, 0xF59F, 0xF51F, 0xED1F, 0xECDF, 0xECDF, 0xECDF, 0xECDF, 0xECDF, 0xECBF, 0xECBF,   // 0x0C20 (3104) pixels
0xECBF, 0xECDF, 0xECDF, 0xECDF, 0xECDF, 0xECDF, 0xECDF, 0xECDF, 0xECBF, 0xE57E, 0xE65E, 0xE61E, 0xDDDD, 0xD57D, 0xCD1C, 0xBCDB,   // 0x0C30 (3120) pixels
0xB47B, 0xAC3A, 0x9BF9, 0x93B8, 0x8B78, 0x8357, 0x7316, 0x6AF6, 0x6AD5, 0x62B5, 0x5AB4, 0x5294, 0x5273, 0x4A73, 0x4A53, 0x4252,   // 0x0C40 (3136) pixels
0x4232, 0x3A32, 0x3A31, 0x3A11, 0x3211, 0x31F0, 0x31F0, 0x31F0, 0x31D0, 0x31CF, 0x29CF, 0x29CF, 0x29CF, 0x29CF, 0x29CF, 0x29CF,   // 0x0C50 (3152) pixels
0x29EF, 0x29EF, 0x2A0F, 0x2A30, 0x2A50, 0x3270, 0x3291, 0x32D1, 0x32F2, 0x3312, 0x3B53, 0x3B73, 0x3B94, 0x3B94, 0x3BB4, 0x3BB5,   // 0x0C60 (3168) pixels
0x3B94, 0x3B94, 0x0000, 0x0000, 0x0000, 0x0000, 0x0000, 0x0000, 0x0000, 0x0000, 0x0000, 0x0000, 0x0000, 0x0000, 0x0000, 0x0000,   // 0x0C70 (3184) pixels
0x0000, 0x0000, 0x0000, 0x0000, 0x0000, 0x0000, 0x0000, 0x0000, 0x0000, 0x0000, 0x0000, 0x0000, 0x0000, 0x0000, 0x0000, 0x0000,   // 0x0C80 (3200) pixels
0x0000, 0x0000, 0x0000, 0x0000, 0x0000, 0x0000, 0x0000, 0x0000, 0x0000, 0x0000, 0x0000, 0x0000, 0x0000, 0x0000, 0x0000, 0x0000,   // 0x0C90 (3216) pixels
0x0000, 0x0000, 0x0000, 0x0000, 0x0000, 0xED3F, 0xED1F, 0xF53F, 0xF53F, 0xED1F, 0xECFF, 0xECFF, 0xECFF, 0xECFF, 0xECFF, 0xECFF,   // 0x0CA0 (3232) pixels
0xECFF, 0xED1F, 0xED1F, 0xF51F, 0xF53F, 0xF53F, 0xF53F, 0xED1F, 0xE63E, 0xE69E, 0xE63E, 0xDDFD, 0xD59D, 0xC53C, 0xBCDB, 0xAC9A,   // 0x0CB0 (3248) pixels
0xA439, 0x9BF9, 0x8BB8, 0x8397, 0x7B57, 0x7336, 0x6B15, 0x6315, 0x5AF5, 0x5AD4, 0x52D4, 0x4AB3, 0x4AB3, 0x4293, 0x4273, 0x4272,   // 0x0CC0 (3264) pixels
0x3A52, 0x3A52, 0x3A31, 0x3231, 0x3211, 0x3210, 0x31F0, 0x29F0, 0x29CF, 0x29CF, 0x29CF, 0x29AF, 0x29AF, 0x29AE, 0x29AE, 0x29AE,   // 0x0CD0 (3280) pixels
0x29AE, 0x29AE, 0x29CE, 0x29CE, 0x29EF, 0x2A0F, 0x2A30, 0x2A70, 0x3291, 0x32D1, 0x32F2, 0x3332, 0x3B53, 0x3B74, 0x3B94, 0x3BB4,   // 0x0CE0 (3296) pixels
0x3BB4, 0x3BB4, 0x3B74, 0x0000, 0x0000, 0x0000, 0x0000, 0x0000, 0x0000, 0x0000, 0x0000, 0x0000, 0x0000, 0x0000, 0x0000, 0x0000,   // 0x0CF0 (3312) pixels
0x0000, 0x0000, 0x0000, 0x0000, 0x0000, 0x0000, 0x0000, 0x0000, 0x0000, 0x0000, 0x0000, 0x0000, 0x0000, 0x0000, 0x0000, 0x0000,   // 0x0D00 (3328) pixels
0x0000, 0x0000, 0x0000, 0x0000, 0x0000, 0x0000, 0x0000, 0x0000, 0x0000, 0x0000, 0x0000, 0x0000, 0x0000, 0x0000, 0xAD75, 0xDEFB,   // 0x0D10 (3344) pixels
0xFFFF, 0xFFBF, 0xF6BF, 0xF5FF, 0xF57F, 0xF51F, 0xF53F, 0xF57F, 0xF57F, 0xF53F, 0xF53F, 0xF53F, 0xF53F, 0xF53F, 0xF53F, 0xF53F,   // 0x0D20 (3360) pixels
0xF55F, 0xF55F, 0xF55F, 0xF57F, 0xF57F, 0xF57F, 0xEDBF, 0xEEBE, 0xEEBE, 0xE65E, 0xDDFD, 0xCD9C, 0xC53C, 0xB4DB, 0xAC9A, 0x9C59,   // 0x0D30 (3376) pixels
0x9418, 0x83D8, 0x7BB7, 0x7376, 0x6B76, 0x6355, 0x6335, 0x5B35, 0x5B15, 0x5314, 0x52F4, 0x4AF4, 0x4AD4, 0x42D3, 0x42B3, 0x42B3,   // 0x0D40 (3392) pixels
0x3A92, 0x3A72, 0x3A72, 0x3251, 0x3231, 0x3231, 0x3210, 0x29F0, 0x29F0, 0x29CF, 0x29CF, 0x29AF, 0x29AE, 0x29AE, 0x218E, 0x218E,   // 0x0D50 (3408) pixels
0x218E, 0x218E, 0x218E, 0x218E, 0x21AE, 0x21CE, 0x29EE, 0x2A0F, 0x2A2F, 0x2A70, 0x2A91, 0x32D1, 0x32F2, 0x3333, 0x3B53, 0x3B94,   // 0x0D60 (3424) pixels
0x3B94, 0x3BB4, 0x3BB5, 0x3B94, 0x3B94, 0x0000, 0x0000, 0x0000, 0x0000, 0x0000, 0x0000, 0x0000, 0x0000, 0x0000, 0x0000, 0x0000,   // 0x0D70 (3440) pixels
0x0000, 0x0000, 0x0000, 0x0000, 0x0000, 0x0000, 0x0000, 0x0000, 0x0000, 0x0000, 0x0000, 0x0000, 0x0000, 0x0000, 0x0000, 0x0000,   // 0x0D80 (3456) pixels
0x0000, 0x0000, 0x0000, 0x0000, 0x0000, 0x0000, 0x0000, 0x0000, 0x0000, 0x0000, 0x0000, 0x0000, 0x5AEB, 0xFFFF, 0xFFFF, 0xFFFF,   // 0x0D90 (3472) pixels
0xFFFF, 0xFF9F, 0xFEFF, 0xF61F, 0xF55F, 0xF55F, 0xF57F, 0xF5BF, 0xF5DF, 0xF59F, 0xF59F, 0xF57F, 0xF57F, 0xF57F, 0xF57F, 0xF59F,   // 0x0DA0 (3488) pixels
0xF59F, 0xF59F, 0xF5BF, 0xF5BF, 0xF5BF, 0xEE3E, 0xEEFE, 0xEEDE, 0xE67E, 0xDE1D, 0xCDBC, 0xC55B, 0xB4FB, 0xA49A, 0x9C59, 0x8C18,   // 0x0DB0 (3504) pixels
0x83F7, 0x7BD7, 0x73B6, 0x6B96, 0x6B96, 0x6376, 0x5B75, 0x5B75, 0x5B55, 0x5355, 0x5335, 0x4B34, 0x4B14, 0x4B14, 0x42F4, 0x42D3,   // 0x0DC0 (3520) pixels
0x42D3, 0x3AB3, 0x3A92, 0x3A72, 0x3272, 0x3251, 0x3231, 0x3230, 0x2A10, 0x29F0, 0x29EF, 0x29CF, 0x29AF, 0x21AE, 0x218E, 0x218E,   // 0x0DD0 (3536) pixels
0x218D, 0x216D, 0x216D, 0x216D, 0x216D, 0x218D, 0x218D, 0x21AE, 0x21CE, 0x2A0F, 0x2A2F, 0x2A70, 0x2AB1, 0x32D2, 0x3312, 0x3353,   // 0x0DE0 (3552) pixels
0x3B74, 0x3B94, 0x3BB4, 0x3BD4, 0x3B94, 0x3B94, 0x0000, 0x0000, 0x0000, 0x0000, 0x0000, 0x0000, 0x0000, 0x0000, 0x0000, 0x0000,   // 0x0DF0 (3568) pixels
0x0000, 0x0000, 0x0000, 0x0000, 0x0000, 0x0000, 0x0000, 0x0000, 0x0000, 0x0000, 0x0000, 0x0000, 0x0000, 0x0000, 0x0000, 0x0000,   // 0x0E00 (3584) pixels
0x0000, 0x0000, 0x0000, 0x0000, 0x0000, 0x0000, 0x0000, 0x0000, 0x0000, 0x0000, 0x0000, 0x39E7, 0xFFFF, 0xFFFF, 0xFFFF, 0xFFFF,   // 0x0E10 (3600) pixels
0xFFFF, 0xFFFF, 0xFFDF, 0xF5BF, 0xF5BF, 0xF5DF, 0xF5FF, 0xF61F, 0xF61F, 0xF5FF, 0xF5DF, 0xF5FF, 0xF5FF, 0xF5FF, 0xF5DF, 0xF5DF,   // 0x0E20 (3616) pixels
0xF5DF, 0xF5FF, 0xF5FF, 0xF5FF, 0xEE7E, 0xF73F, 0xEEDE, 0xE69E, 0xDE3D, 0xCDDC, 0xC55B, 0xB4FA, 0xA4BA, 0x9C79, 0x8C38, 0x83F7,   // 0x0E30 (3632) pixels
0x7BF7, 0x73D7, 0x6BD6, 0x6BD6, 0x6BB6, 0x63B6, 0x63B6, 0x63B6, 0x5BB6, 0x5B96, 0x5B95, 0x5375, 0x5375, 0x4B55, 0x4B34, 0x4B34,   // 0x0E40 (3648) pixels
0x4314, 0x42F4, 0x3AD3, 0x3AB3, 0x3A92, 0x3272, 0x3272, 0x3251, 0x2A31, 0x2A10, 0x29F0, 0x29EF, 0x29CF, 0x29AF, 0x21AE, 0x218E,   // 0x0E50 (3664) pixels
0x218E, 0x216D, 0x216D, 0x216D, 0x216D, 0x216D, 0x216D, 0x216D, 0x218D, 0x21AD, 0x21CE, 0x2A0F, 0x2A4F, 0x2A70, 0x32D1, 0x3312,   // 0x0E60 (3680) pixels
0x3333, 0x3B73, 0x3B94, 0x3BB4, 0x3BB5, 0x3B94, 0x3B94, 0x0000, 0x0000, 0x0000, 0x0000, 0x0000, 0x0000, 0x0000, 0x0000, 0x0000,   // 0x0E70 (3696) pixels
0x0000, 0x0000, 0x0000, 0x0000, 0x0000, 0x0000, 0x0000, 0x0000, 0x0000, 0x0000, 0x0000, 0x0000, 0x0000, 0x0000, 0x0000, 0x0000,   // 0x0E80 (3712) pixels
0x0000, 0x0000, 0x0000, 0x0000, 0x0000, 0x0000, 0x0000, 0x0000, 0x0000, 0x0000, 0x0000, 0xCE79, 0xFFFF, 0xFFFF, 0xFFFF, 0xFFFF,   // 0x0E90 (3728) pixels
0xFFFF, 0xFFFF, 0xF67F, 0xF5FF, 0xF5FF, 0xF5DF, 0xF5DF, 0xF61F, 0xF61F, 0xF5FF, 0xF5DF, 0xF5DF, 0xF5FF, 0xF61F, 0xF65F, 0xF63F,   // 0x0EA0 (3744) pixels
0xF63F, 0xF63F, 0xF63F, 0xEEDE, 0xF75F, 0xEEFE, 0xE6BE, 0xDE5D, 0xCDDC, 0xBD7B, 0xB51A, 0xA4B9, 0x9479, 0x8C58, 0x8418, 0x7C17,   // 0x0EB0 (3760) pixels
0x7417, 0x7417, 0x7417, 0x6C17, 0x6C17, 0x6C17, 0x6C17, 0x6417, 0x63F7, 0x63F6, 0x63F6, 0x5BD6, 0x5BB6, 0x5396, 0x5395, 0x4B75,   // 0x0EC0 (3776) pixels
0x4B55, 0x4B34, 0x4314, 0x42F4, 0x3AD3, 0x3AB3, 0x3A92, 0x3272, 0x3251, 0x3231, 0x2A11, 0x29F0, 0x29F0, 0x29CF, 0x21AF, 0x21AE,   // 0x0ED0 (3792) pixels
0x218E, 0x216E, 0x216D, 0x216D, 0x214D, 0x214C, 0x214C, 0x214C, 0x216C, 0x216D, 0x218D, 0x21AD, 0x21EE, 0x2A2F, 0x2A70, 0x2AB1,   // 0x0EE0 (3808) pixels
0x32F2, 0x3333, 0x3B53, 0x3B94, 0x3BB4, 0x3BB5, 0x3B94, 0x3B94, 0x0000, 0x0000, 0x0000, 0x0000, 0x0000, 0x0000, 0x0000, 0x0000,   // 0x0EF0 (3824) pixels
0x0000, 0x0000, 0x0000, 0x0000, 0x0000, 0x0000, 0x0000, 0x0000, 0x0000, 0x0000, 0x0000, 0x0000, 0x0000, 0x0000, 0x0000, 0x0000,   // 0x0F00 (3840) pixels
0x0000, 0x0000, 0x0000, 0x0000, 0x0000, 0x0000, 0x0000, 0x0000, 0x0000, 0x0000, 0x0861, 0xFFFF, 0xFFFF, 0xFFFF, 0xFFFF, 0xFFFF,   // 0x0F10 (3856) pixels
0xFFFF, 0xFF3F, 0xF63F, 0xF61F, 0xF5FF, 0xF5FF, 0xF61F, 0xF65F, 0xF65F, 0xF63F, 0xF61F, 0xF61F, 0xF63F, 0xF63F, 0xF65F, 0xF67F,   // 0x0F20 (3872) pixels
0xF6BF, 0xF69F, 0xF71F, 0xF75F, 0xEF1E, 0xE6BE, 0xDE5D, 0xCDFC, 0xBD9B, 0xAD1A, 0xA4D9, 0x9499, 0x8C58, 0x8458, 0x7C37, 0x7C37,   // 0x0F30 (3888) pixels
0x7C37, 0x7457, 0x7457, 0x7458, 0x7478, 0x7478, 0x7478, 0x7458, 0x6C58, 0x6C58, 0x6C37, 0x6417, 0x6417, 0x5BF7, 0x5BD6, 0x53B6,   // 0x0F40 (3904) pixels
0x5396, 0x4B75, 0x4B55, 0x4335, 0x4314, 0x3AD4, 0x3AB3, 0x3A93, 0x3272, 0x3252, 0x3231, 0x2A31, 0x2A10, 0x29F0, 0x29CF, 0x29AF,   // 0x0F50 (3920) pixels
0x21AE, 0x218E, 0x216D, 0x216D, 0x214D, 0x214D, 0x214C, 0x192C, 0x194C, 0x214C, 0x214C, 0x216D, 0x218D, 0x21CE, 0x2A0F, 0x2A50,   // 0x0F60 (3936) pixels
0x2A91, 0x32F2, 0x3332, 0x3B53, 0x3B94, 0x3BB4, 0x3BD5, 0x3BB4, 0x3B94, 0x0000, 0x0000, 0x0000, 0x0000, 0x0000, 0x0000, 0x0000,   // 0x0F70 (3952) pixels
0x0000, 0x0000, 0x0000, 0x0000, 0x0000, 0x0000, 0x0000, 0x0000, 0x0000, 0x0000, 0x0000, 0x0000, 0x0000, 0x0000, 0x0000, 0x0000,   // 0x0F80 (3968) pixels
0x0000, 0x0000, 0x0000, 0x0000, 0x0000, 0x0000, 0x0000, 0x0000, 0x0000, 0x0000, 0x39E7, 0xFFFF, 0xFFFF, 0xFFFF, 0xFFFF, 0xFFFF,   // 0x0F90 (3984) pixels
0xFFBF, 0xF65F, 0xF63F, 0xF63F, 0xF63F, 0xF65F, 0xF65F, 0xF67F, 0xF69F, 0xF67F, 0xF65F, 0xF67F, 0xF69F, 0xFEBF, 0xFEBF, 0xFEDF,   // 0x0FA0 (4000) pixels
0xFEFF, 0xF75F, 0xF79F, 0xF73E, 0xE6FE, 0xDE7D, 0xCE1C, 0xBD9B, 0xAD3A, 0xA4D9, 0x9499, 0x8C78, 0x8478, 0x8458, 0x7C78, 0x7C78,   // 0x0FB0 (4016) pixels
0x7C98, 0x7C98, 0x7CB8, 0x7CB8, 0x7CB9, 0x7CB9, 0x7CB9, 0x7CB9, 0x7CB9, 0x7C99, 0x7498, 0x7478, 0x6C58, 0x6C38, 0x6417, 0x5BF7,   // 0x0FC0 (4032) pixels
0x5BD7, 0x53B6, 0x5396, 0x4B75, 0x4335, 0x4314, 0x3AF4, 0x3AD3, 0x3AB3, 0x3292, 0x3272, 0x3251, 0x2A31, 0x2A10, 0x29F0, 0x29CF,   // 0x0FD0 (4048) pixels
0x29AF, 0x21AE, 0x218E, 0x216D, 0x216D, 0x214D, 0x214C, 0x212C, 0x192C, 0x192C, 0x192C, 0x194C, 0x216C, 0x218D, 0x21AE, 0x21EE,   // 0x0FE0 (4064) pixels
0x2A4F, 0x2A90, 0x32D2, 0x3332, 0x3B53, 0x3B94, 0x3BB4, 0x3BB5, 0x3BB4, 0x3B94, 0x0000, 0x0000, 0x0000, 0x0000, 0x0000, 0x0000,   // 0x0FF0 (4080) pixels
0x0000, 0x0000, 0x0000, 0x0000, 0x0000, 0x0000, 0x0000, 0x0000, 0x0000, 0x0000, 0x0000, 0x0000, 0x0000, 0x0000, 0x0000, 0x0000,   // 0x1000 (4096) pixels
0x0000, 0x0000, 0x0000, 0x0000, 0x0000, 0x0000, 0x0000, 0x0000, 0x0000, 0x0000, 0x39E7, 0xFFFF, 0xFFFF, 0xFFFF, 0xFFFF, 0xFFFF,   // 0x1010 (4112) pixels
0xFEBF, 0xF63F, 0xF65F, 0xF67F, 0xF69F, 0xF69F, 0xF69F, 0xFEBF, 0xFEDF, 0xFEDF, 0xFEDF, 0xFEDF, 0xFEDF, 0xFEFF, 0xFEFF, 0xFF1F,   // 0x1020 (4128) pixels
0xF73F, 0xF79F, 0xF77F, 0xEF1E, 0xE6DD, 0xD65D, 0xC5DB, 0xB55A, 0xA4F9, 0x94B9, 0x8C98, 0x8498, 0x8498, 0x8498, 0x84B8, 0x84D9,   // 0x1030 (4144) pixels
0x84D9, 0x8CF9, 0x8D19, 0x8D19, 0x8D1A, 0x8D1A, 0x8D1A, 0x8D1A, 0x851A, 0x84FA, 0x7CF9, 0x7CD9, 0x74B9, 0x7499, 0x6C78, 0x6458,   // 0x1040 (4160) pixels
0x6418, 0x5BF7, 0x53D7, 0x5396, 0x4B76, 0x4B55, 0x4335, 0x42F4, 0x3AD4, 0x3AB3, 0x3292, 0x3272, 0x3251, 0x2A31, 0x2A10, 0x29F0,   // 0x1050 (4176) pixels
0x29CF, 0x21AF, 0x218E, 0x218E, 0x216D, 0x216D, 0x214D, 0x214C, 0x192C, 0x192C, 0x192C, 0x192C, 0x192C, 0x214C, 0x216D, 0x21AD,   // 0x1060 (4192) pixels
0x21EE, 0x2A2F, 0x2A90, 0x32D2, 0x3333, 0x3B53, 0x3B94, 0x3BB4, 0x3BD5, 0x3BB4, 0x3B94, 0x0000, 0x0000, 0x0000, 0x0000, 0x0000,   // 0x1070 (4208) pixels
0x0000, 0x0000, 0x0000, 0x0000, 0x0000, 0x0000, 0x0000, 0x0000, 0x0000, 0x0000, 0x0000, 0x0000, 0x0000, 0x0000, 0x0000, 0x0000,   // 0x1080 (4224) pixels
0x0000, 0x0000, 0x0000, 0x0000, 0x0000, 0x0000, 0x0000, 0x0000, 0x0000, 0x0000, 0x39E7, 0xFFFF, 0xFFFF, 0xFFFF, 0xFFFF, 0xFF5F,   // 0x1090 (4240) pixels
0xF63F, 0xF67F, 0xFEBF, 0xFEBF, 0xFEDF, 0xFEDF, 0xFEDF, 0xFEFF, 0xFF1F, 0xFF1F, 0xFF1F, 0xFF1F, 0xFF1F, 0xFF3F, 0xFF3F, 0xF75F,   // 0x10A0 (4256) pixels
0xFFBF, 0xF77F, 0xEF5E, 0xE6FE, 0xD67D, 0xCE1C, 0xBDBB, 0xAD5A, 0x9CF9, 0x8C98, 0x8C98, 0x84B8, 0x84B8, 0x8CD9, 0x8CF9, 0x8D19,   // 0x10B0 (4272) pixels
0x953A, 0x955A, 0x955A, 0x957A, 0x957A, 0x957B, 0x957B, 0x957B, 0x955A, 0x8D5A, 0x8D3A, 0x851A, 0x84FA, 0x7CDA, 0x74B9, 0x7499,   // 0x10C0 (4288) pixels
0x6C58, 0x6438, 0x5C17, 0x5BD7, 0x53B7, 0x4B76, 0x4B55, 0x4335, 0x3AF4, 0x3AD4, 0x3AB3, 0x3293, 0x3272, 0x3251, 0x2A31, 0x2A10,   // 0x10D0 (4304) pixels
0x29F0, 0x29CF, 0x21AF, 0x218E, 0x218E, 0x216D, 0x214D, 0x214C, 0x192C, 0x192C, 0x192C, 0x190C, 0x192C, 0x192C, 0x194C, 0x216D,   // 0x10E0 (4320) pixels
0x21AD, 0x21EE, 0x2A4F, 0x2A91, 0x32F2, 0x3333, 0x3373, 0x3B94, 0x3BB5, 0x3BD5, 0x3B94, 0x3B94, 0x0000, 0x0000, 0x0000, 0x0000,   // 0x10F0 (4336) pixels
0x0000, 0x0000, 0x0000, 0x0000, 0x0000, 0x0000, 0x0000, 0x0000, 0x0000, 0x0000, 0x0000, 0x0000, 0x0000, 0x0000, 0x0000, 0x0000,   // 0x1100 (4352) pixels
0x0000, 0x0000, 0x0000, 0x0000, 0x0000, 0x0000, 0x0000, 0x0000, 0x0000, 0x0000, 0x39E7, 0xFFFF, 0xFFFF, 0xFFFF, 0xFFDF, 0xF65F,   // 0x1110 (4368) pixels
0xF65F, 0xF69F, 0xFEDF, 0xFF1F, 0xFF1F, 0xFF1F, 0xFF1F, 0xFF3F, 0xFF5F, 0xFF5F, 0xFF3F, 0xFF3F, 0xFF5F, 0xFF5F, 0xFF5F, 0xFFBF,   // 0x1120 (4384) pixels
0xF79F, 0xEF5E, 0xE6FE, 0xDEDD, 0xCE3C, 0xBDDB, 0xAD7A, 0xA53A, 0x9D19, 0x94F9, 0x8CB8, 0x8CD9, 0x8CF9, 0x9539, 0x955A, 0x9D7A,   // 0x1130 (4400) pixels
0x9D9B, 0x9DBB, 0xA5BB, 0xA5DB, 0xA5DB, 0xA5DB, 0xA5DB, 0xA5BB, 0x9DBB, 0x9D9B, 0x959B, 0x957B, 0x8D5B, 0x853A, 0x84FA, 0x7CDA,   // 0x1140 (4416) pixels
0x74B9, 0x6C79, 0x6458, 0x5C18, 0x5BF7, 0x53B7, 0x4B96, 0x4B56, 0x4335, 0x3AF4, 0x3AD4, 0x3AB3, 0x3293, 0x3272, 0x3231, 0x2A31,   // 0x1150 (4432) pixels
0x2A10, 0x29F0, 0x29CF, 0x21AE, 0x218E, 0x216E, 0x216D, 0x214D, 0x214C, 0x192C, 0x192C, 0x190C, 0x190C, 0x190C, 0x192C, 0x194C,   // 0x1160 (4448) pixels
0x216D, 0x21AE, 0x21EF, 0x2A50, 0x2A91, 0x32F2, 0x3333, 0x3B74, 0x3B94, 0x3BB5, 0x3BD5, 0x3B94, 0x0000, 0x0000, 0x0000, 0x0000,   // 0x1170 (4464) pixels
0x0000, 0x0000, 0x0000, 0x0000, 0x0000, 0x0000, 0x0000, 0x0000, 0x0000, 0x0000, 0x0000, 0x0000, 0x0000, 0x0000, 0x0000, 0x0000,   // 0x1180 (4480) pixels
0x0000, 0x0000, 0x0000, 0x0000, 0x0000, 0x0000, 0x0000, 0x0000, 0x0000, 0x0000, 0x0000, 0xFFFF, 0xFFBF, 0xFFFF, 0xFEFF, 0xF63F,   // 0x1190 (4496) pixels
0xF65F, 0xF69F, 0xFEDF, 0xFF1F, 0xFF5F, 0xFF5F, 0xFF7F, 0xFF7F, 0xFF7F, 0xFF7F, 0xFF7F, 0xFF7F, 0xFF7F, 0xFF7F, 0xF7BF, 0xF7BF,   // 0x11A0 (4512) pixels
0xF77E, 0xE71E, 0xDEBD, 0xD67C, 0xC61B, 0xB59A, 0xA55A, 0x9D39, 0x9D39, 0x9D39, 0x9539, 0x9519, 0x955A, 0x9D7A, 0xA59B, 0xA5DB,   // 0x11B0 (4528) pixels
0xADFB, 0xADFC, 0xAE1C, 0xB61C, 0xB63C, 0xB63C, 0xB63C, 0xAE1C, 0xAE1C, 0xADFC, 0xA5FC, 0x9DDC, 0x9D9B, 0x957B, 0x8D5B, 0x851A,   // 0x11C0 (4544) pixels
0x7CFA, 0x74BA, 0x6C79, 0x6459, 0x5C18, 0x5BF7, 0x53B7, 0x4B96, 0x4356, 0x4335, 0x3B14, 0x3AD4, 0x3AB3, 0x3293, 0x3272, 0x3251,   // 0x11D0 (4560) pixels
0x2A31, 0x2A10, 0x29F0, 0x29CF, 0x21AE, 0x218E, 0x216D, 0x216D, 0x214D, 0x212C, 0x192C, 0x190C, 0x190B, 0x190B, 0x190B, 0x192C,   // 0x11E0 (4576) pixels
0x194C, 0x216D, 0x21AE, 0x220F, 0x2A50, 0x2AB1, 0x32F2, 0x3353, 0x3B74, 0x3BB4, 0x3BB5, 0x3BD5, 0x3B94, 0x0000, 0x0000, 0x0000,   // 0x11F0 (4592) pixels
0x0000, 0x0000, 0x0000, 0x0000, 0x0000, 0x0000, 0x0000, 0x0000, 0x0000, 0x0000, 0x0000, 0x0000, 0x0000, 0x0000, 0x0000, 0x0000,   // 0x1200 (4608) pixels
0x0000, 0x0000, 0x0000, 0x0000, 0x0000, 0x0000, 0x0000, 0x0000, 0x0000, 0x0000, 0x0000, 0xFF7F, 0xFF1F, 0xFF9F, 0xF63F, 0xF63F,   // 0x1210 (4624) pixels
0xF67F, 0xF6BF, 0xFEFF, 0xFF3F, 0xFF7F, 0xFF9F, 0xFF9F, 0xFF9F, 0xFF9F, 0xFF9F, 0xFF9F, 0xFF9F, 0xFF9F, 0xF79F, 0xFFBF, 0xF77F,   // 0x1220 (4640) pixels
0xEF3E, 0xDEDD, 0xD67C, 0xC61B, 0xBDFB, 0xAD7A, 0xA55A, 0x9D59, 0x9D5A, 0xA57A, 0xA5BA, 0xA5BB, 0xA5BB, 0xADFB, 0xB61C, 0xB63C,   // 0x1230 (4656) pixels
0xBE5C, 0xBE7D, 0xBE7D, 0xC69D, 0xC69D, 0xC69D, 0xBE9D, 0xBE7D, 0xBE7D, 0xB65D, 0xAE3C, 0xAE1C, 0xA5FC, 0x9DBC, 0x959B, 0x8D5B,   // 0x1240 (4672) pixels
0x853B, 0x7CFA, 0x74DA, 0x6C99, 0x6459, 0x5C38, 0x5BF8, 0x53D7, 0x4B97, 0x4376, 0x4335, 0x3B15, 0x3AF4, 0x3AD3, 0x32B3, 0x3272,   // 0x1250 (4688) pixels
0x3252, 0x2A31, 0x2A10, 0x29F0, 0x29CF, 0x21AF, 0x218E, 0x218E, 0x216D, 0x214D, 0x214C, 0x192C, 0x192C, 0x190C, 0x190B, 0x192C,   // 0x1260 (4704) pixels
0x192C, 0x194C, 0x218D, 0x21CE, 0x220F, 0x2A70, 0x2AB1, 0x3312, 0x3353, 0x3B94, 0x3BB4, 0x3BB5, 0x3BB4, 0x3B94, 0x0000, 0x0000,   // 0x1270 (4720) pixels
0x0000, 0x0000, 0x0000, 0x0000, 0x0000, 0x0000, 0x0000, 0x0000, 0x0000, 0x0000, 0x0000, 0x0000, 0x0000, 0x0000, 0x0000, 0x0000,   // 0x1280 (4736) pixels
0x0000, 0x0000, 0x0000, 0x0000, 0x0000, 0x0000, 0x0000, 0x0000, 0x0000, 0x0000, 0x0000, 0xF65F, 0xF69F, 0xF67F, 0xF61F, 0xF63F,   // 0x1290 (4752) pixels
0xF67F, 0xFEBF, 0xFEFF, 0xFF3F, 0xFF7F, 0xFF9F, 0xFFBF, 0xFFBF, 0xFFBF, 0xFFBF, 0xFFBF, 0xFFBF, 0xFF9F, 0xFFDF, 0xF79F, 0xEF5E,   // 0x12A0 (4768) pixels
0xE71E, 0xDEBD, 0xCE5C, 0xBDFB, 0xBE1B, 0xAD9A, 0xAD9A, 0xADBA, 0xADDB, 0xB5FB, 0xB61C, 0xBE5C, 0xBE3C, 0xBE5C, 0xC67D, 0xC69D,   // 0x12B0 (4784) pixels
0xC6BD, 0xCEBD, 0xCEDD, 0xCEDD, 0xCEBD, 0xC6BD, 0xC6BD, 0xC6BD, 0xBE9D, 0xBE7D, 0xB67D, 0xAE3D, 0xAE1D, 0xA5FC, 0x9DDC, 0x959C,   // 0x12C0 (4800) pixels
0x8D7B, 0x853B, 0x7D1B, 0x74DA, 0x6CBA, 0x6479, 0x5C59, 0x5C18, 0x53F8, 0x4BD7, 0x4B97, 0x4376, 0x4355, 0x3B15, 0x3AF4, 0x3AD3,   // 0x12D0 (4816) pixels
0x32B3, 0x3292, 0x3272, 0x3251, 0x2A30, 0x2A10, 0x29EF, 0x29CF, 0x21AE, 0x218D, 0x216D, 0x214D, 0x194C, 0x192C, 0x192C, 0x192C,   // 0x12E0 (4832) pixels
0x192C, 0x194C, 0x196D, 0x218D, 0x21CE, 0x2A2F, 0x2A71, 0x32D2, 0x3313, 0x3354, 0x3B94, 0x3BB5, 0x3BD5, 0x3B94, 0x0000, 0x0000,   // 0x12F0 (4848) pixels
0x0000, 0x0000, 0x0000, 0x0000, 0x0000, 0x0000, 0x0000, 0x0000, 0x0000, 0x0000, 0x0000, 0x0000, 0x0000, 0x0000, 0x0000, 0x0000,   // 0x1300 (4864) pixels
0x0000, 0x0000, 0x0000, 0x0000, 0x0000, 0x0000, 0x0000, 0x0000, 0x0000, 0x0000, 0x0000, 0x0000, 0xF65F, 0xF61F, 0xF61F, 0xF63F,   // 0x1310 (4880) pixels
0xF67F, 0xFEBF, 0xFEFF, 0xFF5F, 0xFF7F, 0xFF9F, 0xFFBF, 0xFFBF, 0xFFDF, 0xFFDF, 0xFFBF, 0xFFBF, 0xFFDF, 0xFFBF, 0xF79F, 0xEF5E,   // 0x1320 (4896) pixels
0xE6FD, 0xD69C, 0xC63C, 0xBDFB, 0xBE1B, 0xB5DB, 0xADDB, 0xADFB, 0xB5FB, 0xB63C, 0xBE5C, 0xBE7C, 0xC67D, 0xBE7D, 0xC69D, 0xC6BD,   // 0x1330 (4912) pixels
0xCEDD, 0xCEDD, 0xCEDE, 0xCEFE, 0xCEFE, 0xCEDE, 0xCEDE, 0xC6DE, 0xC6BE, 0xBEBE, 0xBE9D, 0xB67D, 0xAE5D, 0xA63D, 0x9E1D, 0x95DC,   // 0x1340 (4928) pixels
0x95BC, 0x8D9C, 0x855C, 0x7D3B, 0x74FB, 0x6CDA, 0x64BA, 0x6479, 0x5C59, 0x5438, 0x53F8, 0x4BD7, 0x4BB7, 0x4396, 0x4376, 0x4355,   // 0x1350 (4944) pixels
0x3B14, 0x3AF4, 0x3AD3, 0x3AB3, 0x3292, 0x3271, 0x3251, 0x2A30, 0x2A10, 0x29EF, 0x29CE, 0x21AE, 0x218D, 0x216D, 0x214C, 0x194C,   // 0x1360 (4960) pixels
0x194C, 0x194C, 0x194C, 0x216D, 0x21AE, 0x21EF, 0x2A50, 0x2A91, 0x32F2, 0x3333, 0x3B74, 0x3B94, 0x3BB5, 0x3BD5, 0x3B94, 0x0000,   // 0x1370 (4976) pixels
0x0000, 0x0000, 0x0000, 0x0000, 0x0000, 0x0000, 0x0000, 0x0000, 0x0000, 0x0000, 0x0000, 0x0000, 0x0000, 0x0000, 0x0000, 0x0000,   // 0x1380 (4992) pixels
0x0000, 0x0000, 0x0000, 0x0000, 0x0000, 0x0000, 0x0000, 0x0000, 0x0000, 0x0000, 0xDF5F, 0xE6BF, 0xEE1F, 0xF63F, 0xF63F, 0xF65F,   // 0x1390 (5008) pixels
0xF69F, 0xFEDF, 0xFF3F, 0xFF7F, 0xFF9F, 0xFFBF, 0xFFBF, 0xFFDF, 0xFFDF, 0xFFDF, 0xFFDF, 0xFFBF, 0xFFDF, 0xF7BF, 0xEF7E, 0xE71E,   // 0x13A0 (5024) pixels
0xDEBD, 0xCE5C, 0xBE1B, 0xB5DA, 0xB5FB, 0xADBA, 0xA5BA, 0xADDB, 0xADFB, 0xB61B, 0xBE3C, 0xBE7C, 0xC69D, 0xC69D, 0xC6BD, 0xCEDD,   // 0x13B0 (5040) pixels
0xCEDE, 0xCEFE, 0xCEFE, 0xCF1E, 0xCF1E, 0xCF1E, 0xCEFE, 0xC6FE, 0xC6FE, 0xBEDE, 0xBEBE, 0xB69E, 0xAE7E, 0xAE5E, 0xA63D, 0x9E1D,   // 0x13C0 (5056) pixels
0x95FD, 0x8DDD, 0x85BC, 0x859C, 0x857C, 0x7D5C, 0x7D5B, 0x7D3B, 0x7D3B, 0x753B, 0x751B, 0x74FA, 0x6CFA, 0x6CBA, 0x6499, 0x6479,   // 0x13D0 (5072) pixels
0x5C58, 0x5C38, 0x53F7, 0x4B96, 0x4355, 0x4313, 0x3AB2, 0x3292, 0x3271, 0x3251, 0x3230, 0x2A0F, 0x29EF, 0x29CE, 0x21AE, 0x218D,   // 0x13E0 (5088) pixels
0x218D, 0x216D, 0x216D, 0x218D, 0x21AE, 0x21CE, 0x220F, 0x2A70, 0x2AB1, 0x3312, 0x3353, 0x3B74, 0x3BB4, 0x3BB5, 0x3BB4, 0x3B94,   // 0x13F0 (5104) pixels
0x0000, 0x0000, 0x0000, 0x0000, 0x0000, 0x0000, 0x0000, 0x0000, 0x0000, 0x0000, 0x0000, 0x0000, 0x0000, 0x0000, 0x0000, 0x0000,   // 0x1400 (5120) pixels
0x0000, 0x0000, 0x0000, 0x0000, 0x0000, 0x0000, 0x0000, 0xDF9F, 0xD79F, 0xD79F, 0xD77F, 0xDF9F, 0xF61F, 0xF65F, 0xF67F, 0xF69F,   // 0x1410 (5136) pixels
0xFEDF, 0xFF1F, 0xFF5F, 0xFF7F, 0xFF9F, 0xFFBF, 0xFFDF, 0xFFDF, 0xFFDF, 0xFFFF, 0xFFDF, 0xFFDF, 0xFFBF, 0xF79E, 0xEF3E, 0xDEDD,   // 0x1420 (5152) pixels
0xCE7C, 0xBE1B, 0xADBA, 0xA57A, 0xADBA, 0xA57A, 0xA57A, 0xA5BB, 0xADFB, 0xB61C, 0xBE5C, 0xC69D, 0xC6BD, 0xCEDD, 0xCEDE, 0xCEFE,   // 0x1430 (5168) pixels
0xCEFE, 0xCF1E, 0xCF1E, 0xCF1E, 0xCF1E, 0xCF1F, 0xCF1F, 0xC71E, 0xC6FF, 0xBEFE, 0xBEDE, 0xBEDE, 0xB6BE, 0xB6BE, 0xB69E, 0xB69E,   // 0x1440 (5184) pixels
0xB69E, 0xB69E, 0xB6BE, 0xB69E, 0xB69E, 0xB69E, 0xAE9E, 0xAE7E, 0xAE7E, 0xA67E, 0xA65E, 0xA65E, 0xA63E, 0x9E3E, 0x9E3E, 0x961E,   // 0x1450 (5200) pixels
0x961E, 0x95FE, 0x8DFD, 0x8DFD, 0x8DDD, 0x85DD, 0x85BD, 0x755C, 0x6CFA, 0x6499, 0x5417, 0x4B75, 0x3AF3, 0x3250, 0x2A0F, 0x29EF,   // 0x1460 (5216) pixels
0x29CE, 0x21CE, 0x21AE, 0x21AE, 0x21CE, 0x21EF, 0x220F, 0x2A50, 0x2A91, 0x32D2, 0x3333, 0x3374, 0x3B94, 0x3BB5, 0x3BD5, 0x3B94,   // 0x1470 (5232) pixels
0x0000, 0x0000, 0x0000, 0x0000, 0x0000, 0x0000, 0x0000, 0x0000, 0x0000, 0x0000, 0x0000, 0x0000, 0x0000, 0x0000, 0x0000, 0x0000,   // 0x1480 (5248) pixels
0x0000, 0x0000, 0x0000, 0x0000, 0x0000, 0x0000, 0xD79F, 0xDFBF, 0xE7BF, 0xD79F, 0xDF9F, 0xE71F, 0xF61F, 0xF67F, 0xF69F, 0xF69F,   // 0x1490 (5264) pixels
0xFEDF, 0xFF1F, 0xFF5F, 0xFF7F, 0xFF9F, 0xFFBF, 0xFFDF, 0xFFDF, 0xFFFF, 0xFFFF, 0xFFDF, 0xFFDF, 0xF7BF, 0xEF7E, 0xE71D, 0xD6BC,   // 0x14A0 (5280) pixels
0xC63B, 0xB5BA, 0xA57A, 0x9D59, 0xADBA, 0x9D7A, 0xA59A, 0xADDB, 0xAE1C, 0xB65C, 0xBE7D, 0xC6BD, 0xCEDE, 0xCEFE, 0xCEFE, 0xCF1E,   // 0x14B0 (5296) pixels
0xCF1E, 0xCF3F, 0xCF3F, 0xCF3F, 0xCF1F, 0xCF1F, 0xC71F, 0xC6FE, 0xC6FE, 0xC6FE, 0xC6FE, 0xC6FE, 0xC6FE, 0xC6DE, 0xC6DE, 0xC6DE,   // 0x14C0 (5312) pixels
0xBEDE, 0xBEDE, 0xBEBE, 0xBEBE, 0xB6BE, 0xB6BE, 0xB69E, 0xB69E, 0xAE9E, 0xAE7E, 0xAE7E, 0xA65E, 0xA65E, 0xA65E, 0x9E3E, 0x9E3E,   // 0x14D0 (5328) pixels
0x9E1E, 0x961E, 0x961E, 0x8DFD, 0x8DFD, 0x8DDD, 0x85DD, 0x85BD, 0x7DBD, 0x7D9D, 0x7D9D, 0x757D, 0x757D, 0x6D5D, 0x64FB, 0x5438,   // 0x14E0 (5344) pixels
0x4375, 0x32B2, 0x2A0F, 0x29EF, 0x21EF, 0x220F, 0x2230, 0x2A50, 0x2A71, 0x2AB2, 0x32F2, 0x3353, 0x3B74, 0x3BB4, 0x3BB5, 0x3BD5,   // 0x14F0 (5360) pixels
0x3B94, 0x0000, 0x0000, 0x0000, 0x0000, 0x0000, 0x0000, 0x0000, 0x0000, 0x0000, 0x0000, 0x0000, 0x0000, 0x0000, 0x0000, 0x0000,   // 0x1500 (5376) pixels
0x0000, 0x0000, 0x0000, 0x0000, 0x0000, 0x0000, 0xC77F, 0xCF9F, 0xBF5F, 0xAF1F, 0xA6FF, 0xD63F, 0xEDDF, 0xF63F, 0xF67F, 0xF67F,   // 0x1510 (5392) pixels
0xFEBF, 0xFEFF, 0xFF3F, 0xFF7F, 0xFF9F, 0xFFBF, 0xFFDF, 0xFFDF, 0xFFFF, 0xFFDF, 0xFFDF, 0xFFDF, 0xF79F, 0xEF7E, 0xE71D, 0xD69C,   // 0x1520 (5408) pixels
0xBE1B, 0xB5BA, 0xA57A, 0xA57A, 0xADBB, 0x9D9A, 0xA5BB, 0xADFB, 0xB63C, 0xBE7D, 0xBE9D, 0xC6DE, 0xC6FE, 0xCF1E, 0xCF1E, 0xCF1E,   // 0x1530 (5424) pixels
0xCF1F, 0xCF1F, 0xCF1E, 0xC6FE, 0xCEFE, 0xCEFE, 0xCF1E, 0xCF1E, 0xCF1F, 0xCF1F, 0xCF1F, 0xCF1E, 0xCEFE, 0xCEFE, 0xC6FE, 0xC6FE,   // 0x1540 (5440) pixels
0xC6FE, 0xC6FE, 0xC6DE, 0xBEDE, 0xBEDE, 0xB6BE, 0xB69E, 0xAE7E, 0xA63D, 0x9E1D, 0x9DFD, 0x95DD, 0x8DBC, 0x8DBC, 0x857C, 0x857B,   // 0x1550 (5456) pixels
0x7D5B, 0x7D3B, 0x7D3B, 0x7D3B, 0x7D5B, 0x7D5B, 0x7D7C, 0x7D9C, 0x85BD, 0x7DBD, 0x7D9D, 0x7D9D, 0x757D, 0x757D, 0x6D5D, 0x6D5D,   // 0x1560 (5472) pixels
0x6D3D, 0x653D, 0x5CFC, 0x4C39, 0x3B75, 0x32B2, 0x2A50, 0x2A71, 0x2A91, 0x2AB2, 0x32F2, 0x3333, 0x3374, 0x3B94, 0x3BB5, 0x3BD5,   // 0x1570 (5488) pixels
0x3B94, 0x0000, 0x0000, 0x0000, 0x0000, 0x0000, 0x0000, 0x0000, 0x0000, 0x0000, 0x0000, 0x0000, 0x0000, 0x0000, 0x0000, 0x0000,   // 0x1580 (5504) pixels
0x0000, 0x0000, 0x0000, 0x0000, 0x0000, 0x0000, 0x96DF, 0x767F, 0x561F, 0x3DFF, 0x5D7F, 0xE59F, 0xEDBF, 0xF5FF, 0xF67F, 0xF67F,   // 0x1590 (5520) pixels
0xFEBF, 0xFEFF, 0xFF3F, 0xFF7F, 0xFF9F, 0xFFBF, 0xFFDF, 0xFFDF, 0xFFDF, 0xFFBF, 0xFFDF, 0xF7BF, 0xF79E, 0xEF5E, 0xE71D, 0xD69C,   // 0x15A0 (5536) pixels
0xBE1B, 0xADDA, 0xA59A, 0xADBA, 0xADDB, 0xA5BB, 0xA5FB, 0xAE1C, 0xB65C, 0xBE9D, 0xBEBD, 0xC6DE, 0xC6FE, 0xCF1E, 0xCEFE, 0xC6FE,   // 0x15B0 (5552) pixels
0xC6FE, 0xCF1E, 0xCF1F, 0xCF1F, 0xCF1F, 0xCF1F, 0xD71F, 0xD73F, 0xD73F, 0xD73F, 0xD73F, 0xCF1F, 0xCF1F, 0xCF1F, 0xC6FE, 0xBEDE,   // 0x15C0 (5568) pixels
0xB6BE, 0xAE7E, 0xA65E, 0x9E1D, 0x8DDD, 0x859C, 0x7D7C, 0x7D3C, 0x751B, 0x6CFB, 0x64BA, 0x649A, 0x5C59, 0x5C38, 0x5418, 0x53F7,   // 0x15D0 (5584) pixels
0x4BD7, 0x4B96, 0x4B96, 0x4375, 0x4354, 0x4334, 0x4313, 0x42F3, 0x3AF3, 0x42F3, 0x4334, 0x4B75, 0x53B6, 0x5417, 0x5C79, 0x64FB,   // 0x15E0 (5600) pixels
0x6D3D, 0x653D, 0x653D, 0x5D1D, 0x5D1D, 0x5CFD, 0x4C7B, 0x3BB7, 0x32F3, 0x2AD2, 0x32F3, 0x3333, 0x3354, 0x3B94, 0x3BB5, 0x3BD5,   // 0x15F0 (5616) pixels
0x3BD5, 0x3B94, 0x0000, 0x0000, 0x0000, 0x0000, 0x0000, 0x0000, 0x0000, 0x0000, 0x0000, 0x0000, 0x0000, 0x0000, 0x0000, 0x0000,   // 0x1600 (5632) pixels
0x0000, 0x0000, 0x0000, 0x0000, 0x0000, 0x0000, 0x3DDF, 0x3DBF, 0x1D7F, 0x2D7F, 0x8CDE, 0xED9F, 0xEDBF, 0xF5FF, 0xF67F, 0xF69F,   // 0x1610 (5648) pixels
0xFEBF, 0xFF1F, 0xFF5F, 0xFF7F, 0xFF9F, 0xFFBF, 0xFFBF, 0xFFBF, 0xFFBF, 0xFFDF, 0xF7BF, 0xF79E, 0xEF7E, 0xE73E, 0xE71D, 0xD6BC,   // 0x1620 (5664) pixels
0xC65B, 0xB5FB, 0xADBA, 0xB61B, 0xA5DB, 0xA5FB, 0xAE1C, 0xAE3C, 0xB69D, 0xBEDE, 0xC6FE, 0xCEFE, 0xCF1E, 0xCF1F, 0xCF1F, 0xCF1E,   // 0x1630 (5680) pixels
0xCF1F, 0xCF1F, 0xD73F, 0xD73F, 0xD73F, 0xD73F, 0xD75F, 0xD75F, 0xD75F, 0xD73F, 0xCF3F, 0xCF3F, 0xC71F, 0xC6FF, 0xBEDE, 0xB6BE,   // 0x1640 (5696) pixels
0xB69E, 0xAE5E, 0xA63D, 0x9DFD, 0x8DDD, 0x859C, 0x7D5C, 0x753B, 0x6CFB, 0x64BA, 0x647A, 0x5C59, 0x5418, 0x53F8, 0x4BD7, 0x4B96,   // 0x1650 (5712) pixels
0x4376, 0x4355, 0x4335, 0x3B14, 0x3AF3, 0x3AD3, 0x3AB2, 0x3A92, 0x3291, 0x3271, 0x3271, 0x3250, 0x3250, 0x3250, 0x3230, 0x3230,   // 0x1660 (5728) pixels
0x3250, 0x3AD2, 0x4375, 0x4C18, 0x5CBB, 0x5CFD, 0x54FD, 0x54DC, 0x54DC, 0x445A, 0x3BB7, 0x3334, 0x3354, 0x3395, 0x3BB5, 0x3BD5,   // 0x1670 (5744) pixels
0x3BD5, 0x3BB5, 0x3BF6, 0x0000, 0x0000, 0x0000, 0x0000, 0x0000, 0x0000, 0x0000, 0x0000, 0x0000, 0x0000, 0x0000, 0x0000, 0x0000,   // 0x1680 (5760) pixels
0x0000, 0x0000, 0x0000, 0x0000, 0x0000, 0x1D7F, 0x1D7F, 0x257F, 0x1D9F, 0x549D, 0xA55F, 0xED9F, 0xEDBF, 0xF5FF, 0xF65F, 0xFEBF,   // 0x1690 (5776) pixels
0xFEBF, 0xFF1F, 0xFF5F, 0xFF7F, 0xFF9F, 0xFF9F, 0xFF9F, 0xFFBF, 0xF79F, 0xFFBF, 0xF79E, 0xEF5E, 0xE73D, 0xE71D, 0xDEFD, 0xD6DD,   // 0x16A0 (5792) pixels
0xCE9C, 0xBE3B, 0xB61B, 0xB61C, 0xAE1C, 0xB67D, 0xBEBE, 0xC6FE, 0xC6FE, 0xC6FE, 0xCEFE, 0xCF1F, 0xCF1F, 0xD73F, 0xD73F, 0xCF1F,   // 0x16B0 (5808) pixels
0xD73F, 0xD75F, 0xD75F, 0xD77F, 0xDF7F, 0xDF7F, 0xDF7F, 0xDF7F, 0xDF7F, 0xDF7F, 0xD75F, 0xD75F, 0xCF3F, 0xCF1F, 0xC6FE, 0xBEDE,   // 0x16C0 (5824) pixels
0xB69E, 0xAE7E, 0xA63D, 0x9DFD, 0x95BD, 0x859C, 0x7D3C, 0x751B, 0x6CDB, 0x649A, 0x5C59, 0x5419, 0x4BF8, 0x4BB7, 0x4377, 0x4356,   // 0x16D0 (5840) pixels
0x3B35, 0x3AF4, 0x3AD4, 0x32B3, 0x3292, 0x3272, 0x3251, 0x3231, 0x2A10, 0x2A10, 0x29EF, 0x29EF, 0x29CF, 0x29CE, 0x29CE, 0x29CE,   // 0x16E0 (5856) pixels
0x29CE, 0x29EE, 0x29EF, 0x29EF, 0x2A0F, 0x3291, 0x3B75, 0x4C39, 0x54BC, 0x4CDC, 0x4CBC, 0x449C, 0x3C19, 0x3BB5, 0x3BB5, 0x3BD5,   // 0x16F0 (5872) pixels
0x3BD5, 0x3BD5, 0x3C58, 0x3C99, 0x353D, 0x0000, 0x0000, 0x0000, 0x0000, 0x0000, 0x0000, 0x0000, 0x0000, 0x0000, 0x0000, 0x0000,   // 0x1700 (5888) pixels
0x0000, 0x0000, 0x0000, 0x0000, 0x0000, 0x1D7F, 0x255F, 0x1D7F, 0x2D5F, 0x647D, 0xCD7F, 0xED7F, 0xEDBF, 0xF5FF, 0xF63F, 0xF6BF,   // 0x1710 (5904) pixels
0xFEDF, 0xFF1F, 0xFF5F, 0xFF5F, 0xFF7F, 0xFF7F, 0xFF7F, 0xF77F, 0xFFBF, 0xF79F, 0xEF5E, 0xE71D, 0xD6DD, 0xD6BC, 0xD6BC, 0xD6BC,   // 0x1720 (5920) pixels
0xCEBC, 0xCE9C, 0xCEDD, 0xCEDE, 0xCF1E, 0xCF1E, 0xCEFE, 0xCEFE, 0xCF1E, 0xCF1E, 0xCF1F, 0xCF1F, 0xD73F, 0xD73F, 0xD75F, 0xD75F,   // 0x1730 (5936) pixels
0xDF7F, 0xDF7F, 0xDF9F, 0xE79F, 0xE79F, 0xE79F, 0xE79F, 0xE79F, 0xE79F, 0xE79F, 0xE77F, 0xDF5F, 0xDF5F, 0xD73F, 0xCEFE, 0xC6DE,   // 0x1740 (5952) pixels
0xBEBE, 0xB67E, 0xA63D, 0x9DFD, 0x95BD, 0x857C, 0x7D3C, 0x74FB, 0x6CBA, 0x647A, 0x5C39, 0x5419, 0x4BD8, 0x4397, 0x4356, 0x3B36,   // 0x1750 (5968) pixels
0x3B15, 0x32D4, 0x32B3, 0x3293, 0x3252, 0x2A31, 0x2A10, 0x29F0, 0x29CF, 0x29CF, 0x21AE, 0x218E, 0x218D, 0x216D, 0x216D, 0x216D,   // 0x1760 (5984) pixels
0x216D, 0x216D, 0x218D, 0x218D, 0x21AE, 0x21CE, 0x220F, 0x2A30, 0x2A71, 0x3B55, 0x4419, 0x449C, 0x449C, 0x447C, 0x3C39, 0x3BF6,   // 0x1770 (6000) pixels
0x3BF6, 0x3BF6, 0x3C79, 0x353D, 0x353D, 0x359F, 0x0000, 0x0000, 0x0000, 0x0000, 0x0000, 0x0000, 0x0000, 0x0000, 0x0000, 0x0000,   // 0x1780 (6016) pixels
0x0000, 0x0000, 0x0000, 0x0000, 0x1D7F, 0x1D7F, 0x1D7F, 0x1D7F, 0x643D, 0x557F, 0xE53F, 0xED7F, 0xF5BF, 0xF5FF, 0xF63F, 0xF67F,   // 0x1790 (6032) pixels
0xFEDF, 0xFF1F, 0xFF3F, 0xFF3F, 0xFF3F, 0xFF3F, 0xFF5F, 0xF75F, 0xF7BF, 0xEF7E, 0xE73E, 0xD6DD, 0xCE7C, 0xC63B, 0xC65C, 0xCEBD,   // 0x17A0 (6048) pixels
0xDF3E, 0xE77F, 0xDF7F, 0xD73F, 0xD73F, 0xCF1F, 0xCF1F, 0xCF1E, 0xCEFE, 0xC6FE, 0xCEFE, 0xCF1E, 0xD73F, 0xDF5F, 0xDF7F, 0xDF7F,   // 0x17B0 (6064) pixels
0xE79F, 0xE79F, 0xEFBF, 0xEFBF, 0xEFBF, 0xEFBF, 0xEFBF, 0xEFBF, 0xEFBF, 0xEF9F, 0xEF9F, 0xE77F, 0xDF5F, 0xD73F, 0xD71E, 0xC6DE,   // 0x17C0 (6080) pixels
0xBEBE, 0xB67E, 0xAE3D, 0x9DFD, 0x95BD, 0x8D7C, 0x7D3C, 0x74FB, 0x6CBB, 0x647A, 0x5C39, 0x5419, 0x4BD8, 0x4397, 0x4376, 0x3B36,   // 0x17D0 (6096) pixels
0x3B15, 0x32D4, 0x32B3, 0x3273, 0x2A52, 0x2A31, 0x2A10, 0x29F0, 0x21CF, 0x21AE, 0x218E, 0x216D, 0x216D, 0x214D, 0x214C, 0x192C,   // 0x17E0 (6112) pixels
0x192C, 0x192C, 0x192C, 0x194C, 0x214C, 0x216D, 0x21AE, 0x21CF, 0x220F, 0x2A50, 0x2A91, 0x32F3, 0x3BD7, 0x3C5B, 0x3C7C, 0x3C7C,   // 0x17F0 (6128) pixels
0x3C39, 0x3BF6, 0x3C16, 0x359F, 0x359F, 0x357F, 0x2D9F, 0x0000, 0x0000, 0x0000, 0x0000, 0x0000, 0x0000, 0x0000, 0x0000, 0x0000,   // 0x1800 (6144) pixels
0x0000, 0x0000, 0x0000, 0x0000, 0x1D7F, 0x255F, 0x1D9F, 0x353F, 0x6C1D, 0x659F, 0xE53F, 0xED5F, 0xF59F, 0xF5DF, 0xF61F, 0xF65F,   // 0x1810 (6160) pixels
0xFE9F, 0xFEFF, 0xFF1F, 0xFF1F, 0xFF1F, 0xF71F, 0xF71F, 0xEF7E, 0xEF9F, 0xEF5E, 0xDEFD, 0xCE7C, 0xBE3C, 0xBE5D, 0xC6BE, 0xD71F,   // 0x1820 (6176) pixels
0xDF5F, 0xE77F, 0xDF7F, 0xDF5F, 0xD71E, 0xC6DE, 0xC6BD, 0xBEBD, 0xC6DE, 0xCEFE, 0xCF1E, 0xD73E, 0xDF5F, 0xE77F, 0xE77F, 0xE79F,   // 0x1830 (6192) pixels
0xEFBF, 0xEFBF, 0xF7DF, 0xF7DF, 0xF7DF, 0xF7DF, 0xF7DF, 0xF7DF, 0xF7BF, 0xEFBF, 0xEF9F, 0xE77F, 0xE75F, 0xDF3F, 0xD71E, 0xCEFE,   // 0x1840 (6208) pixels
0xBEBE, 0xB67E, 0xAE5D, 0x9E1D, 0x95DD, 0x8D7C, 0x7D5C, 0x74FB, 0x6CBB, 0x649A, 0x5C59, 0x5419, 0x4BD8, 0x4397, 0x4377, 0x3B36,   // 0x1850 (6224) pixels
0x3B15, 0x32D4, 0x32B4, 0x3293, 0x2A52, 0x2A31, 0x2A10, 0x29F0, 0x21CF, 0x21AE, 0x218E, 0x216D, 0x214D, 0x214C, 0x192C, 0x192C,   // 0x1860 (6240) pixels
0x190B, 0x190B, 0x190B, 0x190B, 0x192C, 0x192C, 0x194C, 0x218D, 0x21AE, 0x21EF, 0x2250, 0x2A91, 0x2AF3, 0x3334, 0x3BD7, 0x3C5B,   // 0x1870 (6256) pixels
0x345C, 0x343B, 0x3C17, 0x351C, 0x357F, 0x2D9F, 0x2D9F, 0x2D9F, 0x0000, 0x0000, 0x0000, 0x0000, 0x0000, 0x0000, 0x0000, 0x0000,   // 0x1880 (6272) pixels
0x0000, 0x0000, 0x0000, 0x1D7F, 0x1D7F, 0x1D7F, 0x1D7F, 0x73BC, 0x353F, 0x855F, 0xE51F, 0xED5F, 0xF59F, 0xF5DF, 0xF61F, 0xF63F,   // 0x1890 (6288) pixels
0xF67F, 0xF69F, 0xFEFF, 0xF6FF, 0xF6FF, 0xF6FF, 0xEEDF, 0xEF9F, 0xEF5E, 0xDF1E, 0xC67D, 0xB61D, 0xB63E, 0xBE7E, 0xCEDE, 0xCF1E,   // 0x18A0 (6304) pixels
0xCF1E, 0xCEFE, 0xCEDD, 0xCEDD, 0xCEDD, 0xCEBD, 0xC6BD, 0xC6DD, 0xCEDE, 0xCEFE, 0xD71E, 0xDF3E, 0xE77F, 0xE77F, 0xEF9F, 0xEF9F,   // 0x18B0 (6320) pixels
0xF7BF, 0xF7DF, 0xF7DF, 0xF7DF, 0xF7DF, 0xF7DF, 0xF7DF, 0xF7DF, 0xF7BF, 0xEFBF, 0xEF9F, 0xE77F, 0xE75F, 0xDF3F, 0xD71E, 0xCEFE,   // 0x18C0 (6336) pixels
0xBEBE, 0xB67E, 0xAE5D, 0x9E1D, 0x95DD, 0x8D9C, 0x7D5C, 0x751B, 0x6CDB, 0x649A, 0x5C5A, 0x5419, 0x4BD8, 0x43B7, 0x4377, 0x3B36,   // 0x18D0 (6352) pixels
0x3B15, 0x32D4, 0x32B4, 0x3293, 0x2A72, 0x2A31, 0x2A11, 0x29F0, 0x29CF, 0x21AF, 0x218E, 0x216D, 0x216D, 0x214C, 0x192C, 0x192C,   // 0x18E0 (6368) pixels
0x190B, 0x190B, 0x190B, 0x18EB, 0x190B, 0x190B, 0x192C, 0x194C, 0x196D, 0x21AE, 0x21EF, 0x2A50, 0x2A91, 0x32F3, 0x3354, 0x3395,   // 0x18F0 (6384) pixels
0x3C18, 0x345B, 0x343C, 0x347B, 0x359F, 0x359F, 0x2DBF, 0x2D9F, 0x259F, 0x0000, 0x0000, 0x0000, 0x0000, 0x0000, 0x0000, 0x0000,   // 0x1900 (6400) pixels
0x0000, 0x0000, 0x0000, 0x1D7F, 0x255F, 0x1D9F, 0x34FE, 0x7BBC, 0x259F, 0x953F, 0xE51F, 0xED3F, 0xED7F, 0xF59F, 0xF5DF, 0xF61F,   // 0x1910 (6416) pixels
0xF63F, 0xF65F, 0xF69F, 0xF6BF, 0xF6DF, 0xF6DF, 0xEF1E, 0xDEFE, 0xC65E, 0xBE1E, 0xBE1E, 0xB61E, 0xBE5E, 0xBE7E, 0xADFC, 0xA59A,   // 0x1920 (6432) pixels
0x9D7A, 0xADFB, 0xBE5C, 0xCEBD, 0xD6DD, 0xD6FD, 0xCEDD, 0xCEDD, 0xD6FE, 0xD71E, 0xDF3E, 0xDF5E, 0xE77F, 0xEF7F, 0xEF9F, 0xEF9F,   // 0x1930 (6448) pixels
0xF7BF, 0xF7DF, 0xF7DF, 0xF7DF, 0xF7DF, 0xF7DF, 0xF7DF, 0xF7DF, 0xF7BF, 0xEFBF, 0xEF9F, 0xE77F, 0xDF5F, 0xDF3F, 0xD71E, 0xC6FE,   // 0x1940 (6464) pixels
0xBEBE, 0xB67E, 0xAE3E, 0x9E1D, 0x95DD, 0x8D9C, 0x7D5C, 0x751B, 0x6CDB, 0x649A, 0x5C5A, 0x5419, 0x4BD8, 0x43B8, 0x4377, 0x3B56,   // 0x1950 (6480) pixels
0x3B15, 0x32F5, 0x32B4, 0x3293, 0x2A72, 0x2A31, 0x2A11, 0x29F0, 0x29CF, 0x21AF, 0x218E, 0x216D, 0x216D, 0x214D, 0x192C, 0x192C,   // 0x1960 (6496) pixels
0x190B, 0x190B, 0x190B, 0x18EB, 0x190B, 0x190B, 0x190C, 0x192C, 0x194D, 0x198D, 0x21CE, 0x220F, 0x2A50, 0x2AB2, 0x3313, 0x3374,   // 0x1970 (6512) pixels
0x3BB5, 0x3BF6, 0x3419, 0x2C3C, 0x2C7D, 0x2D5F, 0x2D7F, 0x259F, 0x257F, 0x257F, 0x0000, 0x0000, 0x0000, 0x0000, 0x0000, 0x0000,   // 0x1980 (6528) pixels
0x0000, 0x0000, 0x1D5F, 0x1D7F, 0x1D7F, 0x1D7F, 0x7B9C, 0x44BE, 0x1D9F, 0xA4DF, 0xE4FF, 0xED1F, 0xED5F, 0xED7F, 0xF5BF, 0xEDDF,   // 0x1990 (6544) pixels
0xEDFF, 0xEE1F, 0xEE5F, 0xEE7F, 0xEE5F, 0xCDDE, 0xB57D, 0xAD7D, 0xB5DD, 0xBE1E, 0xBE1D, 0xB5DC, 0x9D5A, 0x8CD8, 0x8CD8, 0x8CF8,   // 0x19A0 (6560) pixels
0x9539, 0x9D9A, 0xADFB, 0xBE7C, 0xCEDD, 0xD6FD, 0xD71E, 0xD71E, 0xD71E, 0xD71E, 0xDF3E, 0xDF5E, 0xE77F, 0xE77F, 0xEF9F, 0xEF9F,   // 0x19B0 (6576) pixels
0xF7BF, 0xF7BF, 0xF7DF, 0xF7DF, 0xF7DF, 0xF7DF, 0xF7DF, 0xF7BF, 0xF7BF, 0xEF9F, 0xEF9F, 0xE77F, 0xDF5F, 0xD73F, 0xCF1E, 0xC6DE,   // 0x19C0 (6592) pixels
0xBEBE, 0xB67E, 0xAE3D, 0x9E1D, 0x95DD, 0x8D9C, 0x7D5C, 0x751B, 0x6CDB, 0x649A, 0x5C7A, 0x5439, 0x53F9, 0x4BD8, 0x4397, 0x4376,   // 0x19D0 (6608) pixels
0x3B36, 0x3B15, 0x3AD4, 0x32B3, 0x3272, 0x2A52, 0x2A31, 0x2A10, 0x29F0, 0x29CF, 0x21AE, 0x218E, 0x216D, 0x214D, 0x212C, 0x192C,   // 0x19E0 (6624) pixels
0x190B, 0x190B, 0x190B, 0x18EB, 0x18EB, 0x190B, 0x190B, 0x192C, 0x194C, 0x196D, 0x21AE, 0x21EF, 0x2230, 0x2A71, 0x2AD2, 0x3333,   // 0x19F0 (6640) pixels
0x3394, 0x3BD5, 0x3BF6, 0x3417, 0x2C1B, 0x243C, 0x2D3F, 0x257F, 0x257F, 0x255F, 0x255F, 0x0000, 0x0000, 0x0000, 0x0000, 0x0000,   // 0x1A00 (6656) pixels
0x0000, 0x0000, 0x1D7F, 0x1D5F, 0x1D7F, 0x3CFE, 0x931B, 0x1D7F, 0x255F, 0xBC7E, 0xE4DF, 0xE4FF, 0xED3F, 0xED5F, 0xED7F, 0xEDBF,   // 0x1A10 (6672) pixels
0xEDDF, 0xEDDF, 0xDDBF, 0xC55E, 0xACFD, 0xA4FC, 0xA4FC, 0xA53D, 0xBDFD, 0xCE7D, 0xBE1B, 0xA559, 0x8CD8, 0x8497, 0x8477, 0x84B7,   // 0x1A20 (6688) pixels
0x8CF8, 0x9559, 0xA59A, 0xB61B, 0xC67C, 0xCEDD, 0xDF1E, 0xDF3E, 0xDF1E, 0xDF3E, 0xDF3E, 0xDF5E, 0xE77F, 0xE77F, 0xE77F, 0xEF9F,   // 0x1A30 (6704) pixels
0xEF9F, 0xEFBF, 0xF7BF, 0xF7BF, 0xF7BF, 0xF7BF, 0xF7BF, 0xEFBF, 0xEF9F, 0xEF9F, 0xE77F, 0xDF5F, 0xDF5F, 0xD73F, 0xCEFE, 0xC6DE,   // 0x1A40 (6720) pixels
0xBEBE, 0xB67E, 0xAE5E, 0x9E1D, 0x95DD, 0x8D9D, 0x857C, 0x7D3C, 0x751B, 0x6CDB, 0x649A, 0x647A, 0x5C39, 0x5418, 0x53D8, 0x4BB7,   // 0x1A50 (6736) pixels
0x4B96, 0x4356, 0x4335, 0x3AF4, 0x3AD3, 0x3A92, 0x3272, 0x3251, 0x3230, 0x29F0, 0x29CF, 0x29AE, 0x218E, 0x216D, 0x214D, 0x212C,   // 0x1A60 (6752) pixels
0x192C, 0x190B, 0x190B, 0x190B, 0x190B, 0x190B, 0x190B, 0x192C, 0x194C, 0x196D, 0x198E, 0x21CF, 0x220F, 0x2A50, 0x2AB1, 0x3312,   // 0x1A70 (6768) pixels
0x3354, 0x3BB5, 0x3BD5, 0x3BF6, 0x347A, 0x245C, 0x241C, 0x253F, 0x257F, 0x1D3F, 0x1D5F, 0x1D5F, 0x0000, 0x0000, 0x0000, 0x0000,   // 0x1A80 (6784) pixels
0x0000, 0x0000, 0x1D7F, 0x1D5F, 0x1D7F, 0x73BC, 0x5C3D, 0x1D7F, 0x545D, 0xDC9F, 0xE4BF, 0xE4DF, 0xE4FF, 0xE53F, 0xE55F, 0xE57F,   // 0x1A90 (6800) pixels
0xCD1E, 0xAC7D, 0x9C1C, 0x9C7C, 0xA4BC, 0xB55D, 0xCE7E, 0xDEFE, 0xD6BD, 0xCE7C, 0xBDDA, 0x9D18, 0x8C97, 0x7C36, 0x7C36, 0x7C57,   // 0x1AA0 (6816) pixels
0x84B8, 0x8D19, 0x9D5A, 0xADDB, 0xB63C, 0xC69D, 0xD6FD, 0xDF1E, 0xDF3E, 0xDF3E, 0xDF3E, 0xDF5E, 0xDF5E, 0xE75F, 0xE77F, 0xE77F,   // 0x1AB0 (6832) pixels
0xEF9F, 0xEF9F, 0xEF9F, 0xEFBF, 0xEFBF, 0xEFBF, 0xEF9F, 0xEF9F, 0xE79F, 0xE77F, 0xDF7F, 0xDF5F, 0xD73F, 0xCF1F, 0xC6FE, 0xC6DE,   // 0x1AC0 (6848) pixels
0xBEBE, 0xB67E, 0xAE5E, 0xA63D, 0x9DFD, 0x95DD, 0x8DBD, 0x8D9C, 0x855C, 0x7D3B, 0x7D1B, 0x74FB, 0x74DA, 0x6C99, 0x6C79, 0x6458,   // 0x1AD0 (6864) pixels
0x6418, 0x5BF7, 0x53B6, 0x5395, 0x4B55, 0x4B34, 0x42F3, 0x42D2, 0x3AB2, 0x3A71, 0x3250, 0x3210, 0x31EF, 0x29CE, 0x29AE, 0x218D,   // 0x1AE0 (6880) pixels
0x216D, 0x214C, 0x192C, 0x192B, 0x190B, 0x190B, 0x192C, 0x192C, 0x194C, 0x196D, 0x198E, 0x21AE, 0x21EF, 0x2230, 0x2A91, 0x2AF2,   // 0x1AF0 (6896) pixels
0x3333, 0x3374, 0x3BB5, 0x3BD5, 0x3438, 0x2D7F, 0x245C, 0x1C1C, 0x255F, 0x255F, 0x1D3F, 0x1D5F, 0x0000, 0x0000, 0x0000, 0x0000,   // 0x1B00 (6912) pixels
0x0000, 0x1417, 0x1D7F, 0x1D5F, 0x257F, 0xA2BA, 0x2D1F, 0x34FE, 0x4C9E, 0xDC7F, 0xDC9F, 0xE4DF, 0xE4FF, 0xDCFF, 0xC47D, 0xA3DC,   // 0x1B10 (6928) pixels
0x93BB, 0x93DB, 0x9C3C, 0xBCDE, 0xDDBF, 0xE6BE, 0xE75E, 0xDEFE, 0xD69D, 0xCE3C, 0xB5BA, 0x94D8, 0x8456, 0x7416, 0x7416, 0x7436,   // 0x1B20 (6944) pixels
0x7C77, 0x84D8, 0x9539, 0x9D9A, 0xADFB, 0xBE5C, 0xC6BD, 0xD6FE, 0xDF3E, 0xDF3E, 0xDF3E, 0xDF3E, 0xDF3E, 0xDF5F, 0xDF5F, 0xE77F,   // 0x1B30 (6960) pixels
0xE77F, 0xE77F, 0xE77F, 0xE79F, 0xE79F, 0xE77F, 0xDF7F, 0xDF7F, 0xDF7F, 0xDF5F, 0xD75F, 0xD73F, 0xCF1F, 0xC71F, 0xC6FF, 0xBEDE,   // 0x1B40 (6976) pixels
0xBEBE, 0xB69E, 0xAE7E, 0xAE5E, 0xA63E, 0xA61D, 0x9E1D, 0x9DFD, 0x95DC, 0x95BC, 0x959C, 0x8D9B, 0x8D7B, 0x8D3B, 0x851A, 0x7CFA,   // 0x1B50 (6992) pixels
0x7CD9, 0x7498, 0x6C78, 0x6C37, 0x6417, 0x5BD6, 0x5BB5, 0x5374, 0x5354, 0x4B33, 0x4AF2, 0x42D2, 0x3A91, 0x3A70, 0x3230, 0x320F,   // 0x1B60 (7008) pixels
0x29EE, 0x29AE, 0x218D, 0x216D, 0x216C, 0x194C, 0x194C, 0x194C, 0x194D, 0x196D, 0x198E, 0x21AE, 0x21EF, 0x2230, 0x2A71, 0x2AD2,   // 0x1B70 (7024) pixels
0x3313, 0x3374, 0x3BB4, 0x3BD5, 0x3BD5, 0x2D7F, 0x2D7F, 0x1C3C, 0x1C3C, 0x257F, 0x1D5F, 0x1D5F, 0x1D5F, 0x0000, 0x0000, 0x0000,   // 0x1B80 (7040) pixels
0x0000, 0x1417, 0x1D7F, 0x1D9F, 0x3CDE, 0x9ADA, 0x1D7F, 0x6BDC, 0x1D7F, 0xDC5F, 0xDC7F, 0xD47F, 0xB3DD, 0x9B5B, 0x9B5B, 0x9B9B,   // 0x1B90 (7056) pixels
0xB43D, 0xCCFE, 0xE55F, 0xE57F, 0xED7F, 0xE6FE, 0xEF3E, 0xE6DD, 0xD67C, 0xC61B, 0xAD79, 0x9497, 0x7C16, 0x73D5, 0x6BD5, 0x6BF6,   // 0x1BA0 (7072) pixels
0x7437, 0x7C98, 0x8CF9, 0x955A, 0xA5BB, 0xAE1C, 0xBE5C, 0xC6BD, 0xD6FE, 0xDF3E, 0xDF5E, 0xDF3E, 0xD73E, 0xD73F, 0xD73F, 0xD75F,   // 0x1BB0 (7088) pixels
0xD75F, 0xD75F, 0xD75F, 0xD75F, 0xD75F, 0xD75F, 0xD75F, 0xD75F, 0xD75F, 0xCF3F, 0xCF3F, 0xCF1F, 0xCF1F, 0xC71F, 0xC6FF, 0xC6FF,   // 0x1BC0 (7104) pixels
0xC6FE, 0xC6DE, 0xBEDE, 0xBEBE, 0xBEBE, 0xBEBE, 0xBEBE, 0xB69E, 0xB69E, 0xB69E, 0xB67E, 0xAE7D, 0xAE5D, 0xA63D, 0xA63D, 0xA61D,   // 0x1BD0 (7120) pixels
0x9DFD, 0x95DC, 0x95BC, 0x8D9B, 0x855B, 0x853A, 0x7CFA, 0x74D9, 0x6C98, 0x6C57, 0x6416, 0x5BB5, 0x5353, 0x4AF2, 0x42D2, 0x4291,   // 0x1BE0 (7136) pixels
0x3A70, 0x3250, 0x322F, 0x2A0F, 0x29EE, 0x21CE, 0x21AE, 0x21AE, 0x21AE, 0x21AE, 0x21AE, 0x21CF, 0x21EF, 0x2230, 0x2A71, 0x2AB2,   // 0x1BF0 (7152) pixels
0x3312, 0x3353, 0x3B94, 0x3BB5, 0x3BD5, 0x2CFC, 0x2D9F, 0x255F, 0x1BFC, 0x1C9E, 0x1D5F, 0x1D7F, 0x1D5F, 0x1D7F, 0x0000, 0x0000,   // 0x1C00 (7168) pixels
0x0000, 0x1417, 0x1D7F, 0x157F, 0x547D, 0x931B, 0x34FE, 0x63FD, 0x2D3F, 0xBBBD, 0xAB5C, 0x9AFB, 0x9B1B, 0xABBC, 0xC45E, 0xDCDF,   // 0x1C10 (7184) pixels
0xE51F, 0xE51F, 0xED3F, 0xED3F, 0xED5F, 0xE71E, 0xEF1E, 0xDEBD, 0xCE3C, 0xBDDA, 0xAD39, 0x8C77, 0x73F5, 0x6BB5, 0x63B5, 0x6BD5,   // 0x1C20 (7200) pixels
0x6C16, 0x7477, 0x84D8, 0x8D39, 0x9D7A, 0xA5DB, 0xAE3C, 0xBE7D, 0xC6BD, 0xCEFE, 0xD71E, 0xD73E, 0xD73E, 0xCF3F, 0xCF3F, 0xCF3F,   // 0x1C30 (7216) pixels
0xCF3F, 0xCF3F, 0xCF3F, 0xD73F, 0xD73F, 0xD73F, 0xD75F, 0xD75F, 0xD75F, 0xDF5F, 0xDF5F, 0xDF5F, 0xDF5F, 0xD75F, 0xD73F, 0xD73F,   // 0x1C40 (7232) pixels
0xD73F, 0xD71F, 0xCF1F, 0xCF1F, 0xCEFE, 0xC6FE, 0xC6FE, 0xC6DE, 0xBEDE, 0xBEBE, 0xB6BE, 0xB69E, 0xB69E, 0xAE7E, 0xAE7E, 0xA65E,   // 0x1C50 (7248) pixels
0xA65E, 0xA65E, 0x9E3E, 0x9E3E, 0x961E, 0x961E, 0x8DFD, 0x8DFD, 0x8DDD, 0x85DD, 0x85BD, 0x7DBD, 0x7D9D, 0x757D, 0x6D1B, 0x64BA,   // 0x1C60 (7264) pixels
0x5C59, 0x53F7, 0x4B75, 0x3AF2, 0x3270, 0x2A2F, 0x2A0F, 0x2A0F, 0x2A0F, 0x21EF, 0x220F, 0x2210, 0x2230, 0x2250, 0x2A71, 0x2AB2,   // 0x1C70 (7280) pixels
0x3312, 0x3353, 0x3B94, 0x3BB4, 0x3BD5, 0x3458, 0x259F, 0x255F, 0x1CFE, 0x13DC, 0x1D3F, 0x1D5F, 0x1D5F, 0x1D7F, 0x0000, 0x0000,   // 0x1C80 (7296) pixels
0x0000, 0x1417, 0x1D7F, 0x1D7F, 0x34FF, 0xAA9A, 0x9ADB, 0x9ADA, 0xA2BA, 0xA2DA, 0xAB5C, 0xBBDD, 0xD45F, 0xE49F, 0xE4BF, 0xE4DF,   // 0x1C90 (7312) pixels
0xE4DF, 0xECFF, 0xECFF, 0xED1F, 0xE53E, 0xEF3E, 0xE6FE, 0xDE9D, 0xCE1B, 0xBD9A, 0xA518, 0x8456, 0x73D5, 0x6395, 0x6395, 0x63D5,   // 0x1CA0 (7328) pixels
0x6C16, 0x6C57, 0x7CB8, 0x84F9, 0x8D5A, 0x9DBB, 0xA5FC, 0xAE3D, 0xB67D, 0xBE9D, 0xCEFE, 0xD73E, 0xD73F, 0xD73F, 0xD73F, 0xD73F,   // 0x1CB0 (7344) pixels
0xD73F, 0xD73F, 0xD73F, 0xD73F, 0xD73F, 0xD73F, 0xD73F, 0xD73F, 0xD73F, 0xD73F, 0xD73F, 0xD73F, 0xD73F, 0xD73F, 0xD73F, 0xCF1F,   // 0x1CC0 (7360) pixels
0xCF1F, 0xCF1F, 0xCEFE, 0xC6FE, 0xC6FE, 0xC6DE, 0xBEDE, 0xBEDE, 0xBEBE, 0xB6BE, 0xB69E, 0xB69E, 0xAE7E, 0xAE7E, 0xA67E, 0xA65E,   // 0x1CD0 (7376) pixels
0xA65E, 0x9E3E, 0x9E3E, 0x961E, 0x961E, 0x95FE, 0x8DFD, 0x8DDD, 0x85DD, 0x85BD, 0x7DBD, 0x7D9D, 0x7D9D, 0x757D, 0x757D, 0x6D5D,   // 0x1CE0 (7392) pixels
0x6D5D, 0x653D, 0x653D, 0x651D, 0x5D1C, 0x549B, 0x4C18, 0x3B76, 0x32F3, 0x2A71, 0x2A50, 0x2A51, 0x2A51, 0x2A71, 0x2A92, 0x2AD2,   // 0x1CF0 (7408) pixels
0x3313, 0x3353, 0x3394, 0x3BB5, 0x3BD5, 0x33F6, 0x2CDC, 0x255F, 0x257F, 0x147D, 0x147D, 0x1D7F, 0x1D5F, 0x1D5F, 0x0000, 0x0000,   // 0x1D00 (7424) pixels
0x0000, 0x1417, 0x1D7F, 0x1D7F, 0x1D7F, 0x3CDE, 0x9AFB, 0x5C1D, 0x73BC, 0xD3FF, 0xDC1F, 0xDC3F, 0xE45F, 0xE47F, 0xE49F, 0xEC9F,   // 0x1D10 (7440) pixels
0xECBF, 0xECDF, 0xECDF, 0xECFF, 0xE57F, 0xEF1E, 0xE6BD, 0xD63C, 0xBDBB, 0xB57A, 0x9CF8, 0x7C36, 0x6BB5, 0x6394, 0x5B95, 0x5BB5,   // 0x1D20 (7456) pixels
0x63F6, 0x6C37, 0x7498, 0x84F9, 0x959B, 0xA61C, 0xAE7D, 0xB69E, 0xBEBE, 0xC6FE, 0xCF1E, 0xD73F, 0xDF5F, 0xDF5F, 0xD75F, 0xD73F,   // 0x1D30 (7472) pixels
0xD73F, 0xD71F, 0xCF1F, 0xCF1F, 0xCF1F, 0xCF1F, 0xCF1F, 0xCF1F, 0xCF1F, 0xCF1F, 0xCF1F, 0xCF1F, 0xCF1F, 0xCF1E, 0xC6FE, 0xC6FE,   // 0x1D40 (7488) pixels
0xC6DE, 0xBEDE, 0xBEBE, 0xB69E, 0xB67E, 0xAE7E, 0xA65D, 0xA63D, 0xA61D, 0x9DFD, 0x9DDC, 0x95BC, 0x959C, 0x8D7B, 0x8D5B, 0x853A,   // 0x1D50 (7504) pixels
0x84FA, 0x7CD9, 0x74B9, 0x7498, 0x6C78, 0x6C57, 0x6C37, 0x6416, 0x63F6, 0x5BF6, 0x5BF6, 0x5BF6, 0x5BF6, 0x5BF7, 0x5C17, 0x5C17,   // 0x1D60 (7520) pixels
0x5438, 0x5C59, 0x5C9A, 0x5CDB, 0x5CFD, 0x5CFD, 0x54FC, 0x54DC, 0x4CDC, 0x4CBC, 0x443A, 0x3BB7, 0x3335, 0x2AB2, 0x2AD2, 0x2AF3,   // 0x1D70 (7536) pixels
0x3333, 0x3374, 0x3394, 0x3BB5, 0x3BD5, 0x33D5, 0x2C9A, 0x1D1E, 0x257F, 0x1D3F, 0x13DC, 0x1D7F, 0x1D5F, 0x1D5F, 0x1D5F, 0x0000,   // 0x1D80 (7552) pixels
0x0000, 0x0000, 0x1D5F, 0x1D3F, 0x155F, 0x3CDE, 0x7B7C, 0x1D7F, 0x5C1D, 0xDBFF, 0xDBFF, 0xE41F, 0xE43F, 0xE45F, 0xE45F, 0xE47F,   // 0x1D90 (7568) pixels
0xEC9F, 0xEC9F, 0xECBF, 0xECBF, 0xDD9E, 0xE6FE, 0xDE9D, 0xCE1C, 0xB57A, 0x9CF8, 0x8C77, 0x73F6, 0x63B5, 0x63B5, 0x6C17, 0x74B9,   // 0x1DA0 (7584) pixels
0x855A, 0x95DC, 0xA65D, 0xAE7E, 0xAE9E, 0xAE9E, 0xAE9E, 0xB69E, 0xBEBE, 0xBEDE, 0xC6FE, 0xCEFE, 0xCF1F, 0xD73F, 0xD75F, 0xD73F,   // 0x1DB0 (7600) pixels
0xD71F, 0xCF1F, 0xCF1F, 0xCF1F, 0xC6FF, 0xC6FF, 0xC6FF, 0xC6FF, 0xBEFF, 0xBEDF, 0xBEDE, 0xB6BE, 0xB6BE, 0xAE9E, 0xAE7E, 0xA67E,   // 0x1DC0 (7616) pixels
0xA65E, 0x9E3E, 0x9E1D, 0x95FD, 0x95DD, 0x8DBD, 0x8D9C, 0x857C, 0x855C, 0x853B, 0x7D1B, 0x7CFA, 0x74DA, 0x74B9, 0x6C99, 0x6C78,   // 0x1DD0 (7632) pixels
0x6438, 0x6417, 0x5BF7, 0x5BD6, 0x5BB5, 0x5375, 0x5354, 0x4B33, 0x4B13, 0x4AF2, 0x42D2, 0x42D2, 0x42B1, 0x3A91, 0x3A91, 0x3A70,   // 0x1DE0 (7648) pixels
0x3A70, 0x3250, 0x3250, 0x3250, 0x3250, 0x3291, 0x3AF3, 0x3B34, 0x3B96, 0x43F9, 0x445B, 0x449C, 0x3C7C, 0x3C5C, 0x33F9, 0x3397,   // 0x1DF0 (7664) pixels
0x3354, 0x3374, 0x33B5, 0x3BD5, 0x3BD5, 0x3416, 0x2CDB, 0x251E, 0x1D5F, 0x1D7F, 0x143D, 0x1D1E, 0x1D7F, 0x1D5F, 0x1D5F, 0x0000,   // 0x1E00 (7680) pixels
0x0000, 0x0000, 0x1D3F, 0x1D3F, 0x155F, 0x44BE, 0x7B9C, 0x1D7F, 0x63FC, 0xD3DF, 0xDBDF, 0xE3FF, 0xE41F, 0xE43F, 0xE43F, 0xE45F,   // 0x1E10 (7696) pixels
0xE47F, 0xE47F, 0xE49F, 0xE49F, 0xE5DF, 0xDEDE, 0xD67D, 0xC5DC, 0xA53A, 0x94DA, 0x8CDA, 0x84BA, 0x851C, 0x959D, 0x95BD, 0x9DFD,   // 0x1E20 (7712) pixels
0x9E1E, 0x9E3E, 0x9E3E, 0x9E3E, 0xA65E, 0xA65E, 0xAE7E, 0xAE7E, 0xAE7E, 0xAE7E, 0xB67E, 0xB69E, 0xBEBE, 0xC6DE, 0xCEFE, 0xCF1E,   // 0x1E30 (7728) pixels
0xCF1E, 0xC6FE, 0xC6FE, 0xC6DE, 0xBEDE, 0xBEDE, 0xBEDE, 0xBEDE, 0xB6BE, 0xB6BE, 0xB69E, 0xAE7E, 0xAE7E, 0xA65E, 0xA63E, 0x9E1D,   // 0x1E40 (7744) pixels
0x95FD, 0x95DD, 0x8DBD, 0x859D, 0x857C, 0x7D3C, 0x751B, 0x74FB, 0x6CDB, 0x649A, 0x647A, 0x5C59, 0x5C38, 0x53F8, 0x53D7, 0x4BB7,   // 0x1E50 (7760) pixels
0x4B76, 0x4B55, 0x4335, 0x4314, 0x42F3, 0x3AD3, 0x3AB2, 0x3A91, 0x3A71, 0x3250, 0x3230, 0x320F, 0x320F, 0x31EF, 0x29EE, 0x29EE,   // 0x1E60 (7776) pixels
0x29CE, 0x29CE, 0x29CE, 0x29CE, 0x29CE, 0x29CE, 0x29EE, 0x29EF, 0x2A0F, 0x2A30, 0x2A50, 0x2A72, 0x2AF4, 0x3377, 0x33F9, 0x343B,   // 0x1E70 (7792) pixels
0x2C3C, 0x2BFA, 0x33D7, 0x3BD5, 0x3BF5, 0x3BD5, 0x2D9F, 0x1D5F, 0x157F, 0x1D7F, 0x147D, 0x1CDE, 0x155F, 0x1D5F, 0x1D5F, 0x0000,   // 0x1E80 (7808) pixels
0x0000, 0x0000, 0x1D3F, 0x1D5F, 0x1D5F, 0x34FE, 0x9ADB, 0x44BE, 0x543D, 0xCBDF, 0xDBBF, 0xDBDF, 0xDBFF, 0xDC1F, 0xDC1F, 0xDC3F,   // 0x1E90 (7824) pixels
0xDC5F, 0xDC5F, 0xD45F, 0xC45E, 0xB4DD, 0xA51C, 0x94BC, 0x8C7C, 0x8C9C, 0x8CDC, 0x951D, 0x8D3D, 0x8D3D, 0x8D7D, 0x8D9D, 0x8DBD,   // 0x1EA0 (7840) pixels
0x857C, 0x7D3B, 0x74FA, 0x74DA, 0x74D9, 0x74D9, 0x74DA, 0x7CFA, 0x855B, 0x8D9B, 0x95DC, 0x9E1D, 0xAE3D, 0xB67D, 0xBEBE, 0xC6DE,   // 0x1EB0 (7856) pixels
0xCEFE, 0xC6FE, 0xC6DE, 0xBEDE, 0xBEDE, 0xBEBE, 0xBEBE, 0xB69E, 0xB69E, 0xAE7E, 0xAE5E, 0xA65E, 0xA63D, 0x9E1D, 0x95FD, 0x95DD,   // 0x1EC0 (7872) pixels
0x8D9D, 0x857C, 0x7D5C, 0x753C, 0x74FB, 0x6CDB, 0x64BB, 0x5C7A, 0x5C5A, 0x5439, 0x53F9, 0x4BD8, 0x4BB7, 0x4377, 0x4356, 0x3B35,   // 0x1ED0 (7888) pixels
0x3B15, 0x3AD4, 0x32B3, 0x3293, 0x3272, 0x3251, 0x2A30, 0x2A10, 0x29EF, 0x29CF, 0x29AE, 0x21AE, 0x218D, 0x216D, 0x216D, 0x216D,   // 0x1EE0 (7904) pixels
0x214C, 0x214C, 0x214C, 0x214C, 0x214C, 0x216C, 0x216D, 0x218D, 0x21AE, 0x21CE, 0x21EF, 0x2210, 0x2251, 0x2A71, 0x2AB2, 0x2AF3,   // 0x1EF0 (7920) pixels
0x2B55, 0x2BD9, 0x23FB, 0x23FB, 0x33F8, 0x3BD5, 0x2D7F, 0x257F, 0x1D7F, 0x1D7F, 0x14BE, 0x1CDE, 0x157F, 0x1D5F, 0x1D5F, 0x0000,   // 0x1F00 (7936) pixels
0x0000, 0x0000, 0x1C9B, 0x1D5F, 0x1D5F, 0x1D7F, 0x7B9C, 0xA2BA, 0x6BDC, 0xAB9E, 0xCB9E, 0xCB9E, 0xC39E, 0xBBBD, 0xB3BD, 0xABBC,   // 0x1F10 (7952) pixels
0x9BBC, 0x8BBB, 0x8BBB, 0x8BDB, 0x8BFC, 0x8C1C, 0x845C, 0x847C, 0x8C9C, 0x8CBB, 0x849A, 0x7418, 0x5B96, 0x4B34, 0x42D3, 0x3AB3,   // 0x1F20 (7968) pixels
0x3AF3, 0x4314, 0x4B55, 0x4B96, 0x53F7, 0x5C38, 0x6C78, 0x74B9, 0x7CFA, 0x853B, 0x8D7B, 0x95BC, 0x9DFC, 0xA63D, 0xAE5D, 0xBE9D,   // 0x1F30 (7984) pixels
0xC6BE, 0xC6DE, 0xC6DE, 0xBEBE, 0xBE9E, 0xB69E, 0xB69E, 0xB67E, 0xAE5E, 0xAE3D, 0xA63D, 0x9E1D, 0x9DFD, 0x95DD, 0x8DBD, 0x857C,   // 0x1F40 (8000) pixels
0x7D5C, 0x7D3C, 0x751C, 0x6CDB, 0x64BB, 0x5C9A, 0x5C5A, 0x543A, 0x4C19, 0x4BD9, 0x43B8, 0x4397, 0x3B77, 0x3B36, 0x3B15, 0x3AF5,   // 0x1F50 (8016) pixels
0x32D4, 0x32B3, 0x3293, 0x2A52, 0x2A31, 0x2A10, 0x29F0, 0x29CF, 0x21AF, 0x218E, 0x216E, 0x216D, 0x214D, 0x214C, 0x192C, 0x192C,   // 0x1F60 (8032) pixels
0x190B, 0x190B, 0x190B, 0x190B, 0x190B, 0x190B, 0x192C, 0x194C, 0x196D, 0x198D, 0x21AE, 0x21CF, 0x2210, 0x2230, 0x2A71, 0x2AB2,   // 0x1F70 (8048) pixels
0x2AF3, 0x3354, 0x3395, 0x33D7, 0x23FA, 0x1BDA, 0x24FE, 0x257F, 0x1D7F, 0x1D7F, 0x145D, 0x1D1F, 0x1D5F, 0x1D5F, 0x1D5F, 0x0000,   // 0x1F80 (8064) pixels
0x0000, 0x0000, 0x0000, 0x1D7F, 0x1D5F, 0x1D7F, 0x1D7F, 0x837B, 0x8B3B, 0x9AFB, 0x9ADA, 0x9AFB, 0x931B, 0x933B, 0x935B, 0x937B,   // 0x1F90 (8080) pixels
0x9B9C, 0xA3BC, 0xABDD, 0xB3FD, 0xB51D, 0xC5FD, 0xC5DD, 0xBD9B, 0xA4D9, 0x8C37, 0x7395, 0x5AF3, 0x4292, 0x3A71, 0x3271, 0x3A72,   // 0x1FA0 (8096) pixels
0x3AB2, 0x42F3, 0x4314, 0x4B55, 0x5396, 0x5BD7, 0x6437, 0x6C58, 0x74B9, 0x7CFA, 0x853A, 0x8D5B, 0x959C, 0x9DDC, 0xA61C, 0xAE3D,   // 0x1FB0 (8112) pixels
0xB65D, 0xBE9D, 0xC6BE, 0xBE9E, 0xBE7E, 0xB67D, 0xAE5D, 0xAE3D, 0xA63D, 0x9E1D, 0x9DFD, 0x95DD, 0x8DBD, 0x8D9C, 0x857C, 0x7D3C,   // 0x1FC0 (8128) pixels
0x751C, 0x74FC, 0x6CDB, 0x64BB, 0x5C7A, 0x5C5A, 0x543A, 0x4C19, 0x4BD9, 0x43B8, 0x4398, 0x3B77, 0x3B56, 0x3B16, 0x32F5, 0x32D4,   // 0x1FD0 (8144) pixels
0x32B4, 0x3293, 0x2A72, 0x2A52, 0x2A31, 0x29F0, 0x29D0, 0x21CF, 0x21AE, 0x218E, 0x216D, 0x214D, 0x194C, 0x192C, 0x190C, 0x190B,   // 0x1FE0 (8160) pixels
0x190B, 0x18EB, 0x18EB, 0x18EB, 0x18EB, 0x18EB, 0x190B, 0x192C, 0x192C, 0x194D, 0x198D, 0x19AE, 0x21CF, 0x2210, 0x2230, 0x2A91,   // 0x1FF0 (8176) pixels
0x2AD2, 0x3333, 0x3374, 0x3BB5, 0x3BD5, 0x33D7, 0x13FC, 0x141C, 0x149D, 0x145D, 0x149E, 0x1D7F, 0x1D5F, 0x1D7F, 0x0000, 0x0000,   // 0x2000 (8192) pixels
0x0000, 0x0000, 0x0000, 0x1D7F, 0x1D7F, 0x1D9F, 0x1D7F, 0x7B9C, 0x34FE, 0x747F, 0xD35F, 0xD37F, 0xD39F, 0xDB9F, 0xDBBF, 0xDBDF,   // 0x2010 (8208) pixels
0xDBDF, 0xDBDF, 0xDBFF, 0xDBFF, 0xD5BE, 0xDE7E, 0xCDFD, 0xBD7B, 0xA4B9, 0x8C17, 0x7374, 0x52D2, 0x4271, 0x3A51, 0x3231, 0x3251,   // 0x2020 (8224) pixels
0x3A72, 0x3AB3, 0x42F3, 0x4B34, 0x4B55, 0x5396, 0x5BD7, 0x6417, 0x6C58, 0x7499, 0x7CDA, 0x851A, 0x8D5B, 0x957B, 0x9DBC, 0x9DDC,   // 0x2030 (8240) pixels
0xA61C, 0xAE3D, 0xB65D, 0xB67D, 0xB67D, 0xAE5D, 0xAE3D, 0xA61D, 0x9DFD, 0x9DDD, 0x95BD, 0x8D9C, 0x857C, 0x855C, 0x7D3C, 0x751C,   // 0x2040 (8256) pixels
0x6CFB, 0x6CDB, 0x64BB, 0x5C7A, 0x5C5A, 0x543A, 0x4C19, 0x4BF9, 0x43D8, 0x43B8, 0x4377, 0x3B57, 0x3B36, 0x3B15, 0x3AF5, 0x32D4,   // 0x2050 (8272) pixels
0x32B3, 0x3293, 0x2A72, 0x2A31, 0x2A11, 0x29F0, 0x29CF, 0x21CF, 0x21AE, 0x218E, 0x216D, 0x214D, 0x214C, 0x192C, 0x192C, 0x190B,   // 0x2060 (8288) pixels
0x18EB, 0x18EB, 0x18EB, 0x18EB, 0x18EB, 0x18EB, 0x190B, 0x190B, 0x192C, 0x194D, 0x196D, 0x198E, 0x21CF, 0x21EF, 0x2210, 0x2A71,   // 0x2070 (8304) pixels
0x2AB2, 0x3313, 0x3374, 0x3BB5, 0x3BD5, 0x3BF5, 0x255F, 0x147D, 0x0BFC, 0x1D5F, 0x259F, 0x157F, 0x1D5F, 0x1D7F, 0x0000, 0x0000,   // 0x2080 (8320) pixels
0x0000, 0x0000, 0x0000, 0x0000, 0x1D9F, 0x1D7F, 0x1D9F, 0x7B7C, 0x449E, 0x54DF, 0xD35F, 0xDB5F, 0xDB5F, 0xDB7F, 0xDB7F, 0xDB9F,   // 0x2090 (8336) pixels
0xE39F, 0xE3BF, 0xE3BF, 0xE3BF, 0xDD9D, 0xDE5D, 0xD5FC, 0xBD5B, 0xA4B9, 0x8BF6, 0x6B34, 0x52B2, 0x4251, 0x3A30, 0x3210, 0x3230,   // 0x20A0 (8352) pixels
0x3251, 0x3A92, 0x3AB3, 0x42F3, 0x4B34, 0x4B75, 0x5396, 0x5BD7, 0x6417, 0x6C58, 0x6C79, 0x74B9, 0x7CFA, 0x853B, 0x8D5B, 0x959B,   // 0x20B0 (8368) pixels
0x95BC, 0x9DDC, 0xA5FC, 0xAE3D, 0xAE5D, 0xAE3D, 0xA61D, 0x9DFD, 0x95DD, 0x95BC, 0x8D9C, 0x857C, 0x7D5C, 0x7D3C, 0x751C, 0x6CFB,   // 0x20C0 (8384) pixels
0x6CDB, 0x64BB, 0x5C9A, 0x5C7A, 0x545A, 0x5439, 0x4C19, 0x4BF9, 0x4BD8, 0x43B8, 0x4377, 0x4376, 0x3B36, 0x3B35, 0x3AF5, 0x3AD4,   // 0x20D0 (8400) pixels
0x32B4, 0x3293, 0x3272, 0x3251, 0x2A31, 0x2A10, 0x29F0, 0x29EF, 0x29AF, 0x21AE, 0x218E, 0x216D, 0x214D, 0x214C, 0x192C, 0x192C,   // 0x20E0 (8416) pixels
0x190B, 0x190B, 0x190B, 0x190B, 0x18EB, 0x190B, 0x190B, 0x192C, 0x192C, 0x194D, 0x196D, 0x198E, 0x21AF, 0x21EF, 0x2210, 0x2A50,   // 0x20F0 (8432) pixels
0x2AB1, 0x3312, 0x3353, 0x3B94, 0x3BD5, 0x3BD5, 0x1D7F, 0x1D5F, 0x14BE, 0x0C3D, 0x1D5F, 0x1DBF, 0x1D5F, 0x1D7F, 0x0000, 0x0000,   // 0x2100 (8448) pixels
0x0000, 0x0000, 0x0000, 0x0000, 0x1D9F, 0x1D7F, 0x1D7F, 0x6BDC, 0x5C1D, 0x351F, 0xD33E, 0xDB3F, 0xDB3F, 0xE33F, 0xE35F, 0xE35F,   // 0x2110 (8464) pixels
0xE37F, 0xE37F, 0xE39F, 0xE39F, 0xDD5D, 0xDE3D, 0xD5DC, 0xC53B, 0xA498, 0x8BD6, 0x6B34, 0x5292, 0x4230, 0x3A10, 0x31F0, 0x3210,   // 0x2120 (8480) pixels
0x3231, 0x3271, 0x3A92, 0x3AD3, 0x42F4, 0x4B34, 0x4B75, 0x5396, 0x5BD7, 0x5C17, 0x6438, 0x6C79, 0x74B9, 0x74DA, 0x7D1A, 0x853B,   // 0x2130 (8496) pixels
0x8D5B, 0x8D9C, 0x95BC, 0x9DDC, 0x9DFD, 0xA61D, 0xA61D, 0x9DDD, 0x95BC, 0x8D9C, 0x857C, 0x7D5C, 0x7D5C, 0x753C, 0x6D3C, 0x6D1B,   // 0x2140 (8512) pixels
0x64FB, 0x64DB, 0x5CBB, 0x5C7A, 0x545A, 0x5439, 0x5419, 0x4C19, 0x4BF8, 0x4BD8, 0x4BB7, 0x4397, 0x4376, 0x4356, 0x4335, 0x4335,   // 0x2150 (8528) pixels
0x3B14, 0x3AF4, 0x3AD3, 0x3AB2, 0x3292, 0x3271, 0x3251, 0x3230, 0x2A10, 0x29EF, 0x29CF, 0x29CE, 0x29AE, 0x218D, 0x216D, 0x216D,   // 0x2160 (8544) pixels
0x214C, 0x194C, 0x192C, 0x192B, 0x192B, 0x192C, 0x192C, 0x194C, 0x194C, 0x196D, 0x198E, 0x19AE, 0x21CF, 0x21EF, 0x2210, 0x2A50,   // 0x2170 (8560) pixels
0x2AB1, 0x3312, 0x3353, 0x3B94, 0x3BD5, 0x3BD5, 0x1D7F, 0x1D7F, 0x1D7F, 0x0C5D, 0x1CFF, 0x1D5F, 0x1D5F, 0x1D7F, 0x0000, 0x0000,   // 0x2180 (8576) pixels
0x0000, 0x0000, 0x0000, 0x0000, 0x1D9F, 0x1D7F, 0x1D9F, 0x4C9E, 0x8B1B, 0x1D7F, 0xB37E, 0xD31E, 0xDB1E, 0xDB1F, 0xDB3F, 0xE33F,   // 0x2190 (8592) pixels
0xE33F, 0xE35F, 0xE35F, 0xE37F, 0xDD1D, 0xDE3D, 0xD5BC, 0xBD3B, 0xA478, 0x8BD6, 0x6B14, 0x5292, 0x4230, 0x31EF, 0x31EF, 0x29F0,   // 0x21A0 (8608) pixels
0x3210, 0x3251, 0x3272, 0x3AB2, 0x3AD3, 0x4314, 0x4B35, 0x4B76, 0x53B6, 0x53D7, 0x5C18, 0x6438, 0x6479, 0x6C99, 0x74BA, 0x74FA,   // 0x21B0 (8624) pixels
0x7D1B, 0x853B, 0x855B, 0x8D7C, 0x8D9C, 0x95BC, 0x9DDC, 0x95DD, 0x8DBC, 0x859C, 0x857C, 0x7D7C, 0x757C, 0x755C, 0x6D3C, 0x6D1B,   // 0x21C0 (8640) pixels
0x651B, 0x64FB, 0x64DB, 0x5CDB, 0x5CBA, 0x5C7A, 0x5C59, 0x5439, 0x5439, 0x5418, 0x53F8, 0x53F7, 0x4BD7, 0x4BB7, 0x4B96, 0x4B96,   // 0x21D0 (8656) pixels
0x4B75, 0x4355, 0x4334, 0x4314, 0x42F3, 0x42D3, 0x3AD2, 0x3AB2, 0x3A91, 0x3271, 0x3250, 0x3230, 0x320F, 0x29EF, 0x29EE, 0x29CE,   // 0x21E0 (8672) pixels
0x21AE, 0x21AD, 0x218D, 0x218D, 0x216D, 0x196D, 0x196D, 0x198D, 0x198D, 0x19AE, 0x19AE, 0x21CF, 0x21EF, 0x2210, 0x2230, 0x2271,   // 0x21F0 (8688) pixels
0x2AB1, 0x3312, 0x3353, 0x3B94, 0x3BD5, 0x3BB5, 0x14DE, 0x1D3F, 0x1D7F, 0x14BE, 0x14FE, 0x1D5F, 0x1D5F, 0x1D5F, 0x0000, 0x0000,   // 0x2200 (8704) pixels
0x0000, 0x0000, 0x0000, 0x0000, 0x1D7F, 0x1D7F, 0x1D5F, 0x255F, 0x92FB, 0x5C1D, 0x83FE, 0xCB1E, 0xD31E, 0xD31E, 0xDB1E, 0xDB1F,   // 0x2210 (8720) pixels
0xDB3F, 0xDB3F, 0xE33F, 0xE33F, 0xDCDE, 0xDE1D, 0xD5BC, 0xBD1B, 0xA479, 0x8BB6, 0x6B14, 0x5292, 0x4230, 0x31EF, 0x29EF, 0x29F0,   // 0x2220 (8736) pixels
0x2A10, 0x3231, 0x3271, 0x3292, 0x3AB3, 0x3AF4, 0x4314, 0x4355, 0x4B76, 0x4BB7, 0x53D7, 0x5418, 0x5C38, 0x5C59, 0x6499, 0x6CBA,   // 0x2230 (8752) pixels
0x6CDA, 0x74FB, 0x751B, 0x7D3B, 0x7D5C, 0x857C, 0x8D9C, 0x8DBC, 0x8DBC, 0x85BC, 0x7D9C, 0x7D7C, 0x757C, 0x755C, 0x6D3C, 0x6D3C,   // 0x2240 (8768) pixels
0x6D1B, 0x651B, 0x651B, 0x651B, 0x64FB, 0x64FB, 0x64DB, 0x64BA, 0x64BA, 0x649A, 0x649A, 0x6499, 0x6479, 0x5C79, 0x5C79, 0x5C59,   // 0x2250 (8784) pixels
0x5C58, 0x5C38, 0x5C38, 0x5418, 0x5417, 0x53F7, 0x4BD6, 0x4BB6, 0x4B95, 0x4375, 0x4354, 0x4334, 0x3AF3, 0x3AB2, 0x3271, 0x3250,   // 0x2260 (8800) pixels
0x2A0F, 0x29EF, 0x21EE, 0x21CE, 0x21CE, 0x21CE, 0x21CE, 0x21CE, 0x21CF, 0x21EF, 0x21EF, 0x2210, 0x2210, 0x2230, 0x2251, 0x2A91,   // 0x2270 (8816) pixels
0x2AD2, 0x3313, 0x3374, 0x3394, 0x3BD5, 0x33B5, 0x257F, 0x1CFE, 0x149D, 0x14BE, 0x1D7F, 0x1D3F, 0x1D5F, 0x1D3F, 0x0000, 0x0000,   // 0x2280 (8832) pixels
0x0000, 0x0000, 0x0000, 0x0000, 0x0000, 0x1D7F, 0x255F, 0x1D7F, 0x449E, 0x9ABA, 0x8B5C, 0xC31D, 0xC31D, 0xCB1E, 0xCB1E, 0xD31E,   // 0x2290 (8848) pixels
0xD31E, 0xD33E, 0xDB3F, 0xDB3F, 0xD47E, 0xDDFD, 0xCD9C, 0xBD1B, 0xA479, 0x8BB6, 0x6B34, 0x5292, 0x4230, 0x31F0, 0x29EF, 0x29F0,   // 0x22A0 (8864) pixels
0x2A10, 0x2A31, 0x3251, 0x3272, 0x32B3, 0x3AD3, 0x3B14, 0x4335, 0x4356, 0x4B96, 0x4BB7, 0x4BF7, 0x5418, 0x5439, 0x5C79, 0x64BA,   // 0x22B0 (8880) pixels
0x6CFB, 0x751B, 0x753C, 0x7D7C, 0x859C, 0x85BD, 0x8DDD, 0x95FD, 0x963D, 0x963D, 0x963E, 0x961D, 0x8E1E, 0x8E1D, 0x8E1D, 0x8E1E,   // 0x22C0 (8896) pixels
0x8DFD, 0x85FD, 0x85FD, 0x85FD, 0x85FD, 0x85DD, 0x7DDD, 0x7DBD, 0x7D9D, 0x7D9D, 0x7D9D, 0x7D9D, 0x757D, 0x757D, 0x757D, 0x757D,   // 0x22D0 (8912) pixels
0x6D5D, 0x6D5D, 0x6D5D, 0x6D3D, 0x653D, 0x653D, 0x651D, 0x5D1D, 0x5D1D, 0x5CFD, 0x54FD, 0x54FC, 0x54DC, 0x4CDC, 0x4CBC, 0x4CBC,   // 0x22E0 (8928) pixels
0x449C, 0x447C, 0x3C3A, 0x3BF9, 0x33B8, 0x3377, 0x2B36, 0x2AF5, 0x22B3, 0x2272, 0x2231, 0x2231, 0x2251, 0x2251, 0x2271, 0x2AB2,   // 0x22F0 (8944) pixels
0x2AF2, 0x3333, 0x3374, 0x33B5, 0x3BD5, 0x33F6, 0x1D7F, 0x259F, 0x1D7F, 0x157F, 0x1D7F, 0x1D3F, 0x1D5F, 0x0000, 0x0000, 0x0000,   // 0x2300 (8960) pixels
0x0000, 0x0000, 0x0000, 0x0000, 0x0000, 0x1D5F, 0x1D5F, 0x1D5F, 0x1D9F, 0x4C7E, 0x92DA, 0x9AFB, 0xA31C, 0xB31D, 0xC31D, 0xCB1E,   // 0x2310 (8976) pixels
0xCB1E, 0xCB1E, 0xCB1E, 0xCB3E, 0xCBFD, 0xD5DD, 0xCD7C, 0xBCFB, 0xA479, 0x8BD7, 0x6B34, 0x52B2, 0x4231, 0x3210, 0x29EF, 0x29F0,   // 0x2320 (8992) pixels
0x2A31, 0x3292, 0x3AF4, 0x4335, 0x4B96, 0x4BF7, 0x5439, 0x5C79, 0x64BA, 0x6CFB, 0x6D3C, 0x755C, 0x7D7D, 0x7D9D, 0x7DBD, 0x85BD,   // 0x2330 (9008) pixels
0x85BD, 0x85BD, 0x85DD, 0x8DDD, 0x8DDD, 0x8DFD, 0x95FE, 0x961E, 0x963E, 0x965E, 0x9E5E, 0x963E, 0x8E1E, 0x8E1E, 0x8DFE, 0x85FD,   // 0x2340 (9024) pixels
0x85FD, 0x85FD, 0x85DD, 0x7DDD, 0x7DDD, 0x7DBD, 0x7DBD, 0x7DBD, 0x759D, 0x757D, 0x757D, 0x757D, 0x757D, 0x6D5D, 0x6D5D, 0x6D5D,   // 0x2350 (9040) pixels
0x6D5D, 0x653D, 0x653D, 0x653D, 0x651D, 0x5D1D, 0x5D1D, 0x5CFD, 0x54FD, 0x54FC, 0x54DC, 0x54DC, 0x4CDC, 0x4CBC, 0x4CBC, 0x449C,   // 0x2360 (9056) pixels
0x449C, 0x449C, 0x3C7C, 0x3C7C, 0x3C5C, 0x345C, 0x345C, 0x2C3C, 0x2C3C, 0x2C1C, 0x241C, 0x23DB, 0x2399, 0x2358, 0x2316, 0x2314,   // 0x2370 (9072) pixels
0x2B13, 0x3354, 0x3394, 0x33B5, 0x3BD5, 0x3417, 0x257F, 0x1D7F, 0x159F, 0x1D7F, 0x1D5F, 0x1D7F, 0x1D5F, 0x0000, 0x0000, 0x0000,   // 0x2380 (9088) pixels
0x0000, 0x0000, 0x0000, 0x0000, 0x0000, 0x0000, 0x1D7F, 0x1D5F, 0x1D7F, 0x1D5F, 0x34FE, 0x835C, 0x8AFB, 0x8AFB, 0x8B1B, 0x8B3B,   // 0x2390 (9104) pixels
0x933C, 0x935C, 0x935C, 0x9B5C, 0x9BBC, 0xA4DC, 0x9C9C, 0x947B, 0x843B, 0x741A, 0x6BF9, 0x63F9, 0x5C1A, 0x5C5A, 0x649B, 0x64FC,   // 0x23A0 (9120) pixels
0x651D, 0x653D, 0x653D, 0x653D, 0x6D5D, 0x6D5D, 0x6D5D, 0x6D5D, 0x757D, 0x757D, 0x757D, 0x757D, 0x757D, 0x757D, 0x759D, 0x7D9D,   // 0x23B0 (9136) pixels
0x7D9D, 0x7D9D, 0x7DBD, 0x85BD, 0x85BD, 0x85DD, 0x85DD, 0x8DFE, 0x8E1E, 0x8E1E, 0x963E, 0x963E, 0x8E1E, 0x8DFE, 0x85FD, 0x85FD,   // 0x23C0 (9152) pixels
0x85DD, 0x7DDD, 0x7DBD, 0x759D, 0x759D, 0x757C, 0x6D5C, 0x6D5C, 0x6D1C, 0x64DB, 0x64DB, 0x5CBA, 0x5C9A, 0x5C79, 0x5459, 0x5438,   // 0x23D0 (9168) pixels
0x53F7, 0x4BD7, 0x4BB6, 0x4B95, 0x4355, 0x4334, 0x3B14, 0x3AF3, 0x3AD2, 0x32B2, 0x3271, 0x3271, 0x3250, 0x2A30, 0x2A30, 0x2A0F,   // 0x23E0 (9184) pixels
0x2A0F, 0x220F, 0x220F, 0x2210, 0x2230, 0x2251, 0x2251, 0x2272, 0x22B3, 0x22D4, 0x22F5, 0x2316, 0x2337, 0x1B58, 0x1B99, 0x139A,   // 0x23F0 (9200) pixels
0x13BB, 0x139B, 0x1399, 0x2398, 0x2BB7, 0x2C79, 0x1D5F, 0x257F, 0x1D7F, 0x1D7F, 0x1D5F, 0x1D5F, 0x1D5F, 0x0000, 0x0000, 0x0000,   // 0x2400 (9216) pixels
0x0000, 0x0000, 0x0000, 0x0000, 0x0000, 0x0000, 0x0000, 0x1D7F, 0x1D5F, 0x1D5F, 0x1D7F, 0x547E, 0xB2DC, 0xA2FB, 0x9B1B, 0x8B1B,   // 0x2410 (9232) pixels
0x833B, 0x7B5B, 0x7B7B, 0x737B, 0x739B, 0x73BB, 0x6BDB, 0x6BFC, 0x6C1C, 0x6C3C, 0x645C, 0x647C, 0x649C, 0x649C, 0x64DC, 0x5CFC,   // 0x2420 (9248) pixels
0x5D1D, 0x5D1D, 0x651D, 0x653D, 0x653D, 0x653D, 0x653D, 0x6D3D, 0x6D5D, 0x6D5D, 0x6D5D, 0x6D5D, 0x6D3C, 0x6D3C, 0x6D1C, 0x6D1C,   // 0x2430 (9264) pixels
0x6D1C, 0x6D1B, 0x6CFB, 0x6CFB, 0x6CFB, 0x6CFB, 0x6D3B, 0x6D3B, 0x6D3B, 0x753B, 0x753B, 0x755B, 0x753B, 0x6D1B, 0x64FB, 0x64DA,   // 0x2440 (9280) pixels
0x5CBA, 0x5C99, 0x5479, 0x5459, 0x5439, 0x4C38, 0x4C18, 0x4BF7, 0x4BF7, 0x4396, 0x4376, 0x4355, 0x4355, 0x4334, 0x3B14, 0x3AF3,   // 0x2450 (9296) pixels
0x3AD3, 0x3AD2, 0x3AB2, 0x3291, 0x3271, 0x3251, 0x3230, 0x2A30, 0x2A0F, 0x29EF, 0x29EF, 0x29CE, 0x29CE, 0x21AE, 0x21AE, 0x21AD,   // 0x2460 (9312) pixels
0x218D, 0x218D, 0x218D, 0x218D, 0x218D, 0x21AE, 0x21AE, 0x21CF, 0x21EF, 0x21F0, 0x2210, 0x2230, 0x2251, 0x2271, 0x2291, 0x2AD2,   // 0x2470 (9328) pixels
0x2B13, 0x2B75, 0x2B96, 0x23B7, 0x1B98, 0x0BBB, 0x037B, 0x0C3D, 0x14FE, 0x1D7F, 0x1D7F, 0x1D5F, 0x1D5F, 0x0000, 0x0000, 0x0000,   // 0x2480 (9344) pixels
0x0000, 0x0000, 0x0000, 0x0000, 0x0000, 0x0000, 0x0000, 0x0000, 0x1D5F, 0x1D5F, 0x3CDE, 0x44BE, 0xB2BB, 0xB2BB, 0xB2DC, 0xB2DC,   // 0x2490 (9360) pixels
0xBADC, 0xB2FC, 0xAB1C, 0xAB1C, 0xA33C, 0x9C7C, 0x9C9C, 0x945C, 0x843B, 0x7BFA, 0x6BD9, 0x6398, 0x5377, 0x4B56, 0x4335, 0x3B35,   // 0x24A0 (9376) pixels
0x3B15, 0x3B14, 0x3B14, 0x3AF4, 0x3AF4, 0x3AF4, 0x3AF4, 0x3AF4, 0x32F4, 0x3AF4, 0x3AF4, 0x3B15, 0x3B35, 0x3B56, 0x4376, 0x4376,   // 0x24B0 (9392) pixels
0x4397, 0x43B7, 0x43B7, 0x4BD8, 0x4BF8, 0x4BF8, 0x5459, 0x5479, 0x5C79, 0x5C99, 0x5C99, 0x649A, 0x64BA, 0x64BA, 0x5C99, 0x5C79,   // 0x24C0 (9408) pixels
0x5459, 0x5438, 0x5418, 0x4BF8, 0x4BF7, 0x43D7, 0x43B6, 0x4396, 0x4376, 0x3B35, 0x3AF4, 0x3AF4, 0x32D3, 0x32B3, 0x3292, 0x3272,   // 0x24D0 (9424) pixels
0x3251, 0x3231, 0x2A30, 0x2A10, 0x29EF, 0x29CF, 0x29CE, 0x21AE, 0x218E, 0x218D, 0x216D, 0x216D, 0x214C, 0x214C, 0x194C, 0x194C,   // 0x24E0 (9440) pixels
0x194C, 0x192C, 0x194C, 0x194C, 0x194C, 0x196D, 0x198D, 0x19AE, 0x19AF, 0x21CF, 0x21F0, 0x2210, 0x2230, 0x2250, 0x2271, 0x2AD2,   // 0x24F0 (9456) pixels
0x2B13, 0x3354, 0x3394, 0x3BD5, 0x3BD5, 0x24FD, 0x1D7F, 0x151E, 0x149E, 0x147D, 0x1D7F, 0x1D5F, 0x1D5F, 0x0000, 0x0000, 0x0000,   // 0x2500 (9472) pixels
0x0000, 0x0000, 0x0000, 0x0000, 0x0000, 0x0000, 0x0000, 0x0000, 0x0000, 0x1D7F, 0x4C9E, 0x837C, 0xA2DB, 0xB29B, 0xB2BB, 0xB2BB,   // 0x2510 (9488) pixels
0xB2BB, 0xB2DB, 0xBADC, 0xBADC, 0xBADC, 0xC49C, 0xCD1D, 0xBCDC, 0xAC5A, 0x93D8, 0x7B36, 0x62B3, 0x4A31, 0x39F0, 0x29CF, 0x29AE,   // 0x2520 (9504) pixels
0x21AE, 0x21AF, 0x21CF, 0x21EF, 0x2A10, 0x2A10, 0x2A31, 0x2A51, 0x3272, 0x3292, 0x32B3, 0x32D4, 0x3AF4, 0x3AF4, 0x3B15, 0x3B35,   // 0x2530 (9520) pixels
0x3B36, 0x4356, 0x4376, 0x4376, 0x4397, 0x43B7, 0x4BF8, 0x4C18, 0x4C18, 0x5418, 0x5438, 0x5438, 0x5438, 0x5C58, 0x5C58, 0x5438,   // 0x2540 (9536) pixels
0x5418, 0x4BF7, 0x4BD7, 0x43B6, 0x4396, 0x4376, 0x3B55, 0x3B35, 0x3B14, 0x3AF4, 0x3293, 0x3272, 0x3252, 0x2A31, 0x2A31, 0x2A10,   // 0x2550 (9552) pixels
0x29F0, 0x29CF, 0x21CF, 0x21AE, 0x218E, 0x218D, 0x216D, 0x216D, 0x214C, 0x194C, 0x192C, 0x192C, 0x190C, 0x190B, 0x190B, 0x190B,   // 0x2560 (9568) pixels
0x190B, 0x190B, 0x190B, 0x192C, 0x192C, 0x194C, 0x196D, 0x198E, 0x198E, 0x19AF, 0x21CF, 0x21F0, 0x2210, 0x2230, 0x2A71, 0x2AB2,   // 0x2570 (9584) pixels
0x3313, 0x3353, 0x3394, 0x3BB5, 0x3BD5, 0x24BC, 0x1D5F, 0x157F, 0x159F, 0x157F, 0x1D7F, 0x1D5F, 0x1D5F, 0x0000, 0x0000, 0x0000,   // 0x2580 (9600) pixels
0x0000, 0x0000, 0x0000, 0x0000, 0x0000, 0x0000, 0x0000, 0x0000, 0x0000, 0x0000, 0x0000, 0xA2BB, 0xAA9A, 0xAA7A, 0xB27A, 0xB29A,   // 0x2590 (9616) pixels
0xB29B, 0xB29B, 0xB29B, 0xB2BB, 0xB2BB, 0xBBDB, 0xCD1D, 0xC4BC, 0xB45A, 0x9BD8, 0x8336, 0x6AB4, 0x5231, 0x39D0, 0x31AE, 0x298E,   // 0x25A0 (9632) pixels
0x218E, 0x218E, 0x21AE, 0x21AF, 0x29CF, 0x29F0, 0x2A10, 0x2A10, 0x2A31, 0x3251, 0x3272, 0x3292, 0x3293, 0x32B3, 0x3AD4, 0x3AD4,   // 0x25B0 (9648) pixels
0x3AF4, 0x3AF5, 0x3B15, 0x3B15, 0x3B35, 0x4356, 0x4396, 0x43B7, 0x43B7, 0x4BB7, 0x4BD7, 0x4BD7, 0x4BD7, 0x53F7, 0x53F7, 0x53F7,   // 0x25C0 (9664) pixels
0x4BD7, 0x4BB6, 0x4396, 0x4375, 0x4355, 0x3B35, 0x3B14, 0x3AF4, 0x32D3, 0x32B3, 0x2A51, 0x2A31, 0x2A31, 0x2A10, 0x29F0, 0x21CF,   // 0x25D0 (9680) pixels
0x21AF, 0x21AE, 0x218E, 0x216E, 0x216D, 0x214D, 0x214C, 0x192C, 0x192C, 0x192C, 0x190C, 0x190B, 0x190B, 0x190B, 0x18EB, 0x18EB,   // 0x25E0 (9696) pixels
0x18EB, 0x190B, 0x190B, 0x192C, 0x192C, 0x194C, 0x196D, 0x198E, 0x19AE, 0x19AF, 0x21CF, 0x21EF, 0x2210, 0x2230, 0x2A71, 0x2AD2,   // 0x25F0 (9712) pixels
0x3313, 0x3373, 0x3B94, 0x3BB5, 0x33B5, 0x2C38, 0x24DC, 0x1D5F, 0x1D9F, 0x1D9F, 0x1D7F, 0x1D5F, 0x1D5F, 0x0000, 0x0000, 0x0000,   // 0x2600 (9728) pixels
0x0000, 0x0000, 0x0000, 0x0000, 0x0000, 0x0000, 0x0000, 0x0000, 0x0000, 0x0000, 0x0000, 0x0000, 0x0000, 0xAA79, 0xAA7A, 0xAA7A,   // 0x2610 (9744) pixels
0xAA7A, 0xB27A, 0xB27A, 0xB29A, 0xB29A, 0xB2FA, 0xCCFD, 0xC49C, 0xB43B, 0xA3B9, 0x8B36, 0x72B4, 0x5A31, 0x41D0, 0x318E, 0x296E,   // 0x2620 (9760) pixels
0x216D, 0x216D, 0x216E, 0x218E, 0x21AE, 0x29CF, 0x29CF, 0x29F0, 0x29F0, 0x2A10, 0x2A31, 0x3251, 0x3252, 0x3272, 0x3293, 0x3293,   // 0x2630 (9776) pixels
0x32B3, 0x32B3, 0x32D4, 0x3AD4, 0x3AF4, 0x3B15, 0x3B55, 0x4355, 0x4376, 0x4376, 0x4376, 0x4396, 0x4396, 0x4B96, 0x4B96, 0x4B96,   // 0x2640 (9792) pixels
0x4B96, 0x4B75, 0x4355, 0x4355, 0x3B34, 0x3B14, 0x3AF4, 0x32D3, 0x32D3, 0x2AD3, 0x2A71, 0x2A51, 0x2231, 0x2230, 0x2210, 0x220F,   // 0x2650 (9808) pixels
0x21EF, 0x21CF, 0x218E, 0x216D, 0x214D, 0x214C, 0x212C, 0x192C, 0x192C, 0x190C, 0x190B, 0x190B, 0x190B, 0x190B, 0x190B, 0x190B,   // 0x2660 (9824) pixels
0x190B, 0x190B, 0x192B, 0x192C, 0x194C, 0x194D, 0x196E, 0x198E, 0x19AF, 0x19CF, 0x21CF, 0x21EF, 0x2210, 0x2250, 0x2A91, 0x2AD2,   // 0x2670 (9840) pixels
0x3333, 0x3374, 0x3BB4, 0x3BB5, 0x3BB4, 0x33D5, 0x2C79, 0x1D7F, 0x1D9F, 0x1D9F, 0x1D9F, 0x1D7F, 0x0000, 0x0000, 0x0000, 0x0000,   // 0x2680 (9856) pixels
0x0000, 0x0000, 0x0000, 0x0000, 0x0000, 0x0000, 0x0000, 0x0000, 0x0000, 0x0000, 0x0000, 0x0000, 0x0000, 0xA259, 0xA259, 0xAA59,   // 0x2690 (9872) pixels
0xAA59, 0xAA59, 0xAA7A, 0xAA7A, 0xAA7A, 0xAA7A, 0xCC9C, 0xCC9C, 0xBC3B, 0xABB9, 0x9337, 0x7AB4, 0x5A32, 0x49D0, 0x318E, 0x296D,   // 0x26A0 (9888) pixels
0x214D, 0x214D, 0x216D, 0x216D, 0x218E, 0x218E, 0x21AF, 0x29CF, 0x29EF, 0x29F0, 0x2A10, 0x2A11, 0x2A31, 0x3251, 0x3252, 0x3272,   // 0x26B0 (9904) pixels
0x3272, 0x3293, 0x3293, 0x3293, 0x32B3, 0x32D4, 0x3B14, 0x3B35, 0x3B35, 0x3B35, 0x3B35, 0x4355, 0x4355, 0x4355, 0x4355, 0x4355,   // 0x26C0 (9920) pixels
0x4355, 0x4355, 0x4334, 0x4334, 0x3B14, 0x3AF4, 0x3314, 0x32F3, 0x32D3, 0x2AB2, 0x2A51, 0x2231, 0x2230, 0x2210, 0x2210, 0x21EF,   // 0x26D0 (9936) pixels
0x21EF, 0x21CF, 0x21CE, 0x21AE, 0x216D, 0x212C, 0x192C, 0x192C, 0x190C, 0x190B, 0x190B, 0x190B, 0x190B, 0x190B, 0x190B, 0x190B,   // 0x26E0 (9952) pixels
0x190B, 0x192C, 0x192C, 0x192C, 0x194D, 0x196D, 0x198E, 0x19AF, 0x19CF, 0x21CF, 0x21F0, 0x2210, 0x2230, 0x2251, 0x2AB1, 0x32F2,   // 0x26F0 (9968) pixels
0x3353, 0x3394, 0x3BB4, 0x3BD5, 0x3B94, 0x0000, 0x0000, 0x0000, 0x0000, 0x0000, 0x0000, 0x0000, 0x0000, 0x0000, 0x0000, 0x0000,   // 0x2700 (9984) pixels
0x0000, 0x0000, 0x0000, 0x0000, 0x0000, 0x0000, 0x0000, 0x0000, 0x0000, 0x0000, 0x0000, 0x0000, 0x0000, 0x0000, 0xA238, 0xA238,   // 0x2710 (10000) pixels
0xA259, 0xA259, 0xA259, 0xAA59, 0xAA59, 0xAA59, 0xBBFB, 0xCC7C, 0xBC1B, 0xABB9, 0x9B37, 0x7AB5, 0x6253, 0x49F0, 0x398F, 0x296E,   // 0x2720 (10016) pixels
0x294D, 0x214D, 0x214D, 0x216D, 0x216D, 0x218E, 0x218E, 0x21AE, 0x21AF, 0x29CF, 0x29EF, 0x29F0, 0x2A10, 0x2A11, 0x2A31, 0x2A31,   // 0x2730 (10032) pixels
0x3252, 0x3252, 0x3272, 0x3272, 0x3272, 0x3293, 0x3AF4, 0x3AF4, 0x3AF4, 0x3AF4, 0x3B14, 0x3B14, 0x3B14, 0x3B14, 0x3B34, 0x4334,   // 0x2740 (10048) pixels
0x4334, 0x4334, 0x4314, 0x3B14, 0x3B14, 0x3B13, 0x3313, 0x32F3, 0x32D2, 0x2A92, 0x2A31, 0x2230, 0x2210, 0x2210, 0x21EF, 0x21EF,   // 0x2750 (10064) pixels
0x21CF, 0x21CE, 0x21CE, 0x19AE, 0x19AE, 0x196D, 0x192C, 0x192C, 0x190C, 0x190C, 0x190B, 0x190B, 0x190B, 0x190B, 0x190B, 0x192C,   // 0x2760 (10080) pixels
0x192C, 0x192C, 0x194C, 0x194D, 0x196D, 0x198E, 0x19AF, 0x21AF, 0x21CF, 0x21F0, 0x21F0, 0x2210, 0x2230, 0x2A71, 0x2AD2, 0x3312,   // 0x2770 (10096) pixels
0x3353, 0x3B94, 0x3BB5, 0x3BB5, 0x3B94, 0x0000, 0x0000, 0x0000, 0x0000, 0x0000, 0x0000, 0x0000, 0x0000, 0x0000, 0x0000, 0x0000,   // 0x2780 (10112) pixels
0x0000, 0x0000, 0x0000, 0x0000, 0x0000, 0x0000, 0x0000, 0x0000, 0x0000, 0x0000, 0x0000, 0x0000, 0x0000, 0x0000, 0x9A38, 0x9A38,   // 0x2790 (10128) pixels
0x9A38, 0x9A38, 0xA238, 0xA238, 0xA238, 0xA259, 0xAB3A, 0xCC5C, 0xBC1B, 0xB3BA, 0x9B38, 0x82D6, 0x6A53, 0x51F1, 0x41AF, 0x316E,   // 0x27A0 (10144) pixels
0x294D, 0x214D, 0x214D, 0x214D, 0x216D, 0x216D, 0x218E, 0x218E, 0x21AE, 0x21AF, 0x29CF, 0x29CF, 0x29F0, 0x29F0, 0x2A10, 0x2A11,   // 0x27B0 (10160) pixels
0x2A31, 0x2A31, 0x2A51, 0x2A52, 0x2A52, 0x2A52, 0x32B3, 0x32D3, 0x32D3, 0x32D3, 0x32D3, 0x32D3, 0x3AF3, 0x3AF3, 0x3AF3, 0x3AF3,   // 0x27C0 (10176) pixels
0x3AF3, 0x3AF3, 0x3AF3, 0x3B13, 0x3B13, 0x3B13, 0x32F3, 0x32D2, 0x32B2, 0x2A51, 0x2230, 0x2210, 0x220F, 0x21EF, 0x21EF, 0x21CF,   // 0x27D0 (10192) pixels
0x21CE, 0x19CE, 0x19AE, 0x19AE, 0x19AE, 0x19AD, 0x198D, 0x192C, 0x190C, 0x190C, 0x190C, 0x190C, 0x190C, 0x192C, 0x192C, 0x192C,   // 0x27E0 (10208) pixels
0x192C, 0x194C, 0x194D, 0x196D, 0x198E, 0x19AF, 0x21AF, 0x21CF, 0x21F0, 0x21F0, 0x2210, 0x2230, 0x2250, 0x2A91, 0x2AF2, 0x3333,   // 0x27F0 (10224) pixels
0x3374, 0x3BB4, 0x3BB5, 0x3B94, 0x0000, 0x0000, 0x0000, 0x0000, 0x0000, 0x0000, 0x0000, 0x0000, 0x0000, 0x0000, 0x0000, 0x0000,   // 0x2800 (10240) pixels
0x0000, 0x0000, 0x0000, 0x0000, 0x0000, 0x0000, 0x0000, 0x0000, 0x0000, 0x0000, 0x0000, 0x0000, 0x0000, 0x0000, 0x0000, 0x9A17,   // 0x2810 (10256) pixels
0x9A17, 0x9A18, 0x9A18, 0x9A38, 0x9A38, 0x9A38, 0x9A58, 0xC43C, 0xC41B, 0xB3BA, 0xA359, 0x8AD7, 0x7274, 0x59F2, 0x49B0, 0x396E,   // 0x2820 (10272) pixels
0x294D, 0x214D, 0x214D, 0x214D, 0x214D, 0x216D, 0x216D, 0x216E, 0x218E, 0x218E, 0x21AE, 0x21AF, 0x29CF, 0x29CF, 0x29F0, 0x29F0,   // 0x2830 (10288) pixels
0x2A10, 0x2A10, 0x2A11, 0x2A31, 0x2A31, 0x2A31, 0x2A52, 0x32B2, 0x32B2, 0x32B2, 0x32B3, 0x32B3, 0x32B3, 0x32B3, 0x32B3, 0x32D2,   // 0x2840 (10304) pixels
0x3AD2, 0x3AD2, 0x3AF3, 0x3AF3, 0x32F3, 0x32F2, 0x32D2, 0x32D2, 0x2A91, 0x2A30, 0x2210, 0x220F, 0x21EF, 0x21EF, 0x21CF, 0x21CE,   // 0x2850 (10320) pixels
0x19CE, 0x19AE, 0x19AE, 0x19AE, 0x19AE, 0x19AE, 0x19AD, 0x198D, 0x192C, 0x192C, 0x192C, 0x192C, 0x192C, 0x192C, 0x194C, 0x194C,   // 0x2860 (10336) pixels
0x194D, 0x196D, 0x196E, 0x198E, 0x19AF, 0x21CF, 0x21D0, 0x21F0, 0x21F0, 0x2210, 0x2210, 0x2230, 0x2A71, 0x2AB2, 0x32F2, 0x3353,   // 0x2870 (10352) pixels
0x3394, 0x3BB4, 0x3BD5, 0x3B94, 0x0000, 0x0000, 0x0000, 0x0000, 0x0000, 0x0000, 0x0000, 0x0000, 0x0000, 0x0000, 0x0000, 0x0000,   // 0x2880 (10368) pixels
0x0000, 0x0000, 0x0000, 0x0000, 0x0000, 0x0000, 0x0000, 0x0000, 0x0000, 0x0000, 0x0000, 0x0000, 0x0000, 0x0000, 0x0000, 0x9217,   // 0x2890 (10384) pixels
0x9217, 0x9217, 0x9217, 0x9217, 0x9217, 0x9217, 0x9217, 0xB37A, 0xC3FC, 0xB3BB, 0xA359, 0x92D7, 0x7A75, 0x6213, 0x49B1, 0x398F,   // 0x28A0 (10400) pixels
0x316E, 0x294D, 0x214D, 0x214D, 0x214D, 0x214D, 0x214D, 0x216D, 0x216D, 0x216E, 0x218E, 0x218E, 0x21AE, 0x21AF, 0x21CF, 0x29CF,   // 0x28B0 (10416) pixels
0x29CF, 0x29F0, 0x29F0, 0x29F0, 0x2A10, 0x2A10, 0x2A10, 0x2A71, 0x3272, 0x3292, 0x3272, 0x3292, 0x3292, 0x3292, 0x3292, 0x3292,   // 0x28C0 (10432) pixels
0x3292, 0x32B2, 0x32D2, 0x32D2, 0x32D2, 0x32D2, 0x32D2, 0x32B1, 0x2A50, 0x2230, 0x220F, 0x21EF, 0x21EF, 0x21CE, 0x21CE, 0x19CE,   // 0x28D0 (10448) pixels
0x19AE, 0x19AE, 0x19AE, 0x19AE, 0x19AE, 0x19AE, 0x19AE, 0x19AE, 0x196D, 0x192C, 0x192C, 0x192C, 0x194C, 0x194D, 0x194D, 0x196D,   // 0x28E0 (10464) pixels
0x196D, 0x198E, 0x198E, 0x19AF, 0x21CF, 0x21D0, 0x21F0, 0x21F0, 0x2210, 0x2210, 0x2230, 0x2251, 0x2A91, 0x2AD2, 0x3333, 0x3374,   // 0x28F0 (10480) pixels
0x3B94, 0x3BB5, 0x3BB5, 0x3B94, 0x0000, 0x0000, 0x0000, 0x0000, 0x0000, 0x0000, 0x0000, 0x0000, 0x0000, 0x0000, 0x0000, 0x0000,   // 0x2900 (10496) pixels
0x0000, 0x0000, 0x0000, 0x0000, 0x0000, 0x0000, 0x0000, 0x0000, 0x0000, 0x0000, 0x0000, 0x0000, 0x0000, 0x0000, 0x0000, 0x0000,   // 0x2910 (10512) pixels
0x89F6, 0x89F6, 0x89F6, 0x89F6, 0x91F7, 0x91F7, 0x91F7, 0x9A98, 0xC3DC, 0xBB9B, 0xAB5A, 0x9AF8, 0x8296, 0x6A34, 0x51D1, 0x4190,   // 0x2920 (10528) pixels
0x316E, 0x294D, 0x214D, 0x214D, 0x214C, 0x214D, 0x214D, 0x214D, 0x216D, 0x216D, 0x216D, 0x218E, 0x218E, 0x218E, 0x21AE, 0x21AF,   // 0x2930 (10544) pixels
0x21AF, 0x21CF, 0x21CF, 0x29CF, 0x29CF, 0x29F0, 0x29F0, 0x2A10, 0x2A51, 0x2A71, 0x2A71, 0x2A71, 0x2A71, 0x2A71, 0x3271, 0x3271,   // 0x2940 (10560) pixels
0x3271, 0x2AB2, 0x32B2, 0x32B2, 0x32B2, 0x32B1, 0x32B1, 0x2A71, 0x2A30, 0x220F, 0x21EF, 0x21EF, 0x21CE, 0x21CE, 0x19CE, 0x19CE,   // 0x2950 (10576) pixels
0x19AE, 0x19AE, 0x19AE, 0x19AE, 0x19AE, 0x19AE, 0x19AE, 0x19AE, 0x19CE, 0x196D, 0x194D, 0x194D, 0x194D, 0x196D, 0x196D, 0x196E,   // 0x2960 (10592) pixels
0x198E, 0x19AF, 0x19CF, 0x21D0, 0x21F0, 0x21F0, 0x2211, 0x2211, 0x2211, 0x2231, 0x2251, 0x2A71, 0x2AB2, 0x32F2, 0x3353, 0x3394,   // 0x2970 (10608) pixels
0x3BB5, 0x3BD5, 0x3BB4, 0x0000, 0x0000, 0x0000, 0x0000, 0x0000, 0x0000, 0x0000, 0x0000, 0x0000, 0x0000, 0x0000, 0x0000, 0x0000,   // 0x2980 (10624) pixels
0x0000, 0x0000, 0x0000, 0x0000, 0x0000, 0x0000, 0x0000, 0x0000, 0x0000, 0x0000, 0x0000, 0x0000, 0x0000, 0x0000, 0x0000, 0x0000,   // 0x2990 (10640) pixels
0x0000, 0x89D6, 0x89D6, 0x89F6, 0x89F6, 0x89F6, 0x89F6, 0x89F6, 0xBB9B, 0xBB9B, 0xAB3A, 0xA2F9, 0x8A97, 0x7235, 0x61F2, 0x49B1,   // 0x29A0 (10656) pixels
0x396F, 0x294E, 0x294D, 0x214D, 0x214D, 0x214C, 0x214C, 0x214D, 0x214D, 0x214D, 0x216D, 0x216D, 0x216D, 0x218E, 0x218E, 0x218E,   // 0x29B0 (10672) pixels
0x218E, 0x21AE, 0x21AF, 0x21AF, 0x21AF, 0x21CF, 0x21CF, 0x21CF, 0x29F0, 0x2A30, 0x2A50, 0x2A50, 0x2A50, 0x2A50, 0x2A50, 0x2A50,   // 0x29C0 (10688) pixels
0x2A71, 0x2A91, 0x2A91, 0x2A91, 0x2A91, 0x2A91, 0x2A70, 0x220F, 0x220F, 0x21EF, 0x21EF, 0x21CE, 0x21CE, 0x19CE, 0x19CE, 0x19AE,   // 0x29D0 (10704) pixels
0x19AE, 0x19AE, 0x19AE, 0x19AE, 0x19AE, 0x19CE, 0x19CE, 0x19CE, 0x19CE, 0x19CE, 0x194D, 0x196D, 0x196E, 0x198E, 0x198E, 0x19AE,   // 0x29E0 (10720) pixels
0x19AF, 0x21CF, 0x21F0, 0x21F0, 0x2211, 0x2211, 0x2211, 0x2231, 0x2231, 0x2251, 0x2271, 0x2A92, 0x2AD2, 0x3333, 0x3374, 0x3B94,   // 0x29F0 (10736) pixels
0x3BB5, 0x3BD5, 0x3B94, 0x0000, 0x0000, 0x0000, 0x0000, 0x0000, 0x0000, 0x0000, 0x0000, 0x0000, 0x0000, 0x0000, 0x0000, 0x0000,   // 0x2A00 (10752) pixels
0x0000, 0x0000, 0x0000, 0x0000, 0x0000, 0x0000, 0x0000, 0x0000, 0x0000, 0x0000, 0x0000, 0x0000, 0x0000, 0x0000, 0x0000, 0x0000,   // 0x2A10 (10768) pixels
0x0000, 0x81D5, 0x81D5, 0x81D5, 0x81D5, 0x81D5, 0x81D5, 0x81D5, 0x9AB8, 0xBB7B, 0xB33B, 0xA2F9, 0x9298, 0x7A56, 0x69F4, 0x51B2,   // 0x2A20 (10784) pixels
0x4190, 0x316E, 0x294E, 0x214D, 0x214D, 0x214C, 0x192C, 0x194C, 0x194C, 0x214D, 0x214D, 0x214D, 0x216D, 0x216D, 0x216D, 0x216D,   // 0x2A30 (10800) pixels
0x218E, 0x218E, 0x218E, 0x218E, 0x218E, 0x21AE, 0x21AE, 0x21AE, 0x21AF, 0x21CF, 0x2A10, 0x2A30, 0x2A30, 0x2A10, 0x2A30, 0x2A30,   // 0x2A40 (10816) pixels
0x2A71, 0x2A71, 0x2A70, 0x2A70, 0x2A70, 0x2A30, 0x220F, 0x21EF, 0x21EF, 0x21EF, 0x21CE, 0x21CE, 0x21CE, 0x19CE, 0x19AE, 0x19AE,   // 0x2A50 (10832) pixels
0x19AE, 0x19AE, 0x19AE, 0x19CE, 0x19CE, 0x19CE, 0x19EE, 0x19EF, 0x19EF, 0x19EF, 0x19AE, 0x198E, 0x198E, 0x198E, 0x19AF, 0x21CF,   // 0x2A60 (10848) pixels
0x21D0, 0x21F0, 0x21F1, 0x2211, 0x2211, 0x2231, 0x2231, 0x2231, 0x2251, 0x2251, 0x2A91, 0x2AB2, 0x3313, 0x3353, 0x3394, 0x3BB5,   // 0x2A70 (10864) pixels
0x3BD5, 0x3BB4, 0x0000, 0x0000, 0x0000, 0x0000, 0x0000, 0x0000, 0x0000, 0x0000, 0x0000, 0x0000, 0x0000, 0x0000, 0x0000, 0x0000,   // 0x2A80 (10880) pixels
0x0000, 0x0000, 0x0000, 0x0000, 0x0000, 0x0000, 0x0000, 0x0000, 0x0000, 0x0000, 0x0000, 0x0000, 0x0000, 0x0000, 0x0000, 0x0000,   // 0x2A90 (10896) pixels
0x0000, 0x0000, 0x79B5, 0x79B5, 0x79B5, 0x79B5, 0x79B5, 0x79B5, 0x81D5, 0xB35B, 0xB33B, 0xAAFA, 0x9A98, 0x8A57, 0x7215, 0x59D3,   // 0x2AA0 (10912) pixels
0x49B1, 0x398F, 0x316E, 0x294D, 0x214D, 0x214D, 0x212C, 0x192C, 0x192C, 0x192C, 0x214C, 0x214C, 0x214D, 0x214D, 0x214D, 0x216D,   // 0x2AB0 (10928) pixels
0x216D, 0x216D, 0x216D, 0x216E, 0x218E, 0x218E, 0x218E, 0x218E, 0x218E, 0x218E, 0x218E, 0x21AE, 0x29EF, 0x2A0F, 0x2A0F, 0x2A30,   // 0x2AC0 (10944) pixels
0x2A50, 0x2A50, 0x2250, 0x222F, 0x21EF, 0x21EF, 0x21EF, 0x21EE, 0x21EE, 0x21CE, 0x21CE, 0x19CE, 0x19CE, 0x19AE, 0x19CE, 0x19CE,   // 0x2AD0 (10960) pixels
0x19AE, 0x19AE, 0x19CE, 0x19CE, 0x19CE, 0x19EF, 0x19EF, 0x19EF, 0x19EF, 0x1A0F, 0x19EF, 0x19AF, 0x21AF, 0x21CF, 0x21D0, 0x21F0,   // 0x2AE0 (10976) pixels
0x21F0, 0x2211, 0x2211, 0x2231, 0x2232, 0x2232, 0x2232, 0x2251, 0x2251, 0x2A72, 0x2AB2, 0x2AF3, 0x3333, 0x3374, 0x3B94, 0x3BD5,   // 0x2AF0 (10992) pixels
0x3BD5, 0x3B94, 0x0000, 0x0000, 0x0000, 0x0000, 0x0000, 0x0000, 0x0000, 0x0000, 0x0000, 0x0000, 0x0000, 0x0000, 0x0000, 0x0000,   // 0x2B00 (11008) pixels
0x0000, 0x0000, 0x0000, 0x0000, 0x0000, 0x0000, 0x0000, 0x0000, 0x0000, 0x0000, 0x0000, 0x0000, 0x0000, 0x0000, 0x0000, 0x0000,   // 0x2B10 (11024) pixels
0x0000, 0x0000, 0x0000, 0x79B4, 0x71B4, 0x79B4, 0x79B4, 0x79B4, 0x79B4, 0x9277, 0xB31B, 0xAADA, 0xA299, 0x8A58, 0x7A16, 0x61F4,   // 0x2B20 (11040) pixels
0x51B2, 0x4190, 0x316F, 0x296E, 0x214D, 0x214D, 0x214D, 0x192C, 0x192C, 0x192C, 0x192C, 0x192C, 0x214C, 0x214C, 0x214D, 0x214D,   // 0x2B30 (11056) pixels
0x214D, 0x214D, 0x216D, 0x216D, 0x216D, 0x216D, 0x216D, 0x216D, 0x216D, 0x216D, 0x216D, 0x216D, 0x216D, 0x216D, 0x218E, 0x21EF,   // 0x2B40 (11072) pixels
0x21EF, 0x21EE, 0x21CE, 0x21CE, 0x21CE, 0x21CE, 0x21CE, 0x21CE, 0x21CE, 0x21CE, 0x19CE, 0x19CE, 0x19CE, 0x19CE, 0x19CE, 0x19AE,   // 0x2B50 (11088) pixels
0x19CE, 0x19CE, 0x19CE, 0x19EF, 0x19EF, 0x19EF, 0x1A0F, 0x1A0F, 0x1A30, 0x1A30, 0x1A30, 0x21CF, 0x21D0, 0x21F0, 0x21F0, 0x2211,   // 0x2B60 (11104) pixels
0x2211, 0x2232, 0x2232, 0x2252, 0x2252, 0x2252, 0x2252, 0x2252, 0x2A72, 0x2A92, 0x2AD2, 0x3313, 0x3354, 0x3B94, 0x3BB5, 0x3BD5,   // 0x2B70 (11120) pixels
0x3BB5, 0x3BB4, 0x0000, 0x0000, 0x0000, 0x0000, 0x0000, 0x0000, 0x0000, 0x0000, 0x0000, 0x0000, 0x0000, 0x0000, 0x0000, 0x0000,   // 0x2B80 (11136) pixels
0x0000, 0x0000, 0x0000, 0x0000, 0x0000, 0x0000, 0x0000, 0x0000, 0x0000, 0x0000, 0x0000, 0x0000, 0x0000, 0x0000, 0x0000, 0x0000,   // 0x2B90 (11152) pixels
0x0000, 0x0000, 0x0000, 0x0000, 0x7194, 0x7193, 0x7193, 0x7194, 0x7194, 0x71B4, 0xB2FB, 0xAADB, 0xA29A, 0x9278, 0x8237, 0x71F5,   // 0x2BA0 (11168) pixels
0x59D3, 0x49B1, 0x3990, 0x316F, 0x296E, 0x214D, 0x214D, 0x194D, 0x192C, 0x192C, 0x192C, 0x192C, 0x192C, 0x192C, 0x192C, 0x192C,   // 0x2BB0 (11184) pixels
0x214C, 0x214C, 0x214C, 0x214D, 0x214D, 0x214D, 0x214D, 0x214D, 0x214D, 0x216D, 0x216D, 0x216D, 0x214D, 0x214D, 0x216D, 0x21AE,   // 0x2BC0 (11200) pixels
0x21AE, 0x21AE, 0x21AE, 0x19CE, 0x19CE, 0x19AE, 0x21AE, 0x19AE, 0x19AE, 0x19AE, 0x19CE, 0x19AE, 0x19AE, 0x19AE, 0x19CE, 0x19CE,   // 0x2BD0 (11216) pixels
0x19CE, 0x19CE, 0x19EF, 0x19EF, 0x19EF, 0x1A0F, 0x1A10, 0x1A30, 0x1A30, 0x1A51, 0x1A51, 0x21F0, 0x21F0, 0x2211, 0x2211, 0x2232,   // 0x2BE0 (11232) pixels
0x2232, 0x2252, 0x2252, 0x2252, 0x2252, 0x2252, 0x2272, 0x2A72, 0x2A92, 0x2AD2, 0x3313, 0x3354, 0x3374, 0x3BB5, 0x3BD5, 0x3BD5,   // 0x2BF0 (11248) pixels
0x3B94, 0x0000, 0x0000, 0x0000, 0x0000, 0x0000, 0x0000, 0x0000, 0x0000, 0x0000, 0x0000, 0x0000, 0x0000, 0x0000, 0x0000, 0x0000,   // 0x2C00 (11264) pixels
0x0000, 0x0000, 0x0000, 0x0000, 0x0000, 0x0000, 0x0000, 0x0000, 0x0000, 0x0000, 0x0000, 0x0000, 0x0000, 0x0000, 0x0000, 0x0000,   // 0x2C10 (11280) pixels
0x0000, 0x0000, 0x0000, 0x0000, 0x0000, 0x6973, 0x6973, 0x6973, 0x6973, 0x6973, 0x8A37, 0xAADB, 0xA29A, 0x9A79, 0x8A58, 0x7A16,   // 0x2C20 (11296) pixels
0x61F4, 0x51D2, 0x41B1, 0x318F, 0x296E, 0x216E, 0x214D, 0x214D, 0x194D, 0x192C, 0x192C, 0x192C, 0x192C, 0x192C, 0x192C, 0x192C,   // 0x2C30 (11312) pixels
0x192C, 0x192C, 0x192C, 0x192C, 0x192C, 0x194C, 0x194C, 0x214C, 0x214C, 0x214C, 0x214C, 0x214C, 0x214C, 0x194C, 0x194D, 0x19AE,   // 0x2C40 (11328) pixels
0x19AE, 0x19AE, 0x19AE, 0x19AD, 0x19AD, 0x19AD, 0x19AD, 0x19AE, 0x19AE, 0x19AE, 0x19AE, 0x19AE, 0x19AE, 0x19CE, 0x19CE, 0x19CE,   // 0x2C50 (11344) pixels
0x19EF, 0x19EF, 0x19EF, 0x1A0F, 0x1A10, 0x1A30, 0x1A30, 0x1A51, 0x1A51, 0x2271, 0x2272, 0x2231, 0x2211, 0x2231, 0x2232, 0x2252,   // 0x2C60 (11360) pixels
0x2252, 0x2253, 0x2273, 0x2273, 0x2272, 0x2272, 0x2272, 0x2A92, 0x2AB2, 0x2AF3, 0x3333, 0x3374, 0x3BB5, 0x3BD5, 0x3BD5, 0x3BB5,   // 0x2C70 (11376) pixels
0x3BB4, 0x0000, 0x0000, 0x0000, 0x0000, 0x0000, 0x0000, 0x0000, 0x0000, 0x0000, 0x0000, 0x0000, 0x0000, 0x0000, 0x0000, 0x0000,   // 0x2C80 (11392) pixels
0x0000, 0x0000, 0x0000, 0x0000, 0x0000, 0x0000, 0x0000, 0x0000, 0x0000, 0x0000, 0x0000, 0x0000, 0x0000, 0x0000, 0x0000, 0x0000,   // 0x2C90 (11408) pixels
0x0000, 0x0000, 0x0000, 0x0000, 0x0000, 0x0000, 0x6172, 0x6172, 0x6172, 0x6172, 0x6172, 0xA279, 0xAA9A, 0x9A79, 0x9258, 0x8237,   // 0x2CA0 (11424) pixels
0x7215, 0x59F3, 0x49D2, 0x39B0, 0x318F, 0x298E, 0x216E, 0x216D, 0x214D, 0x194D, 0x192C, 0x192C, 0x192C, 0x192C, 0x192C, 0x192C,   // 0x2CB0 (11440) pixels
0x192C, 0x192C, 0x192C, 0x192C, 0x192C, 0x192C, 0x192C, 0x192C, 0x192C, 0x192C, 0x192C, 0x192C, 0x192C, 0x192C, 0x194C, 0x198D,   // 0x2CC0 (11456) pixels
0x198D, 0x198D, 0x19AD, 0x198D, 0x19AD, 0x19AD, 0x19AD, 0x19AD, 0x19AD, 0x19AD, 0x19AE, 0x19AE, 0x19CE, 0x19CE, 0x19CE, 0x19EF,   // 0x2CD0 (11472) pixels
0x19EF, 0x19EF, 0x1A10, 0x1A10, 0x1A30, 0x1A30, 0x1A51, 0x1A71, 0x2272, 0x2292, 0x2292, 0x2252, 0x2232, 0x2252, 0x2252, 0x2253,   // 0x2CE0 (11488) pixels
0x2273, 0x2273, 0x2273, 0x2273, 0x2273, 0x2A92, 0x2A92, 0x2AB3, 0x2AF3, 0x3333, 0x3374, 0x3B95, 0x3BB5, 0x3BD5, 0x3BD5, 0x3B94,   // 0x2CF0 (11504) pixels
0x0000, 0x0000, 0x0000, 0x0000, 0x0000, 0x0000, 0x0000, 0x0000, 0x0000, 0x0000, 0x0000, 0x0000, 0x0000, 0x0000, 0x0000, 0x0000,   // 0x2D00 (11520) pixels
0x0000, 0x0000, 0x0000, 0x0000, 0x0000, 0x0000, 0x0000, 0x0000, 0x0000, 0x0000, 0x0000, 0x0000, 0x0000, 0x0000, 0x0000, 0x0000,   // 0x2D10 (11536) pixels
0x0000, 0x0000, 0x0000, 0x0000, 0x0000, 0x0000, 0x0000, 0x6152, 0x6152, 0x6152, 0x6152, 0x71B4, 0xAA9A, 0xA27A, 0x9279, 0x8A58,   // 0x2D20 (11552) pixels
0x7A36, 0x6215, 0x51F3, 0x41D1, 0x39B0, 0x318F, 0x298E, 0x216E, 0x216D, 0x194D, 0x194D, 0x192C, 0x192C, 0x192C, 0x192C, 0x192C,   // 0x2D30 (11568) pixels
0x190C, 0x190C, 0x192C, 0x192C, 0x192C, 0x192C, 0x190C, 0x190C, 0x192C, 0x192C, 0x192C, 0x192C, 0x192C, 0x190C, 0x192C, 0x198D,   // 0x2D40 (11584) pixels
0x198D, 0x198D, 0x198D, 0x198D, 0x198D, 0x198D, 0x198D, 0x198D, 0x19AD, 0x19AD, 0x19AE, 0x19AE, 0x19CE, 0x19CE, 0x19EF, 0x19EF,   // 0x2D50 (11600) pixels
0x19EF, 0x1A10, 0x1A30, 0x1A30, 0x1A51, 0x1A51, 0x2271, 0x2272, 0x2292, 0x22B3, 0x22B3, 0x2273, 0x2252, 0x2253, 0x2273, 0x2273,   // 0x2D60 (11616) pixels
0x2A73, 0x2A73, 0x2273, 0x2273, 0x2A93, 0x2A93, 0x2AB3, 0x2AF3, 0x3313, 0x3354, 0x3395, 0x3BB5, 0x3BD5, 0x3BD5, 0x3BB5, 0x0000,   // 0x2D70 (11632) pixels
0x0000, 0x0000, 0x0000, 0x0000, 0x0000, 0x0000, 0x0000, 0x0000, 0x0000, 0x0000, 0x0000, 0x0000, 0x0000, 0x0000, 0x0000, 0x0000,   // 0x2D80 (11648) pixels
0x0000, 0x0000, 0x0000, 0x0000, 0x0000, 0x0000, 0x0000, 0x0000, 0x0000, 0x0000, 0x0000, 0x0000, 0x0000, 0x0000, 0x0000, 0x0000,   // 0x2D90 (11664) pixels
0x0000, 0x0000, 0x0000, 0x0000, 0x0000, 0x0000, 0x0000, 0x0000, 0x5931, 0x5931, 0x5931, 0x5931, 0x8A17, 0xA27A, 0x9A79, 0x8A78,   // 0x2DA0 (11680) pixels
0x7A57, 0x7236, 0x5A34, 0x5212, 0x41F1, 0x31D0, 0x29AF, 0x218E, 0x216E, 0x216D, 0x194D, 0x194D, 0x192C, 0x192C, 0x192C, 0x192C,   // 0x2DB0 (11696) pixels
0x190C, 0x190C, 0x190C, 0x190C, 0x190B, 0x190B, 0x190B, 0x190B, 0x190B, 0x190B, 0x190B, 0x190B, 0x190B, 0x190B, 0x192C, 0x198D,   // 0x2DC0 (11712) pixels
0x198D, 0x198D, 0x198D, 0x198D, 0x198D, 0x198D, 0x198D, 0x19AD, 0x19AD, 0x19AD, 0x19AE, 0x19CE, 0x19CE, 0x19EE, 0x19EF, 0x1A0F,   // 0x2DD0 (11728) pixels
0x1A10, 0x1A30, 0x1A30, 0x1A51, 0x1A71, 0x2272, 0x2292, 0x2292, 0x22B3, 0x22D3, 0x22D4, 0x2293, 0x2273, 0x2273, 0x2273, 0x2273,   // 0x2DE0 (11744) pixels
0x2273, 0x2A93, 0x2293, 0x2A93, 0x2A93, 0x2AB3, 0x2AD3, 0x3314, 0x3354, 0x3374, 0x3BB5, 0x3BD5, 0x3BD5, 0x3BD5, 0x3B94, 0x0000,   // 0x2DF0 (11760) pixels
0x0000, 0x0000, 0x0000, 0x0000, 0x0000, 0x0000, 0x0000, 0x0000, 0x0000, 0x0000, 0x0000, 0x0000, 0x0000, 0x0000, 0x0000, 0x0000,   // 0x2E00 (11776) pixels
0x0000, 0x0000, 0x0000, 0x0000, 0x0000, 0x0000, 0x0000, 0x0000, 0x0000, 0x0000, 0x0000, 0x0000, 0x0000, 0x0000, 0x0000, 0x0000,   // 0x2E10 (11792) pixels
0x0000, 0x0000, 0x0000, 0x0000, 0x0000, 0x0000, 0x0000, 0x0000, 0x0000, 0x5131, 0x5110, 0x5110, 0x5931, 0x9A59, 0x9A7A, 0x9279,   // 0x2E20 (11808) pixels
0x8278, 0x7257, 0x6A55, 0x5A34, 0x4A12, 0x39F1, 0x31D0, 0x29AF, 0x218E, 0x216E, 0x216D, 0x214D, 0x194D, 0x192C, 0x192C, 0x192C,   // 0x2E30 (11824) pixels
0x192C, 0x192C, 0x190C, 0x190C, 0x190B, 0x190B, 0x190B, 0x190B, 0x190B, 0x190B, 0x190B, 0x190B, 0x190B, 0x190B, 0x190B, 0x198D,   // 0x2E40 (11840) pixels
0x198D, 0x198D, 0x198D, 0x198D, 0x198D, 0x198D, 0x198D, 0x198D, 0x19AD, 0x19AE, 0x19CE, 0x19CE, 0x19EE, 0x19EF, 0x1A0F, 0x1A10,   // 0x2E50 (11856) pixels
0x1A30, 0x1A50, 0x1A51, 0x2271, 0x2272, 0x2292, 0x22B3, 0x22B3, 0x22D3, 0x22D4, 0x22F4, 0x2293, 0x2273, 0x2294, 0x2A94, 0x2A93,   // 0x2E60 (11872) pixels
0x2293, 0x2A93, 0x2A93, 0x2AB3, 0x2AB3, 0x2AF3, 0x3314, 0x3354, 0x3374, 0x3BB5, 0x3BD5, 0x3BD5, 0x3BF5, 0x3B94, 0x0000, 0x0000,   // 0x2E70 (11888) pixels
0x0000, 0x0000, 0x0000, 0x0000, 0x0000, 0x0000, 0x0000, 0x0000, 0x0000, 0x0000, 0x0000, 0x0000, 0x0000, 0x0000, 0x0000, 0x0000,   // 0x2E80 (11904) pixels
0x0000, 0x0000, 0x0000, 0x0000, 0x0000, 0x0000, 0x0000, 0x0000, 0x0000, 0x0000, 0x0000, 0x0000, 0x0000, 0x0000, 0x0000, 0x0000,   // 0x2E90 (11920) pixels
0x0000, 0x0000, 0x0000, 0x0000, 0x0000, 0x0000, 0x0000, 0x0000, 0x0000, 0x0000, 0x5110, 0x4910, 0x4910, 0x6172, 0x9A9A, 0x9299,   // 0x2EA0 (11936) pixels
0x8A98, 0x7A97, 0x6A76, 0x6255, 0x5233, 0x4212, 0x39F1, 0x31D0, 0x29AF, 0x218E, 0x218E, 0x216D, 0x196D, 0x194D, 0x194D, 0x192C,   // 0x2EB0 (11952) pixels
0x192C, 0x192C, 0x192C, 0x190C, 0x190B, 0x190B, 0x190B, 0x190B, 0x190B, 0x190B, 0x190B, 0x190B, 0x190B, 0x190B, 0x190B, 0x196C,   // 0x2EC0 (11968) pixels
0x198D, 0x198D, 0x198D, 0x198D, 0x198D, 0x198D, 0x19AD, 0x19AD, 0x19AE, 0x19CE, 0x19CE, 0x19EE, 0x19EF, 0x1A0F, 0x1A10, 0x1A30,   // 0x2ED0 (11984) pixels
0x1A51, 0x1A51, 0x2271, 0x2292, 0x2292, 0x22B3, 0x22B3, 0x22D4, 0x22F4, 0x22F4, 0x22F4, 0x2293, 0x2A94, 0x2A94, 0x2A94, 0x2A93,   // 0x2EE0 (12000) pixels
0x2A93, 0x2A93, 0x2AB3, 0x2AB3, 0x2AF3, 0x3314, 0x3334, 0x3374, 0x3BB5, 0x3BD5, 0x3BD6, 0x3BF6, 0x3BB5, 0x0000, 0x0000, 0x0000,   // 0x2EF0 (12016) pixels
0x0000, 0x0000, 0x0000, 0x0000, 0x0000, 0x0000, 0x0000, 0x0000, 0x0000, 0x0000, 0x0000, 0x0000, 0x0000, 0x0000, 0x0000, 0x0000,   // 0x2F00 (12032) pixels
0x0000, 0x0000, 0x0000, 0x0000, 0x0000, 0x0000, 0x0000, 0x0000, 0x0000, 0x0000, 0x0000, 0x0000, 0x0000, 0x0000, 0x0000, 0x0000,   // 0x2F10 (12048) pixels
0x0000, 0x0000, 0x0000, 0x0000, 0x0000, 0x0000, 0x0000, 0x0000, 0x0000, 0x0000, 0x0000, 0x0000, 0x4910, 0x40EF, 0x69D4, 0x9299,   // 0x2F20 (12064) pixels
0x8AB9, 0x82B8, 0x7297, 0x6A96, 0x5A74, 0x4A53, 0x4232, 0x39F1, 0x31F0, 0x29CF, 0x21AE, 0x218E, 0x216E, 0x196D, 0x196D, 0x194D,   // 0x2F30 (12080) pixels
0x194C, 0x192C, 0x192C, 0x192C, 0x190C, 0x190C, 0x190B, 0x190B, 0x190B, 0x190B, 0x190B, 0x18EB, 0x18EB, 0x18EB, 0x18EB, 0x194C,   // 0x2F40 (12096) pixels
0x198D, 0x198D, 0x198D, 0x198D, 0x198D, 0x19AD, 0x19AD, 0x19AE, 0x19CE, 0x19CE, 0x19CE, 0x19EF, 0x1A0F, 0x1A10, 0x1A30, 0x1A51,   // 0x2F50 (12112) pixels
0x1A51, 0x2271, 0x2292, 0x2292, 0x22B3, 0x22D3, 0x22D4, 0x22F4, 0x22F4, 0x22F5, 0x22F4, 0x2A94, 0x2A94, 0x2A94, 0x2A94, 0x2A93,   // 0x2F60 (12128) pixels
0x2A93, 0x2AB3, 0x2AD3, 0x2AF3, 0x3314, 0x3334, 0x3375, 0x3B95, 0x3BB5, 0x3BD6, 0x3BF6, 0x3BD5, 0x3BB5, 0x0000, 0x0000, 0x0000,   // 0x2F70 (12144) pixels
0x0000, 0x0000, 0x0000, 0x0000, 0x0000, 0x0000, 0x0000, 0x0000, 0x0000, 0x0000, 0x0000, 0x0000, 0x0000, 0x0000, 0x0000, 0x0000,   // 0x2F80 (12160) pixels
0x0000, 0x0000, 0x0000, 0x0000, 0x0000, 0x0000, 0x0000, 0x0000, 0x0000, 0x0000, 0x0000, 0x0000, 0x0000, 0x0000, 0x0000, 0x0000,   // 0x2F90 (12176) pixels
0x0000, 0x0000, 0x0000, 0x0000, 0x0000, 0x0000, 0x0000, 0x0000, 0x0000, 0x0000, 0x0000, 0x0000, 0x0000, 0x5151, 0x4910, 0x7A36,   // 0x2FA0 (12192) pixels
0x8AB9, 0x82D8, 0x7AB7, 0x6AB6, 0x6295, 0x5274, 0x4A53, 0x3A32, 0x3211, 0x29F0, 0x29CF, 0x21AF, 0x218E, 0x218E, 0x196D, 0x196D,   // 0x2FB0 (12208) pixels
0x194D, 0x194D, 0x194C, 0x192C, 0x192C, 0x192C, 0x192C, 0x190C, 0x190B, 0x190B, 0x190B, 0x190B, 0x190B, 0x190B, 0x190B, 0x192B,   // 0x2FC0 (12224) pixels
0x198D, 0x198D, 0x198D, 0x198D, 0x19AD, 0x19AD, 0x19AE, 0x19CE, 0x19CE, 0x19EE, 0x19EF, 0x1A0F, 0x1A10, 0x1A30, 0x1A51, 0x1A51,   // 0x2FD0 (12240) pixels
0x1A71, 0x2292, 0x22B2, 0x22B3, 0x22D3, 0x22D4, 0x22F4, 0x22F4, 0x22F5, 0x2315, 0x22D4, 0x2A94, 0x2A94, 0x2A94, 0x2A93, 0x2AB3,   // 0x2FE0 (12256) pixels
0x2AB3, 0x2AD3, 0x2AF3, 0x3314, 0x3334, 0x3375, 0x3B95, 0x3BB5, 0x3BD6, 0x3BF6, 0x3BD5, 0x3BB5, 0x0000, 0x0000, 0x0000, 0x0000,   // 0x2FF0 (12272) pixels
0x0000, 0x0000, 0x0000, 0x0000, 0x0000, 0x0000, 0x0000, 0x0000, 0x0000, 0x0000, 0x0000, 0x0000, 0x0000, 0x0000, 0x0000, 0x0000,   // 0x3000 (12288) pixels
0x0000, 0x0000, 0x0000, 0x0000, 0x0000, 0x0000, 0x0000, 0x0000, 0x0000, 0x0000, 0x0000, 0x0000, 0x0000, 0x0000, 0x0000, 0x0000,   // 0x3010 (12304) pixels
0x0000, 0x0000, 0x0000, 0x0000, 0x0000, 0x0000, 0x0000, 0x0000, 0x0000, 0x0000, 0x0000, 0x0000, 0x0000, 0x0000, 0x0000, 0x61D4,   // 0x3020 (12320) pixels
0x8298, 0x82D9, 0x7AD8, 0x72D7, 0x62D6, 0x5AB5, 0x5294, 0x4273, 0x3A32, 0x3211, 0x29F0, 0x29CF, 0x21AF, 0x21AE, 0x218E, 0x218E,   // 0x3030 (12336) pixels
0x196D, 0x196D, 0x194D, 0x194D, 0x194D, 0x192C, 0x192C, 0x192C, 0x192C, 0x192C, 0x190C, 0x190B, 0x190B, 0x190B, 0x190B, 0x190B,   // 0x3040 (12352) pixels
0x196D, 0x19AD, 0x19AD, 0x19AD, 0x19AE, 0x19CE, 0x19CE, 0x19CE, 0x19EF, 0x19EF, 0x1A0F, 0x1A30, 0x1A30, 0x1A51, 0x1A71, 0x2272,   // 0x3050 (12368) pixels
0x2292, 0x22B3, 0x22B3, 0x22D3, 0x22D4, 0x22F4, 0x22F4, 0x22F5, 0x2315, 0x2315, 0x2A94, 0x2A94, 0x2A94, 0x2A93, 0x2AB3, 0x2AB3,   // 0x3060 (12384) pixels
0x2AD3, 0x2AF4, 0x3314, 0x3334, 0x3375, 0x3B95, 0x3BB5, 0x3BD6, 0x3BF6, 0x3BF6, 0x3BB5, 0x0000, 0x0000, 0x0000, 0x0000, 0x0000,   // 0x3070 (12400) pixels
0x0000, 0x0000, 0x0000, 0x0000, 0x0000, 0x0000, 0x0000, 0x0000, 0x0000, 0x0000, 0x0000, 0x0000, 0x0000, 0x0000, 0x0000, 0x0000,   // 0x3080 (12416) pixels
0x0000, 0x0000, 0x0000, 0x0000, 0x0000, 0x0000, 0x0000, 0x0000, 0x0000, 0x0000, 0x0000, 0x0000, 0x0000, 0x0000, 0x0000, 0x0000,   // 0x3090 (12432) pixels
0x0000, 0x0000, 0x0000, 0x0000, 0x0000, 0x0000, 0x0000, 0x0000, 0x0000, 0x0000, 0x0000, 0x0000, 0x0000, 0x0000, 0x0000, 0x0000,   // 0x30A0 (12448) pixels
0x7297, 0x7AD8, 0x7AF8, 0x72F8, 0x6AF7, 0x62D6, 0x52D5, 0x4A94, 0x4273, 0x3A52, 0x3231, 0x2A10, 0x29EF, 0x21CF, 0x21AF, 0x21AE,   // 0x30B0 (12464) pixels
0x218E, 0x218E, 0x196D, 0x196D, 0x196D, 0x194D, 0x194D, 0x194C, 0x194C, 0x192C, 0x192C, 0x192C, 0x192C, 0x192C, 0x192C, 0x192C,   // 0x30C0 (12480) pixels
0x194C, 0x19CE, 0x19CE, 0x19CE, 0x19CE, 0x19CE, 0x19EF, 0x19EF, 0x1A0F, 0x1A0F, 0x1A30, 0x1A30, 0x1A51, 0x1A71, 0x2272, 0x2292,   // 0x30D0 (12496) pixels
0x22B3, 0x22B3, 0x22D3, 0x22D4, 0x22F4, 0x22F4, 0x22F5, 0x2315, 0x2315, 0x22B4, 0x2A94, 0x2A93, 0x2A93, 0x2AB3, 0x2AB3, 0x2AD3,   // 0x30E0 (12512) pixels
0x2AF4, 0x3314, 0x3354, 0x3375, 0x3B95, 0x3BB5, 0x3BD6, 0x3BF6, 0x3BF6, 0x3BB4, 0x0000, 0x0000, 0x0000, 0x0000, 0x0000, 0x0000,   // 0x30F0 (12528) pixels
0x0000, 0x0000, 0x0000, 0x0000, 0x0000, 0x0000, 0x0000, 0x0000, 0x0000, 0x0000, 0x0000, 0x0000, 0x0000, 0x0000, 0x0000, 0x0000,   // 0x3100 (12544) pixels
0x0000, 0x0000, 0x0000, 0x0000, 0x0000, 0x0000, 0x0000, 0x0000, 0x0000, 0x0000, 0x0000, 0x0000, 0x0000, 0x0000, 0x0000, 0x0000,   // 0x3110 (12560) pixels
0x0000, 0x0000, 0x0000, 0x0000, 0x0000, 0x0000, 0x0000, 0x0000, 0x0000, 0x0000, 0x0000, 0x0000, 0x0000, 0x0000, 0x0000, 0x0000,   // 0x3120 (12576) pixels
0x0000, 0x72B7, 0x72F8, 0x7318, 0x6B17, 0x6317, 0x5AF6, 0x52D5, 0x4AB4, 0x4293, 0x3A72, 0x3231, 0x2A10, 0x29EF, 0x21CF, 0x21CF,   // 0x3130 (12592) pixels
0x21AE, 0x21AE, 0x218E, 0x198E, 0x198E, 0x196D, 0x196D, 0x196D, 0x194D, 0x194D, 0x194D, 0x194D, 0x194C, 0x194C, 0x194C, 0x194C,   // 0x3140 (12608) pixels
0x194C, 0x198D, 0x19EE, 0x19EE, 0x19EF, 0x19EF, 0x1A0F, 0x1A0F, 0x1A30, 0x1A30, 0x1A50, 0x1A51, 0x1A71, 0x2292, 0x2292, 0x22B3,   // 0x3150 (12624) pixels
0x22B3, 0x22D3, 0x22D4, 0x22F4, 0x22F4, 0x22F4, 0x22F5, 0x2315, 0x22F4, 0x2A93, 0x2A93, 0x2AB3, 0x2AB3, 0x2AD3, 0x2AD3, 0x2AF4,   // 0x3160 (12640) pixels
0x3334, 0x3354, 0x3375, 0x3B95, 0x3BB5, 0x3BD6, 0x3BF6, 0x3BF6, 0x3B94, 0x0000, 0x0000, 0x0000, 0x0000, 0x0000, 0x0000, 0x0000,   // 0x3170 (12656) pixels
0x0000, 0x0000, 0x0000, 0x0000, 0x0000, 0x0000, 0x0000, 0x0000, 0x0000, 0x0000, 0x0000, 0x0000, 0x0000, 0x0000, 0x0000, 0x0000,   // 0x3180 (12672) pixels
0x0000, 0x0000, 0x0000, 0x0000, 0x0000, 0x0000, 0x0000, 0x0000, 0x0000, 0x0000, 0x0000, 0x0000, 0x0000, 0x0000, 0x0000, 0x0000,   // 0x3190 (12688) pixels
0x0000, 0x0000, 0x0000, 0x0000, 0x0000, 0x0000, 0x0000, 0x0000, 0x0000, 0x0000, 0x0000, 0x0000, 0x0000, 0x0000, 0x0000, 0x0000,   // 0x31A0 (12704) pixels
0x0000, 0x0000, 0x6AD6, 0x6B17, 0x6B38, 0x6337, 0x5B36, 0x5315, 0x4AF5, 0x42D4, 0x3AB3, 0x3A72, 0x3251, 0x2A30, 0x2A10, 0x21EF,   // 0x31B0 (12720) pixels
0x21CF, 0x21CF, 0x21AE, 0x21AE, 0x218E, 0x218E, 0x198E, 0x198E, 0x196D, 0x196D, 0x196D, 0x196D, 0x196D, 0x196D, 0x196D, 0x196D,   // 0x31C0 (12736) pixels
0x196D, 0x196D, 0x19CE, 0x1A0F, 0x1A0F, 0x1A0F, 0x1A30, 0x1A30, 0x1A50, 0x1A51, 0x1A71, 0x1A72, 0x2292, 0x2292, 0x22B3, 0x22B3,   // 0x31D0 (12752) pixels
0x22D3, 0x22D4, 0x22F4, 0x22F4, 0x22F4, 0x22F4, 0x2314, 0x22F4, 0x2A93, 0x2A93, 0x2AB3, 0x2AB3, 0x2AD3, 0x2AF3, 0x2B14, 0x3334,   // 0x31E0 (12768) pixels
0x3354, 0x3395, 0x3BB5, 0x3BD5, 0x3BD6, 0x3BF6, 0x3BF6, 0x3BB5, 0x0000, 0x0000, 0x0000, 0x0000, 0x0000, 0x0000, 0x0000, 0x0000,   // 0x31F0 (12784) pixels
0x0000, 0x0000, 0x0000, 0x0000, 0x0000, 0x0000, 0x0000, 0x0000, 0x0000, 0x0000, 0x0000, 0x0000, 0x0000, 0x0000, 0x0000, 0x0000,   // 0x3200 (12800) pixels
0x0000, 0x0000, 0x0000, 0x0000, 0x0000, 0x0000, 0x0000, 0x0000, 0x0000, 0x0000, 0x0000, 0x0000, 0x0000, 0x0000, 0x0000, 0x0000,   // 0x3210 (12816) pixels
0x0000, 0x0000, 0x0000, 0x0000, 0x0000, 0x0000, 0x0000, 0x0000, 0x0000, 0x0000, 0x0000, 0x0000, 0x0000, 0x0000, 0x0000, 0x0000,   // 0x3220 (12832) pixels
0x0000, 0x0000, 0x0000, 0x62F6, 0x6B37, 0x6357, 0x6357, 0x5B36, 0x5335, 0x4B14, 0x42F4, 0x3AD3, 0x3292, 0x3271, 0x2A50, 0x2A30,   // 0x3230 (12848) pixels
0x220F, 0x21EF, 0x21CF, 0x21CF, 0x21AE, 0x21AE, 0x21AE, 0x218E, 0x218E, 0x218E, 0x198E, 0x198E, 0x198E, 0x198E, 0x198E, 0x198E,   // 0x3240 (12864) pixels
0x198E, 0x198E, 0x198E, 0x19EF, 0x1A30, 0x1A30, 0x1A50, 0x1A51, 0x1A51, 0x1A71, 0x2272, 0x2292, 0x2292, 0x22B3, 0x22B3, 0x22D3,   // 0x3250 (12880) pixels
0x22D3, 0x22F4, 0x22F4, 0x22F4, 0x22F4, 0x22F4, 0x22F4, 0x2293, 0x2A93, 0x2AB3, 0x2AB3, 0x2AD3, 0x2AF3, 0x3314, 0x3334, 0x3374,   // 0x3260 (12896) pixels
0x3395, 0x3BB5, 0x3BD5, 0x3BF6, 0x3BF6, 0x3BF6, 0x3B94, 0x0000, 0x0000, 0x0000, 0x0000, 0x0000, 0x0000, 0x0000, 0x0000, 0x0000,   // 0x3270 (12912) pixels
0x0000, 0x0000, 0x0000, 0x0000, 0x0000, 0x0000, 0x0000, 0x0000, 0x0000, 0x0000, 0x0000, 0x0000, 0x0000, 0x0000, 0x0000, 0x0000,   // 0x3280 (12928) pixels
0x0000, 0x0000, 0x0000, 0x0000, 0x0000, 0x0000, 0x0000, 0x0000, 0x0000, 0x0000, 0x0000, 0x0000, 0x0000, 0x0000, 0x0000, 0x0000,   // 0x3290 (12944) pixels
0x0000, 0x0000, 0x0000, 0x0000, 0x0000, 0x0000, 0x0000, 0x0000, 0x0000, 0x0000, 0x0000, 0x0000, 0x0000, 0x0000, 0x0000, 0x0000,   // 0x32A0 (12960) pixels
0x0000, 0x0000, 0x0000, 0x0000, 0x6316, 0x6337, 0x6357, 0x5B56, 0x5356, 0x4B35, 0x4B34, 0x4314, 0x3AD3, 0x32B2, 0x3291, 0x2A71,   // 0x32B0 (12976) pixels
0x2A30, 0x2230, 0x220F, 0x21EF, 0x21EF, 0x21CF, 0x21CF, 0x21AE, 0x21AE, 0x21AE, 0x19AE, 0x19AE, 0x19AE, 0x19AE, 0x19AE, 0x19AE,   // 0x32C0 (12992) pixels
0x198E, 0x19AE, 0x19AE, 0x19AF, 0x1A10, 0x1A51, 0x1A51, 0x1A71, 0x1A71, 0x1A72, 0x2292, 0x2292, 0x22B2, 0x22B3, 0x22B3, 0x22D3,   // 0x32D0 (13008) pixels
0x22D3, 0x22F4, 0x22F4, 0x22F4, 0x22F4, 0x22D4, 0x2A93, 0x2A93, 0x2AB3, 0x2AD3, 0x2AD3, 0x2B14, 0x3334, 0x3354, 0x3375, 0x3395,   // 0x32E0 (13024) pixels
0x3BB5, 0x3BD5, 0x3BF6, 0x3BF6, 0x3BF5, 0x3332, 0x3311, 0x0000, 0x0000, 0x0000, 0x0000, 0x0000, 0x0000, 0x0000, 0x0000, 0x0000,   // 0x32F0 (13040) pixels
0x0000, 0x0000, 0x0000, 0x0000, 0x0000, 0x0000, 0x0000, 0x0000, 0x0000, 0x0000, 0x0000, 0x0000, 0x0000, 0x0000, 0x0000, 0x0000,   // 0x3300 (13056) pixels
0x0000, 0x0000, 0x0000, 0x0000, 0x0000, 0x0000, 0x0000, 0x0000, 0x0000, 0x0000, 0x0000, 0x0000, 0x0000, 0x0000, 0x0000, 0x0000,   // 0x3310 (13072) pixels
0x0000, 0x0000, 0x0000, 0x0000, 0x0000, 0x0000, 0x0000, 0x0000, 0x0000, 0x0000, 0x0000, 0x0000, 0x0000, 0x0000, 0x0000, 0x0000,   // 0x3320 (13088) pixels
0x0000, 0x0000, 0x0000, 0x0000, 0x0000, 0x5B15, 0x5B36, 0x5B77, 0x5376, 0x5376, 0x4B55, 0x4354, 0x3B34, 0x3AF3, 0x32D2, 0x32B1,   // 0x3330 (13104) pixels
0x2A91, 0x2A50, 0x2A30, 0x2210, 0x220F, 0x21EF, 0x21EF, 0x21CF, 0x21CF, 0x21AF, 0x21AF, 0x21AF, 0x21AF, 0x21AF, 0x21AF, 0x21AF,   // 0x3340 (13120) pixels
0x21AF, 0x21AF, 0x21AF, 0x21CF, 0x21CF, 0x21F0, 0x1A51, 0x2271, 0x2272, 0x2292, 0x2292, 0x22B2, 0x22B3, 0x22B3, 0x22D3, 0x22D3,   // 0x3350 (13136) pixels
0x22D3, 0x22F3, 0x22F4, 0x22F3, 0x22B3, 0x2A93, 0x2AB3, 0x2AB3, 0x2AD3, 0x2AF3, 0x3314, 0x3334, 0x3354, 0x3375, 0x3BB5, 0x3BB5,   // 0x3360 (13152) pixels
0x3BD5, 0x3BF6, 0x3BF6, 0x3BB4, 0x222C, 0x19A9, 0x1127, 0x08A4, 0x0021, 0x0000, 0x0000, 0x0000, 0x0000, 0x0000, 0x0000, 0x0000,   // 0x3370 (13168) pixels
0x0000, 0x0000, 0x0000, 0x0000, 0x0000, 0x0000, 0x0000, 0x0000, 0x0000, 0x0000, 0x0000, 0x0000, 0x0000, 0x0000, 0x0000, 0x0000,   // 0x3380 (13184) pixels
0x0000, 0x0000, 0x0000, 0x0000, 0x0000, 0x0000, 0x0000, 0x0000, 0x0000, 0x0000, 0x0000, 0x0000, 0x0000, 0x0000, 0x0000, 0x0000,   // 0x3390 (13200) pixels
0x0000, 0x0000, 0x0000, 0x0000, 0x0000, 0x0000, 0x0000, 0x0000, 0x0000, 0x0000, 0x0000, 0x0000, 0x0000, 0x0000, 0x0000, 0x0000,   // 0x33A0 (13216) pixels
0x0000, 0x0000, 0x0000, 0x0000, 0x4250, 0x3A2F, 0x3A2E, 0x42B2, 0x5376, 0x5396, 0x4B75, 0x4375, 0x4354, 0x3B34, 0x3B13, 0x32F2,   // 0x33B0 (13232) pixels
0x32D2, 0x2AB1, 0x2A91, 0x2A70, 0x2230, 0x2230, 0x220F, 0x21EF, 0x21EF, 0x21EF, 0x21CF, 0x21CF, 0x21CF, 0x21CF, 0x21CF, 0x21CF,   // 0x33C0 (13248) pixels
0x21CF, 0x21CF, 0x21CF, 0x21CF, 0x21CF, 0x21EF, 0x21F0, 0x2210, 0x2251, 0x2292, 0x22B2, 0x22B2, 0x22B2, 0x22B3, 0x22D3, 0x22D3,   // 0x33D0 (13264) pixels
0x22D3, 0x22D3, 0x22B2, 0x2A92, 0x2A92, 0x2AB3, 0x2AD3, 0x2AF3, 0x2B13, 0x3334, 0x3354, 0x3374, 0x3395, 0x3BB5, 0x3BD5, 0x3BD5,   // 0x33E0 (13280) pixels
0x3BF6, 0x3BF6, 0x3311, 0x0883, 0x0000, 0x0021, 0x0020, 0x0000, 0x0000, 0x0000, 0x0000, 0x0000, 0x0000, 0x0000, 0x0000, 0x0000,   // 0x33F0 (13296) pixels
0x0000, 0x0000, 0x0000, 0x0000, 0x0000, 0x0000, 0x0000, 0x0000, 0x0000, 0x0000, 0x0000, 0x0000, 0x0000, 0x0000, 0x0000, 0x0000,   // 0x3400 (13312) pixels
0x0000, 0x0000, 0x0000, 0x0000, 0x0000, 0x0000, 0x0000, 0x0000, 0x0000, 0x0000, 0x0000, 0x0000, 0x0000, 0x0000, 0x0000, 0x0000,   // 0x3410 (13328) pixels
0x0000, 0x0000, 0x0000, 0x0000, 0x0000, 0x0000, 0x0000, 0x0000, 0x0000, 0x0000, 0x0000, 0x0000, 0x0000, 0x0000, 0x0000, 0x0000,   // 0x3420 (13344) pixels
0x0000, 0x0000, 0x0000, 0x0000, 0x0021, 0x0883, 0x10C5, 0x0884, 0x1948, 0x4B75, 0x4B96, 0x4395, 0x4395, 0x3B74, 0x3B54, 0x3B53,   // 0x3430 (13360) pixels
0x3313, 0x32F2, 0x2AD2, 0x2AB1, 0x2A91, 0x2A70, 0x2250, 0x2230, 0x2210, 0x220F, 0x21EF, 0x21EF, 0x21EF, 0x21EF, 0x21EF, 0x21EF,   // 0x3440 (13376) pixels
0x21CF, 0x21EF, 0x21EF, 0x21EF, 0x21EF, 0x21F0, 0x21F0, 0x21F0, 0x2210, 0x2210, 0x2231, 0x2251, 0x2271, 0x2272, 0x2292, 0x2272,   // 0x3450 (13392) pixels
0x2272, 0x2A92, 0x2A92, 0x2AB2, 0x2AD3, 0x2AF3, 0x32F3, 0x3313, 0x3354, 0x3374, 0x3395, 0x3B95, 0x3BB5, 0x3BD5, 0x3BD6, 0x3BF6,   // 0x3460 (13408) pixels
0x3BF5, 0x222C, 0x0000, 0x0000, 0x0000, 0x0000, 0x0000, 0x0000, 0x0000, 0x0000, 0x0000, 0x0000, 0x0000, 0x0000, 0x0000, 0x0000,   // 0x3470 (13424) pixels
0x0000, 0x0000, 0x0000, 0x0000, 0x0000, 0x0000, 0x0000, 0x0000, 0x0000, 0x0000, 0x0000, 0x0000, 0x0000, 0x0000, 0x0000, 0x0000,   // 0x3480 (13440) pixels
0x0000, 0x0000, 0x0000, 0x0000, 0x0000, 0x0000, 0x0000, 0x0000, 0x0000, 0x0000, 0x0000, 0x0000, 0x0000, 0x0000, 0x0000, 0x0000,   // 0x3490 (13456) pixels
0x0000, 0x0000, 0x0000, 0x0000, 0x0000, 0x0000, 0x0000, 0x0000, 0x0000, 0x0000, 0x0000, 0x0000, 0x0000, 0x0000, 0x0000, 0x0000,   // 0x34A0 (13472) pixels
0x0000, 0x0000, 0x0000, 0x0000, 0x0000, 0x0000, 0x0000, 0x0000, 0x0000, 0x0883, 0x3290, 0x43B5, 0x43B5, 0x4395, 0x3B94, 0x3B74,   // 0x34B0 (13488) pixels
0x3353, 0x3353, 0x3313, 0x32F2, 0x2AD2, 0x2AB1, 0x2A91, 0x2A71, 0x2A70, 0x2250, 0x2230, 0x2230, 0x2210, 0x220F, 0x220F, 0x220F,   // 0x34C0 (13504) pixels
0x21EF, 0x21EF, 0x21EF, 0x220F, 0x2210, 0x2210, 0x2210, 0x2210, 0x2210, 0x2230, 0x2231, 0x2251, 0x2251, 0x2271, 0x2271, 0x2A92,   // 0x34D0 (13520) pixels
0x2A92, 0x2AB2, 0x2AD2, 0x2AF3, 0x3313, 0x3313, 0x3334, 0x3354, 0x3374, 0x3B95, 0x3BB5, 0x3BD5, 0x3BD5, 0x3BF6, 0x3BF6, 0x3353,   // 0x34E0 (13536) pixels
0x1106, 0x0000, 0x0000, 0x0000, 0x0000, 0x0000, 0x0000, 0x0000, 0x0000, 0x0000, 0x0000, 0x0000, 0x0000, 0x0000, 0x0000, 0x0000,   // 0x34F0 (13552) pixels
0x0000, 0x0000, 0x0000, 0x0000, 0x0000, 0x0000, 0x0000, 0x0000, 0x0000, 0x0000, 0x0000, 0x0000, 0x0000, 0x0000, 0x0000, 0x0000,   // 0x3500 (13568) pixels
0x0000, 0x0000, 0x0000, 0x0000, 0x0000, 0x0000, 0x0000, 0x0000, 0x0000, 0x0000, 0x0000, 0x0000, 0x0000, 0x0000, 0x0000, 0x0000,   // 0x3510 (13584) pixels
0x0000, 0x0000, 0x0000, 0x0000, 0x0000, 0x0000, 0x0000, 0x0000, 0x0000, 0x0000, 0x0000, 0x0000, 0x0000, 0x0000, 0x0000, 0x0000,   // 0x3520 (13600) pixels
0x0000, 0x0000, 0x0000, 0x0000, 0x0000, 0x0000, 0x0000, 0x0000, 0x0000, 0x0000, 0x0000, 0x1127, 0x3B53, 0x43B5, 0x3BB5, 0x3BB4,   // 0x3530 (13616) pixels
0x3B94, 0x3B74, 0x3373, 0x3353, 0x3333, 0x3312, 0x32F2, 0x2AD2, 0x2AB1, 0x2A91, 0x2A91, 0x2A70, 0x2270, 0x2250, 0x2250, 0x2250,   // 0x3540 (13632) pixels
0x2230, 0x2230, 0x2230, 0x2230, 0x2230, 0x2230, 0x2230, 0x2250, 0x2250, 0x2251, 0x2271, 0x2A71, 0x2A91, 0x2A92, 0x2AB2, 0x2AB2,   // 0x3550 (13648) pixels
0x2AD2, 0x2AF3, 0x3313, 0x3333, 0x3354, 0x3354, 0x3374, 0x3B95, 0x3BB5, 0x3BD5, 0x3BD5, 0x3BD5, 0x3BF5, 0x3BD5, 0x19EA, 0x0020,   // 0x3560 (13664) pixels
0x0000, 0x0000, 0x0000, 0x0000, 0x0000, 0x0000, 0x0000, 0x0000, 0x0000, 0x0000, 0x0000, 0x0000, 0x0000, 0x0000, 0x0000, 0x0000,   // 0x3570 (13680) pixels
0x0000, 0x0000, 0x0000, 0x0000, 0x0000, 0x0000, 0x0000, 0x0000, 0x0000, 0x0000, 0x0000, 0x0000, 0x0000, 0x0000, 0x0000, 0x0000,   // 0x3580 (13696) pixels
0x0000, 0x0000, 0x0000, 0x0000, 0x0000, 0x0000, 0x0000, 0x0000, 0x0000, 0x0000, 0x0000, 0x0000, 0x0000, 0x0000, 0x0000, 0x0000,   // 0x3590 (13712) pixels
0x0000, 0x0000, 0x0000, 0x0000, 0x0000, 0x0000, 0x0000, 0x0000, 0x0000, 0x0000, 0x0000, 0x0000, 0x0000, 0x0000, 0x0000, 0x0000,   // 0x35A0 (13728) pixels
0x0000, 0x0000, 0x0000, 0x0000, 0x0000, 0x0000, 0x0000, 0x0000, 0x0000, 0x0000, 0x0000, 0x0000, 0x0020, 0x21EB, 0x3B94, 0x3BB5,   // 0x35B0 (13744) pixels
0x3BB4, 0x3BB4, 0x3B94, 0x3B94, 0x3374, 0x3353, 0x3333, 0x3333, 0x3312, 0x32F2, 0x2AD2, 0x2AD1, 0x2AB1, 0x2AB1, 0x2A91, 0x2A91,   // 0x35C0 (13760) pixels
0x2A91, 0x2A71, 0x2A71, 0x2A71, 0x2A71, 0x2A71, 0x2A71, 0x2A91, 0x2A91, 0x2A91, 0x2AB1, 0x2AB2, 0x2AD2, 0x2AD2, 0x2AF2, 0x3313,   // 0x35D0 (13776) pixels
0x3333, 0x3333, 0x3354, 0x3374, 0x3374, 0x3B95, 0x3BB5, 0x3BD5, 0x3BD5, 0x3BD5, 0x3BD5, 0x3BD5, 0x2AAF, 0x0883, 0x0000, 0x0000,   // 0x35E0 (13792) pixels
0x0000, 0x0000, 0x0000, 0x0000, 0x0000, 0x0000, 0x0000, 0x0000, 0x0000, 0x0000, 0x0000, 0x0000, 0x0000, 0x0000, 0x0000, 0x0000,   // 0x35F0 (13808) pixels
0x0000, 0x0000, 0x0000, 0x0000, 0x0000, 0x0000, 0x0000, 0x0000, 0x0000, 0x0000, 0x0000, 0x0000, 0x0000, 0x0000, 0x0000, 0x0000,   // 0x3600 (13824) pixels
0x0000, 0x0000, 0x0000, 0x0000, 0x0000, 0x0000, 0x0000, 0x0000, 0x0000, 0x0000, 0x0000, 0x0000, 0x0000, 0x0000, 0x0000, 0x0000,   // 0x3610 (13840) pixels
0x0000, 0x0000, 0x0000, 0x0000, 0x0000, 0x0000, 0x0000, 0x0000, 0x0000, 0x0000, 0x0000, 0x0000, 0x0000, 0x0000, 0x0000, 0x0000,   // 0x3620 (13856) pixels
0x0000, 0x0000, 0x0000, 0x0000, 0x0000, 0x0000, 0x0000, 0x0000, 0x0000, 0x0000, 0x0000, 0x0000, 0x0000, 0x0000, 0x0041, 0x21EB,   // 0x3630 (13872) pixels
0x3B93, 0x3BB5, 0x3BB4, 0x3BB4, 0x3B94, 0x3B94, 0x3374, 0x3373, 0x3353, 0x3333, 0x3333, 0x3312, 0x3312, 0x32F2, 0x2AF2, 0x2AD2,   // 0x3640 (13888) pixels
0x2AD2, 0x2AD2, 0x2AD2, 0x2AD1, 0x2AD1, 0x2AD2, 0x2AD2, 0x2AD2, 0x2AD2, 0x2AF2, 0x2AF2, 0x3313, 0x3313, 0x3333, 0x3333, 0x3354,   // 0x3650 (13904) pixels
0x3374, 0x3374, 0x3B94, 0x3B95, 0x3BB5, 0x3BD5, 0x3BD5, 0x3BD5, 0x3BD5, 0x3BD5, 0x2A8E, 0x08A4, 0x0000, 0x0000, 0x0000, 0x0000,   // 0x3660 (13920) pixels
0x0000, 0x0000, 0x0000, 0x0000, 0x0000, 0x0000, 0x0000, 0x0000, 0x0000, 0x0000, 0x0000, 0x0000, 0x0000, 0x0000, 0x0000, 0x0000,   // 0x3670 (13936) pixels
0x0000, 0x0000, 0x0000, 0x0000, 0x0000, 0x0000, 0x0000, 0x0000, 0x0000, 0x0000, 0x0000, 0x0000, 0x0000, 0x0000, 0x0000, 0x0000,   // 0x3680 (13952) pixels
0x0000, 0x0000, 0x0000, 0x0000, 0x0000, 0x0000, 0x0000, 0x0000, 0x0000, 0x0000, 0x0000, 0x0000, 0x0000, 0x0000, 0x0000, 0x0000,   // 0x3690 (13968) pixels
0x0000, 0x0000, 0x0000, 0x0000, 0x0000, 0x0000, 0x0000, 0x0000, 0x0000, 0x0000, 0x0000, 0x0000, 0x0000, 0x0000, 0x0000, 0x0000,   // 0x36A0 (13984) pixels
0x0000, 0x0000, 0x0000, 0x0000, 0x0000, 0x0000, 0x0000, 0x0000, 0x0000, 0x0000, 0x0000, 0x0000, 0x0000, 0x0000, 0x0000, 0x0000,   // 0x36B0 (14000) pixels
0x0021, 0x19CA, 0x3373, 0x3BB5, 0x3BB4, 0x3BB4, 0x3BB4, 0x3B94, 0x3B94, 0x3374, 0x3374, 0x3373, 0x3353, 0x3353, 0x3333, 0x3333,   // 0x36C0 (14016) pixels
0x3333, 0x3333, 0x3333, 0x3313, 0x3313, 0x3313, 0x3333, 0x3333, 0x3333, 0x3333, 0x3353, 0x3353, 0x3374, 0x3374, 0x3374, 0x3B94,   // 0x36D0 (14032) pixels
0x3B94, 0x3BB5, 0x3BB5, 0x3BD5, 0x3BD5, 0x3BD5, 0x3BD5, 0x3BB5, 0x224D, 0x0883, 0x0000, 0x0000, 0x0000, 0x0000, 0x0000, 0x0000,   // 0x36E0 (14048) pixels
0x0000, 0x0000, 0x0000, 0x0000, 0x0000, 0x0000, 0x0000, 0x0000, 0x0000, 0x0000, 0x0000, 0x0000, 0x0000, 0x0000, 0x0000, 0x0000,   // 0x36F0 (14064) pixels
0x0000, 0x0000, 0x0000, 0x0000, 0x0000, 0x0000, 0x0000, 0x0000, 0x0000, 0x0000, 0x0000, 0x0000, 0x0000, 0x0000, 0x0000, 0x0000,   // 0x3700 (14080) pixels
0x0000, 0x0000, 0x0000, 0x0000, 0x0000, 0x0000, 0x0000, 0x0000, 0x0000, 0x0000, 0x0000, 0x0000, 0x0000, 0x0000, 0x0000, 0x0000,   // 0x3710 (14096) pixels
0x0000, 0x0000, 0x0000, 0x0000, 0x0000, 0x0000, 0x0000, 0x0000, 0x0000, 0x0000, 0x0000, 0x0000, 0x0000, 0x0000, 0x0000, 0x0000,   // 0x3720 (14112) pixels
0x0000, 0x0000, 0x0000, 0x0000, 0x0000, 0x0000, 0x0000, 0x0000, 0x0000, 0x0000, 0x0000, 0x0000, 0x0000, 0x0000, 0x0000, 0x0000,   // 0x3730 (14128) pixels
0x0000, 0x0000, 0x0000, 0x1106, 0x226D, 0x3B94, 0x3BB5, 0x3BB4, 0x3BB4, 0x3BB4, 0x3BB4, 0x3B94, 0x3B94, 0x3B94, 0x3374, 0x3B74,   // 0x3740 (14144) pixels
0x3374, 0x3374, 0x3373, 0x3373, 0x3373, 0x3374, 0x3374, 0x3374, 0x3374, 0x3374, 0x3394, 0x3B94, 0x3B94, 0x3BB4, 0x3BB5, 0x3BB5,   // 0x3750 (14160) pixels
0x3BD5, 0x3BD5, 0x3BD5, 0x3BD5, 0x3BD5, 0x2AF0, 0x1168, 0x0021, 0x0000, 0x0000, 0x0000, 0x0000, 0x0000, 0x0000, 0x0000, 0x0000,   // 0x3760 (14176) pixels
0x0000, 0x0000, 0x0000, 0x0000, 0x0000, 0x0000, 0x0000, 0x0000, 0x0000, 0x0000, 0x0000, 0x0000, 0x0000, 0x0000, 0x0000, 0x0000,   // 0x3770 (14192) pixels
0x0000, 0x0000, 0x0000, 0x0000, 0x0000, 0x0000, 0x0000, 0x0000, 0x0000, 0x0000, 0x0000, 0x0000, 0x0000, 0x0000, 0x0000, 0x0000,   // 0x3780 (14208) pixels
0x0000, 0x0000, 0x0000, 0x0000, 0x0000, 0x0000, 0x0000, 0x0000, 0x0000, 0x0000, 0x0000, 0x0000, 0x0000, 0x0000, 0x0000, 0x0000,   // 0x3790 (14224) pixels
0x0000, 0x0000, 0x0000, 0x0000, 0x0000, 0x0000, 0x0000, 0x0000, 0x0000, 0x0000, 0x0000, 0x0000, 0x0000, 0x0000, 0x0000, 0x0000,   // 0x37A0 (14240) pixels
0x0000, 0x0000, 0x0000, 0x0000, 0x0000, 0x0000, 0x0000, 0x0000, 0x0000, 0x0000, 0x0000, 0x0000, 0x0000, 0x0000, 0x0000, 0x0000,   // 0x37B0 (14256) pixels
0x0000, 0x0000, 0x0000, 0x0000, 0x0000, 0x0021, 0x1147, 0x226D, 0x3353, 0x3BB5, 0x3BB4, 0x3BB4, 0x3BB4, 0x3BB4, 0x3BB4, 0x3BB4,   // 0x37C0 (14272) pixels
0x3BB4, 0x3BB4, 0x3B94, 0x3B94, 0x3B94, 0x3BB4, 0x3BB4, 0x3BB4, 0x3BB4, 0x3BB4, 0x3BB5, 0x3BB5, 0x3BB5, 0x3BD5, 0x3BD5, 0x3BD5,   // 0x37D0 (14288) pixels
0x3BD5, 0x3BB4, 0x2AAF, 0x19A9, 0x0062, 0x0000, 0x0000, 0x0000, 0x0000, 0x0000, 0x0000, 0x0000, 0x0000, 0x0000, 0x0000, 0x0000,   // 0x37E0 (14304) pixels
0x0000, 0x0000, 0x0000, 0x0000, 0x0000, 0x0000, 0x0000, 0x0000, 0x0000, 0x0000, 0x0000, 0x0000, 0x0000, 0x0000, 0x0000, 0x0000,   // 0x37F0 (14320) pixels
0x0000, 0x0000, 0x0000, 0x0000, 0x0000, 0x0000, 0x0000, 0x0000, 0x0000, 0x0000, 0x0000, 0x0000, 0x0000, 0x0000, 0x0000, 0x0000,   // 0x3800 (14336) pixels
0x0000, 0x0000, 0x0000, 0x0000, 0x0000, 0x0000, 0x0000, 0x0000, 0x0000, 0x0000, 0x0000, 0x0000, 0x0000, 0x0000, 0x0000, 0x0000,   // 0x3810 (14352) pixels
0x0000, 0x0000, 0x0000, 0x0000, 0x0000, 0x0000, 0x0000, 0x0000, 0x0000, 0x0000, 0x0000, 0x0000, 0x0000, 0x0000, 0x0000, 0x0000,   // 0x3820 (14368) pixels
0x0000, 0x0000, 0x0000, 0x0000, 0x0000, 0x0000, 0x0000, 0x0000, 0x0000, 0x0000, 0x0000, 0x0000, 0x0000, 0x0000, 0x0000, 0x0000,   // 0x3830 (14384) pixels
0x0000, 0x0000, 0x0000, 0x0000, 0x0000, 0x0000, 0x0000, 0x0000, 0x0000, 0x0883, 0x1988, 0x226D, 0x2B11, 0x3B94, 0x3BB5, 0x3BB5,   // 0x3840 (14400) pixels
0x3BB5, 0x3BB5, 0x3BB5, 0x3BB5, 0x3BB5, 0x3BB5, 0x3BB5, 0x3BB5, 0x3BD5, 0x3BD5, 0x3BD5, 0x3BD5, 0x3BB4, 0x3332, 0x2AAE, 0x19CA,   // 0x3850 (14416) pixels
0x08C4, 0x0000, 0x0000, 0x0000, 0x0000, 0x0000, 0x0000, 0x0000, 0x0000, 0x0000, 0x0000, 0x0000, 0x0000, 0x0000, 0x0000, 0x0000,   // 0x3860 (14432) pixels
0x0000, 0x0000, 0x0000, 0x0000, 0x0000, 0x0000, 0x0000, 0x0000, 0x0000, 0x0000, 0x0000, 0x0000, 0x0000, 0x0000, 0x0000, 0x0000,   // 0x3870 (14448) pixels
0x0000, 0x0000, 0x0000, 0x0000, 0x0000, 0x0000, 0x0000, 0x0000, 0x0000, 0x0000, 0x0000, 0x0000, 0x0000, 0x0000, 0x0000, 0x0000,   // 0x3880 (14464) pixels
0x0000, 0x0000, 0x0000, 0x0000, 0x0000, 0x0000, 0x0000, 0x0000, 0x0000, 0x0000, 0x0000, 0x0000, 0x0000, 0x0000, 0x0000, 0x0000,   // 0x3890 (14480) pixels
0x0000, 0x0000, 0x0000, 0x0000, 0x0000, 0x0000, 0x0000, 0x0000, 0x0000, 0x0000, 0x0000, 0x0000, 0x0000, 0x0000, 0x0000, 0x0000,   // 0x38A0 (14496) pixels
0x0000, 0x0000, 0x0000, 0x0000, 0x0000, 0x0000, 0x0000, 0x0000, 0x0000, 0x0000, 0x0000, 0x0000, 0x0000, 0x0000, 0x0000, 0x0000,   // 0x38B0 (14512) pixels
0x0000, 0x0000, 0x0000, 0x0000, 0x0000, 0x0000, 0x0000, 0x0000, 0x0000, 0x0000, 0x0000, 0x0000, 0x0000, 0x0000, 0x0062, 0x08E5,   // 0x38C0 (14528) pixels
0x1188, 0x19A9, 0x19EB, 0x222C, 0x224D, 0x224D, 0x222C, 0x220B, 0x19CA, 0x1989, 0x1126, 0x0883, 0x0000, 0x0000, 0x0000, 0x0000,   // 0x38D0 (14544) pixels
0x0000, 0x0000, 0x0000, 0x0000, 0x0000, 0x0000, 0x0000, 0x0000, 0x0000, 0x0000, 0x0000, 0x0000, 0x0000, 0x0000, 0x0000, 0x0000,   // 0x38E0 (14560) pixels
0x0000, 0x0000, 0x0000, 0x0000, 0x0000, 0x0000, 0x0000, 0x0000, 0x0000, 0x0000, 0x0000, 0x0000, 0x0000, 0x0000, 0x0000, 0x0000,   // 0x38F0 (14576) pixels
0x0000, 0x0000, 0x0000, 0x0000, 0x0000, 0x0000, 0x0000, 0x0000, 0x0000, 0x0000, 0x0000, 0x0000, 0x0000, 0x0000, 0x0000, 0x0000,   // 0x3900 (14592) pixels
0x0000, 0x0000, 0x0000, 0x0000, 0x0000, 0x0000, 0x0000, 0x0000, 0x0000, 0x0000, 0x0000, 0x0000, 0x0000, 0x0000, 0x0000, 0x0000,   // 0x3910 (14608) pixels
0x0000, 0x0000, 0x0000, 0x0000, 0x0000, 0x0000, 0x0000, 0x0000, 0x0000, 0x0000, 0x0000, 0x0000, 0x0000, 0x0000, 0x0000, 0x0000,   // 0x3920 (14624) pixels
0x0000, 0x0000, 0x0000, 0x0000, 0x0000, 0x0000, 0x0000, 0x0000, 0x0000, 0x0000, 0x0000, 0x0000, 0x0000, 0x0000, 0x0000, 0x0000,   // 0x3930 (14640) pixels
0x0000, 0x0000, 0x0000, 0x0000, 0x0000, 0x0000, 0x0000, 0x0000, 0x0000, 0x0000, 0x0000, 0x0000, 0x0000, 0x0000, 0x0000, 0x0000,   // 0x3940 (14656) pixels
0x0000, 0x0000, 0x0000, 0x0000, 0x0000, 0x0000, 0x0000, 0x0000, 0x0000, 0x0000, 0x0000, 0x0000, 0x0000, 0x0000, 0x0000, 0x0000,   // 0x3950 (14672) pixels
0x0000, 0x0000, 0x0000, 0x0000, 0x0000, 0x0000, 0x0000, 0x0000, 0x0000, 0x0000, 0x0000, 0x0000, 0x0000, 0x0000, 0x0000, 0x0000,   // 0x3960 (14688) pixels
0x0000, 0x0000, 0x0000, 0x0000, 0x0000, 0x0000, 0x0000, 0x0000, 0x0000, 0x0000, 0x0000, 0x0000, 0x0000, 0x0000, 0x0000, 0x0000,   // 0x3970 (14704) pixels
0x0000, 0x0000, 0x0000, 0x0000, 0x0000, 0x0000, 0x0000, 0x0000, 0x0000, 0x0000, 0x0000, 0x0000, 0x0000, 0x0000, 0x0000, 0x0000,   // 0x3980 (14720) pixels
0x0000, 0x0000, 0x0000, 0x0000, 0x0000, 0x0000, 0x0000, 0x0000, 0x0000, 0x0000, 0x0000, 0x0000, 0x0000, 0x0000, 0x0000, 0x0000,   // 0x3990 (14736) pixels
0x0000, 0x0000, 0x0000, 0x0000, 0x0000, 0x0000, 0x0000, 0x0000, 0x0000, 0x0000, 0x0000, 0x0000, 0x0000, 0x0000, 0x0000, 0x0000,   // 0x39A0 (14752) pixels
0x0000, 0x0000, 0x0000, 0x0000, 0x0000, 0x0000, 0x0000, 0x0000, 0x0000, 0x0000, 0x0000, 0x0000, 0x0000, 0x0000, 0x0000, 0x0000,   // 0x39B0 (14768) pixels
0x0000, 0x0000, 0x0000, 0x0000, 0x0000, 0x0000, 0x0000, 0x0000, 0x0000, 0x0000, 0x0000, 0x0000, 0x0000, 0x0000, 0x0000, 0x0000,   // 0x39C0 (14784) pixels
0x0000, 0x0000, 0x0000, 0x0000, 0x0000, 0x0000, 0x0000, 0x0000, 0x0000, 0x0000, 0x0000, 0x0000, 0x0000, 0x0000, 0x0000, 0x0000,   // 0x39D0 (14800) pixels
0x0000, 0x0000, 0x0000, 0x0000, 0x0000, 0x0000, 0x0000, 0x0000, 0x0000, 0x0000, 0x0000, 0x0000, 0x0000, 0x0000, 0x0000, 0x0000,   // 0x39E0 (14816) pixels
0x0000, 0x0000, 0x0000, 0x0000, 0x0000, 0x0000, 0x0000, 0x0000, 0x0000, 0x0000, 0x0000, 0x0000, 0x0000, 0x0000, 0x0000, 0x0000,   // 0x39F0 (14832) pixels
0x0000, 0x0000, 0x0000, 0x0000, 0x0000, 0x0000, 0x0000, 0x0000, 0x0000, 0x0000, 0x0000, 0x0000, 0x0000, 0x0000, 0x0000, 0x0000,   // 0x3A00 (14848) pixels
0x0000, 0x0000, 0x0000, 0x0000, 0x0000, 0x0000, 0x0000, 0x0000, 0x0000, 0x0000, 0x0000, 0x0000, 0x0000, 0x0000, 0x0000, 0x0000,   // 0x3A10 (14864) pixels
0x0000, 0x0000, 0x0000, 0x0000, 0x0000, 0x0000, 0x0000, 0x0000, 0x0000, 0x0000, 0x0000, 0x0000, 0x0000, 0x0000, 0x0000, 0x0000,   // 0x3A20 (14880) pixels
0x0000, 0x0000, 0x0000, 0x0000, 0x0000, 0x0000, 0x0000, 0x0000, 0x0000, 0x0000, 0x0000, 0x0000, 0x0000, 0x0000, 0x0000, 0x0000,   // 0x3A30 (14896) pixels
0x0000, 0x0000, 0x0000, 0x0000, 0x0000, 0x0000, 0x0000, 0x0000, 0x0000, 0x0000, 0x0000, 0x0000, 0x0000, 0x0000, 0x0000, 0x0000,   // 0x3A40 (14912) pixels
0x0000, 0x0000, 0x0000, 0x0000, 0x0000, 0x0000, 0x0000, 0x0000, 0x0000, 0x0000, 0x0000, 0x0000, 0x0000, 0x0000, 0x0000, 0x0000,   // 0x3A50 (14928) pixels
0x0000, 0x0000, 0x0000, 0x0000, 0x0000, 0x0000, 0x0000, 0x0000, 0x0000, 0x0000, 0x0000, 0x0000, 0x0000, 0x0000, 0x0000, 0x0000,   // 0x3A60 (14944) pixels
0x0000, 0x0000, 0x0000, 0x0000, 0x0000, 0x0000, 0x0000, 0x0000, 0x0000, 0x0000, 0x0000, 0x0000, 0x0000, 0x0000, 0x0000, 0x0000,   // 0x3A70 (14960) pixels
0x0000, 0x0000, 0x0000, 0x0000, 0x0000, 0x0000, 0x0000, 0x0000, 0x0000, 0x0000, 0x0000, 0x0000, 0x0000, 0x0000, 0x0000, 0x0000,   // 0x3A80 (14976) pixels
0x0000, 0x0000, 0x0000, 0x0000, 0x0000, 0x0000, 0x0000, 0x0000, 0x0000, 0x0000, 0x0000, 0x0000, 0x0000, 0x0000, 0x0000, 0x0000,   // 0x3A90 (14992) pixels
0x0000, 0x0000, 0x0000, 0x0000, 0x0000, 0x0000, 0x0000, 0x0000, 0x0000, 0x0000, 0x0000, 0x0000, 0x0000, 0x0000, 0x0000, 0x0000,   // 0x3AA0 (15008) pixels
0x0000, 0x0000, 0x0000, 0x0000, 0x0000, 0x0000, 0x0000, 0x0000, 0x0000, 0x0000, 0x0000, 0x0000, 0x0000, 0x0000, 0x0000, 0x0000,   // 0x3AB0 (15024) pixels
0x0000, 0x0000, 0x0000, 0x0000, 0x0000, 0x0000, 0x0000, 0x0000, 0x0000, 0x0000, 0x0000, 0x0000, 0x0000, 0x0000, 0x0000, 0x0000,   // 0x3AC0 (15040) pixels
0x0000, 0x0000, 0x0000, 0x0000, 0x0000, 0x0000, 0x0000, 0x0000, 0x0000, 0x0000, 0x0000, 0x0000, 0x0000, 0x0000, 0x0000, 0x0000,   // 0x3AD0 (15056) pixels
0x0000, 0x0000, 0x0000, 0x0000, 0x0000, 0x0000, 0x0000, 0x0000, 0x0000, 0x0000, 0x0000, 0x0000, 0x0000, 0x0000, 0x0000, 0x0000,   // 0x3AE0 (15072) pixels
0x0000, 0x0000, 0x0000, 0x0000, 0x0000, 0x0000, 0x0000, 0x0000, 0x0000, 0x0000, 0x0000, 0x0000, 0x0000, 0x0000, 0x0000, 0x0000,   // 0x3AF0 (15088) pixels
0x0000, 0x0000, 0x0000, 0x0000, 0x0000, 0x0000, 0x0000, 0x0000, 0x0000, 0x0000, 0x0000, 0x0000, 0x0000, 0x0000, 0x0000, 0x0000,   // 0x3B00 (15104) pixels
0x0000, 0x0000, 0x0000, 0x0000, 0x0000, 0x0000, 0x0000, 0x0000, 0x0000, 0x0000, 0x0000, 0x0000, 0x0000, 0x0000, 0x0000, 0x0000,   // 0x3B10 (15120) pixels
0x0000, 0x0000, 0x0000, 0x0000, 0x0000, 0x0000, 0x0000, 0x0000, 0x0000, 0x0000, 0x0000, 0x0000, 0x0000, 0x0000, 0x0000, 0x0000,   // 0x3B20 (15136) pixels
0x0000, 0x0000, 0x0000, 0x0000, 0x0000, 0x0000, 0x0000, 0x0000, 0x0000, 0x0000, 0x0000, 0x0000, 0x0000, 0x0000, 0x0000, 0x0000,   // 0x3B30 (15152) pixels
0x0000, 0x0000, 0x0000, 0x0000, 0x0000, 0x0000, 0x0000, 0x0000, 0x0000, 0x0000, 0x0000, 0x0000, 0x0000, 0x0000, 0x0000, 0x0000,   // 0x3B40 (15168) pixels
0x0000, 0x0000, 0x0000, 0x0000, 0x0000, 0x0000, 0x0000, 0x0000, 0x0000, 0x0000, 0x0000, 0x0000, 0x0000, 0x0000, 0x0000, 0x0000,   // 0x3B50 (15184) pixels
0x0000, 0x0000, 0x0000, 0x0000, 0x0000, 0x0000, 0x0000, 0x0000, 0x0000, 0x0000, 0x0000, 0x0000, 0x0000, 0x0000, 0x0000, 0x0000,   // 0x3B60 (15200) pixels
0x0000, 0x0000, 0x0000, 0x0000, 0x0000, 0x0000, 0x0000, 0x0000, 0x0000, 0x0000, 0x0000, 0x0000, 0x0000, 0x0000, 0x0000, 0x0000,   // 0x3B70 (15216) pixels
0x0000, 0x0000, 0x0000, 0x0000, 0x0000, 0x0000, 0x0000, 0x0000, 0x0000, 0x0000, 0x0000, 0x0000, 0x0000, 0x0000, 0x0000, 0x0000,   // 0x3B80 (15232) pixels
0x0000, 0x0000, 0x0000, 0x0000, 0x0000, 0x0000, 0x0000, 0x0000, 0x0000, 0x0000, 0x0000, 0x0000, 0x0000, 0x0000, 0x0000, 0x0000,   // 0x3B90 (15248) pixels
0x0000, 0x0000, 0x0000, 0x0000, 0x0000, 0x0000, 0x0000, 0x0000, 0x0000, 0x0000, 0x0000, 0x0000, 0x0000, 0x0000, 0x0000, 0x0000,   // 0x3BA0 (15264) pixels
0x0000, 0x0000, 0x0000, 0x0000, 0x0000, 0x0000, 0x0000, 0x0000, 0x0000, 0x0000, 0x0000, 0x0000, 0x0000, 0x0000, 0x0000, 0x0000,   // 0x3BB0 (15280) pixels
0x0000, 0x0000, 0x0000, 0x0000, 0x0000, 0x0000, 0x0000, 0x0000, 0x0000, 0x0000, 0x0000, 0x0000, 0x0000, 0x0000, 0x0000, 0x0000,   // 0x3BC0 (15296) pixels
0x0000, 0x0000, 0x0000, 0x0000, 0x0000, 0x0000, 0x0000, 0x0000, 0x0000, 0x0000, 0x0000, 0x0000, 0x0000, 0x0000, 0x0000, 0x0000,   // 0x3BD0 (15312) pixels
0x0000, 0x0000, 0x0000, 0x0000, 0x0000, 0x0000, 0x0000, 0x0000, 0x0000, 0x0000, 0x0000, 0x0000, 0x0000, 0x0000, 0x0000, 0x0000,   // 0x3BE0 (15328) pixels
0x0000, 0x0000, 0x0000, 0x0000, 0x0000, 0x0000, 0x0000, 0x0000, 0x0000, 0x0000, 0x0000, 0x0000, 0x0000, 0x0000, 0x0000, 0x0000,   // 0x3BF0 (15344) pixels
0x0000, 0x0000, 0x0000, 0x0000, 0x0000, 0x0000, 0x0000, 0x0000, 0x0000, 0x0000, 0x0000, 0x0000, 0x0000, 0x0000, 0x0000, 0x0000,   // 0x3C00 (15360) pixels
0x0000, 0x0000, 0x0000, 0x0000, 0x0000, 0x0000, 0x0000, 0x0000, 0x0000, 0x0000, 0x0000, 0x0000, 0x0000, 0x0000, 0x0000, 0x0000,   // 0x3C10 (15376) pixels
0x0000, 0x0000, 0x0000, 0x0000, 0x0000, 0x0000, 0x0000, 0x0000, 0x0000, 0x0000, 0x0000, 0x0000, 0x0000, 0x0000, 0x0000, 0x0000,   // 0x3C20 (15392) pixels
0x0000, 0x0000, 0x0000, 0x0000, 0x0000, 0x0000, 0x0000, 0x0000, 0x0000, 0x0000, 0x0000, 0x0000, 0x0000, 0x0000, 0x0000, 0x0000,   // 0x3C30 (15408) pixels
0x0000, 0x0000, 0x0000, 0x0000, 0x0000, 0x0000, 0x0000, 0x0000, 0x0000, 0x0000, 0x0000, 0x0000, 0x0000, 0x0000, 0x0000, 0x0000,   // 0x3C40 (15424) pixels
0x0000, 0x0000, 0x0000, 0x0000, 0x0000, 0x0000, 0x0000, 0x0000, 0x0000, 0x0000, 0x0000, 0x0000, 0x0000, 0x0000, 0x0000, 0x0000,   // 0x3C50 (15440) pixels
0x0000, 0x0000, 0x0000, 0x0000, 0x0000, 0x0000, 0x0000, 0x0000, 0x0000, 0x0000, 0x0000, 0x0000, 0x0000, 0x0000, 0x0000, 0x0000,   // 0x3C60 (15456) pixels
0x0000, 0x0000, 0x0000, 0x0000, 0x0000, 0x0000, 0x0000, 0x0000, 0x0000, 0x0000, 0x0000, 0x0000, 0x0000, 0x0000, 0x0000, 0x0000,   // 0x3C70 (15472) pixels
0x0000, 0x0000, 0x0000, 0x0000, 0x0000, 0x0000, 0x0000, 0x0000, 0x0000, 0x0000, 0x0000, 0x0000, 0x0000, 0x0000, 0x0000, 0x0000,   // 0x3C80 (15488) pixels
0x0000, 0x0000, 0x0000, 0x0000, 0x0000, 0x0000, 0x0000, 0x0000, 0x0000, 0x0000, 0x0000, 0x0000, 0x0000, 0x0000, 0x0000, 0x0000,   // 0x3C90 (15504) pixels
0x0000, 0x0000, 0x0000, 0x0000, 0x0000, 0x0000, 0x0000, 0x0000, 0x0000, 0x0000, 0x0000, 0x0000, 0x0000, 0x0000, 0x0000, 0x0000,   // 0x3CA0 (15520) pixels
0x0000, 0x0000, 0x0000, 0x0000, 0x0000, 0x0000, 0x0000, 0x0000, 0x0000, 0x0000, 0x0000, 0x0000, 0x0000, 0x0000, 0x0000, 0x0000,   // 0x3CB0 (15536) pixels
0x0000, 0x0000, 0x0000, 0x0000, 0x0000, 0x0000, 0x0000, 0x0000, 0x0000, 0x0000, 0x0000, 0x0000, 0x0000, 0x0000, 0x0000, 0x0000,   // 0x3CC0 (15552) pixels
0x0000, 0x0000, 0x0000, 0x0000, 0x0000, 0x0000, 0x0000, 0x0000, 0x0000, 0x0000, 0x0000, 0x0000, 0x0000, 0x0000, 0x0000, 0x0000,   // 0x3CD0 (15568) pixels
0x0000, 0x0000, 0x0000, 0x0000, 0x0000, 0x0000, 0x0000, 0x0000, 0x0000, 0x0000, 0x0000, 0x0000, 0x0000, 0x0000, 0x0000, 0x0000,   // 0x3CE0 (15584) pixels
0x0000, 0x0000, 0x0000, 0x0000, 0x0000, 0x0000, 0x0000, 0x0000, 0x0000, 0x0000, 0x0000, 0x0000, 0x0000, 0x0000, 0x0000, 0x0000,   // 0x3CF0 (15600) pixels
0x0000, 0x0000, 0x0000, 0x0000, 0x0000, 0x0000, 0x0000, 0x0000, 0x0000, 0x0000, 0x0000, 0x0000, 0x0000, 0x0000, 0x0000, 0x0000,   // 0x3D00 (15616) pixels
0x0000, 0x0000, 0x0000, 0x0000, 0x0000, 0x0000, 0x0000, 0x0000, 0x0000, 0x0000, 0x0000, 0x0000, 0x0000, 0x0000, 0x0000, 0x0000,   // 0x3D10 (15632) pixels
0x0000, 0x0000, 0x0000, 0x0000, 0x0000, 0x0000, 0x0000, 0x0000, 0x0000, 0x0000, 0x0000, 0x0000, 0x0000, 0x0000, 0x0000, 0x0000,   // 0x3D20 (15648) pixels
0x0000, 0x0000, 0x0000, 0x0000, 0x0000, 0x0000, 0x0000, 0x0000, 0x0000, 0x0000, 0x0000, 0x0000, 0x0000, 0x0000, 0x0000, 0x0000,   // 0x3D30 (15664) pixels
0x0000, 0x0000, 0x0000, 0x0000, 0x0000, 0x0000, 0x0000, 0x0000, 0x0000, 0x0000, 0x0000, 0x0000, 0x0000, 0x0000, 0x0000, 0x0000,   // 0x3D40 (15680) pixels
0x0000, 0x0000, 0x0000, 0x0000, 0x0000, 0x0000, 0x0000, 0x0000, 0x0000, 0x0000, 0x0000, 0x0000, 0x0000, 0x0000, 0x0000, 0x0000,   // 0x3D50 (15696) pixels
0x0000, 0x0000, 0x0000, 0x0000, 0x0000, 0x0000, 0x0000, 0x0000, 0x0000, 0x0000, 0x0000, 0x0000, 0x0000, 0x0000, 0x0000, 0x0000,   // 0x3D60 (15712) pixels
0x0000, 0x0000, 0x0000, 0x0000, 0x0000, 0x0000, 0x0000, 0x0000, 0x0000, 0x0000, 0x0000, 0x0000, 0x0000, 0x0000, 0x0000, 0x0000,   // 0x3D70 (15728) pixels
0x0000, 0x0000, 0x0000, 0x0000, 0x0000, 0x0000, 0x0000, 0x0000, 0x0000, 0x0000, 0x0000, 0x0000, 0x0000, 0x0000, 0x0000, 0x0000,   // 0x3D80 (15744) pixels
0x0000, 0x0000, 0x0000, 0x0000, 0x0000, 0x0000, 0x0000, 0x0000, 0x0000, 0x0000, 0x0000, 0x0000, 0x0000, 0x0000, 0x0000, 0x0000,   // 0x3D90 (15760) pixels
0x0000, 0x0000, 0x0000, 0x0000, 0x0000, 0x0000, 0x0000, 0x0000, 0x0000, 0x0000, 0x0000, 0x0000, 0x0000, 0x0000, 0x0000, 0x0000,   // 0x3DA0 (15776) pixels
0x0000, 0x0000, 0x0000, 0x0000, 0x0000, 0x0000, 0x0000, 0x0000, 0x0000, 0x0000, 0x0000, 0x0000, 0x0000, 0x0000, 0x0000, 0x0000,   // 0x3DB0 (15792) pixels
0x0000, 0x0000, 0x0000, 0x0000, 0x0000, 0x0000, 0x0000, 0x0000, 0x0000, 0x0000, 0x0000, 0x0000, 0x0000, 0x0000, 0x0000, 0x0000,   // 0x3DC0 (15808) pixels
0x0000, 0x0000, 0x0000, 0x0000, 0x0000, 0x0000, 0x0000, 0x0000, 0x0000, 0x0000, 0x0000, 0x0000, 0x0000, 0x0000, 0x0000, 0x0000,   // 0x3DD0 (15824) pixels
0x0000, 0x0000, 0x0000, 0x0000, 0x0000, 0x0000, 0x0000, 0x0000, 0x0000, 0x0000, 0x0000, 0x0000, 0x0000, 0x0000, 0x0000, 0x0000,   // 0x3DE0 (15840) pixels
0x0000, 0x0000, 0x0000, 0x0000, 0x0000, 0x0000, 0x0000, 0x0000, 0x0000, 0x0000, 0x0000, 0x0000, 0x0000, 0x0000, 0x0000, 0x0000,   // 0x3DF0 (15856) pixels
0x0000, 0x0000, 0x0000, 0x0000, 0x0000, 0x0000, 0x0000, 0x0000, 0x0000, 0x0000, 0x0000, 0x0000, 0x0000, 0x0000, 0x0000, 0x0000,   // 0x3E00 (15872) pixels
0x0000, 0x0000, 0x0000, 0x0000, 0x0000, 0x0000, 0x0000, 0x0000, 0x0000, 0x0000, 0x0000, 0x0000, 0x0000, 0x0000, 0x0000, 0x0000,   // 0x3E10 (15888) pixels
0x0000, 0x0000, 0x0000, 0x0000, 0x0000, 0x0000, 0x0000, 0x0000, 0x0000, 0x0000, 0x0000, 0x0000, 0x0000, 0x0000, 0x0000, 0x0000,   // 0x3E20 (15904) pixels
0x0000, 0x0000, 0x0000, 0x0000, 0x0000, 0x0000, 0x0000, 0x0000, 0x0000, 0x0000, 0x0000, 0x0000, 0x0000, 0x0000, 0x0000, 0x0000,   // 0x3E30 (15920) pixels
0x0000, 0x0000, 0x0000, 0x0000, 0x0000, 0x0000, 0x0000, 0x0000, 0x0000, 0x0000, 0x0000, 0x0000, 0x0000, 0x0000, 0x0000, 0x0000,   // 0x3E40 (15936) pixels
0x0000, 0x0000, 0x0000, 0x0000, 0x0000, 0x0000, 0x0000, 0x0000, 0x0000, 0x0000, 0x0000, 0x0000, 0x0000, 0x0000, 0x0000, 0x0000,   // 0x3E50 (15952) pixels
0x0000, 0x0000, 0x0000, 0x0000, 0x0000, 0x0000, 0x0000, 0x0000, 0x0000, 0x0000, 0x0000, 0x0000, 0x0000, 0x0000, 0x0000, 0x0000,   // 0x3E60 (15968) pixels
0x0000, 0x0000, 0x0000, 0x0000, 0x0000, 0x0000, 0x0000, 0x0000, 0x0000, 0x0000, 0x0000, 0x0000, 0x0000, 0x0000, 0x0000, 0x0000,   // 0x3E70 (15984) pixels
0x0000, 0x0000, 0x0000, 0x0000, 0x0000, 0x0000, 0x0000, 0x0000, 0x0000, 0x0000, 0x0000, 0x0000, 0x0000, 0x0000, 0x0000, 0x0000,   // 0x3E80 (16000) pixels
0x0000, 0x0000, 0x0000, 0x0000, 0x0000, 0x0000, 0x0000, 0x0000, 0x0000, 0x0000, 0x0000, 0x0000, 0x0000, 0x0000, 0x0000, 0x0000,   // 0x3E90 (16016) pixels
0x0000, 0x0000, 0x0000, 0x0000, 0x0000, 0x0000, 0x0000, 0x0000, 0x0000, 0x0000, 0x0000, 0x0000, 0x0000, 0x0000, 0x0000, 0x0000,   // 0x3EA0 (16032) pixels
0x0000, 0x0000, 0x0000, 0x0000, 0x0000, 0x0000, 0x0000, 0x0000, 0x0000, 0x0000, 0x0000, 0x0000, 0x0000, 0x0000, 0x0000, 0x0000,   // 0x3EB0 (16048) pixels
0x0000, 0x0000, 0x0000, 0x0000, 0x0000, 0x0000, 0x0000, 0x0000, 0x0000, 0x0000, 0x0000, 0x0000, 0x0000, 0x0000, 0x0000, 0x0000,   // 0x3EC0 (16064) pixels
0x0000, 0x0000, 0x0000, 0x0000, 0x0000, 0x0000, 0x0000, 0x0000, 0x0000, 0x0000, 0x0000, 0x0000, 0x0000, 0x0000, 0x0000, 0x0000,   // 0x3ED0 (16080) pixels
0x0000, 0x0000, 0x0000, 0x0000, 0x0000, 0x0000, 0x0000, 0x0000, 0x0000, 0x0000, 0x0000, 0x0000, 0x0000, 0x0000, 0x0000, 0x0000,   // 0x3EE0 (16096) pixels
0x0000, 0x0000, 0x0000, 0x0000, 0x0000, 0x0000, 0x0000, 0x0000, 0x0000, 0x0000, 0x0000, 0x0000, 0x0000, 0x0000, 0x0000, 0x0000,   // 0x3EF0 (16112) pixels
0x0000, 0x0000, 0x0000, 0x0000, 0x0000, 0x0000, 0x0000, 0x0000, 0x0000, 0x0000, 0x0000, 0x0000, 0x0000, 0x0000, 0x0000, 0x0000,   // 0x3F00 (16128) pixels
0x0000, 0x0000, 0x0000, 0x0000, 0x0000, 0x0000, 0x0000, 0x0000, 0x0000, 0x0000, 0x0000, 0x0000, 0x0000, 0x0000, 0x0000, 0x0000,   // 0x3F10 (16144) pixels
0x0000, 0x0000, 0x0000, 0x0000, 0x0000, 0x0000, 0x0000, 0x0000, 0x0000, 0x0000, 0x0000, 0x0000, 0x0000, 0x0000, 0x0000, 0x0000,   // 0x3F20 (16160) pixels
0x0000, 0x0000, 0x0000, 0x0000, 0x0000, 0x0000, 0x0000, 0x0000, 0x0000, 0x0000, 0x0000, 0x0000, 0x0000, 0x0000, 0x0000, 0x0000,   // 0x3F30 (16176) pixels
0x0000, 0x0000, 0x0000, 0x0000, 0x0000, 0x0000, 0x0000, 0x0000, 0x0000, 0x0000, 0x0000, 0x0000, 0x0000, 0x0000, 0x0000, 0x0000,   // 0x3F40 (16192) pixels
0x0000, 0x0000, 0x0000, 0x0000, 0x0000, 0x0000, 0x0000, 0x0000, 0x0000, 0x0000, 0x0000, 0x0000, 0x0000, 0x0000, 0x0000, 0x0000,   // 0x3F50 (16208) pixels
0x0000, 0x0000, 0x0000, 0x0000, 0x0000, 0x0000, 0x0000, 0x0000, 0x0000, 0x0000, 0x0000, 0x0000, 0x0000, 0x0000, 0x0000, 0x0000,   // 0x3F60 (16224) pixels
0x0000, 0x0000, 0x0000, 0x0000, 0x0000, 0x0000, 0x0000, 0x0000, 0x0000, 0x0000, 0x0000, 0x0000, 0x0000, 0x0000, 0x0000, 0x0000,   // 0x3F70 (16240) pixels
0x0000, 0x0000, 0x0000, 0x0000, 0x0000, 0x0000, 0x0000, 0x0000, 0x0000, 0x0000, 0x0000, 0x0000, 0x0000, 0x0000, 0x0000, 0x0000,   // 0x3F80 (16256) pixels
0x0000, 0x0000, 0x0000, 0x0000, 0x0000, 0x0000, 0x0000, 0x0000, 0x0000, 0x0000, 0x0000, 0x0000, 0x0000, 0x0000, 0x0000, 0x0000,   // 0x3F90 (16272) pixels
0x0000, 0x0000, 0x0000, 0x0000, 0x0000, 0x0000, 0x0000, 0x0000, 0x0000, 0x0000, 0x0000, 0x0000, 0x0000, 0x0000, 0x0000, 0x0000,   // 0x3FA0 (16288) pixels
0x0000, 0x0000, 0x0000, 0x0000, 0x0000, 0x0000, 0x0000, 0x0000, 0x0000, 0x0000, 0x0000, 0x0000, 0x0000, 0x0000, 0x0000, 0x0000,   // 0x3FB0 (16304) pixels
0x0000, 0x0000, 0x0000, 0x0000, 0x0000, 0x0000, 0x0000, 0x0000, 0x0000, 0x0000, 0x0000, 0x0000, 0x0000, 0x0000, 0x0000, 0x0000,   // 0x3FC0 (16320) pixels
0x0000, 0x0000, 0x0000, 0x0000, 0x0000, 0x0000, 0x0000, 0x0000, 0x0000, 0x0000, 0x0000, 0x0000, 0x0000, 0x0000, 0x0000, 0x0000,   // 0x3FD0 (16336) pixels
0x0000, 0x0000, 0x0000, 0x0000, 0x0000, 0x0000, 0x0000, 0x0000, 0x0000, 0x0000, 0x0000, 0x0000, 0x0000, 0x0000, 0x0000, 0x0000,   // 0x3FE0 (16352) pixels
0x0000, 0x0000, 0x0000, 0x0000, 0x0000, 0x0000, 0x0000, 0x0000, 0x0000, 0x0000, 0x0000, 0x0000, 0x0000, 0x0000, 0x0000, 0x0000,   // 0x3FF0 (16368) pixels
0x0000, 0x0000, 0x0000, 0x0000, 0x0000, 0x0000, 0x0000, 0x0000, 0x0000, 0x0000, 0x0000, 0x0000, 0x0000, 0x0000, 0x0000, 0x0000,   // 0x4000 (16384) pixels
};

/***************************************************************************************************************************************************************
*
****************************************************************************************************************************************************************/

// Generated by   : ImageConverter 565 Online
// Generated from : cy_home_p.png
// Time generated : Sun, 05 Feb 23 15:14:04 +0100  (Server timezone: CET)
// Image Size     : 200x100 pixels
// Memory usage   : 40000 bytes

const unsigned short cy_home_p[20000] PROGMEM = {
0x0000, 0x0000, 0x0000, 0x0000, 0x0000, 0x0000, 0x0000, 0x0000, 0x0000, 0x0000, 0x0000, 0x0000, 0x0000, 0x0000, 0x0000, 0x0000,   // 0x0010 (16) pixels
0x0000, 0x0000, 0x0000, 0x0000, 0x0000, 0x0000, 0x0000, 0x0000, 0x0000, 0x0000, 0x0000, 0x0000, 0x0000, 0x0000, 0x0000, 0x0000,   // 0x0020 (32) pixels
0x0000, 0x0000, 0x0000, 0x0000, 0x0000, 0x0000, 0x0000, 0x0000, 0x0000, 0x0000, 0x0000, 0x0000, 0x0000, 0x0000, 0x0000, 0x0000,   // 0x0030 (48) pixels
0x0000, 0x0000, 0x0000, 0x0000, 0x0000, 0x0000, 0x0000, 0x0000, 0x0000, 0x0000, 0x0000, 0x0000, 0x0000, 0x0000, 0x0000, 0x0000,   // 0x0040 (64) pixels
0x0000, 0x0000, 0x0000, 0x0000, 0x0000, 0x0000, 0x0000, 0x0000, 0x0000, 0x0000, 0x0000, 0x0000, 0x0000, 0x0000, 0x0000, 0x0000,   // 0x0050 (80) pixels
0x0000, 0x0000, 0x0000, 0x0000, 0x0000, 0x0000, 0x0000, 0x0000, 0x0000, 0x0000, 0x0000, 0x0000, 0x0000, 0x0000, 0x0000, 0x0000,   // 0x0060 (96) pixels
0x0000, 0x0000, 0x0000, 0x0000, 0x0000, 0x0000, 0x0000, 0x0000, 0x0000, 0x0000, 0x0000, 0x0000, 0x0000, 0x0000, 0x0000, 0x0000,   // 0x0070 (112) pixels
0x0000, 0x0000, 0x0000, 0x0000, 0x0000, 0x0000, 0x0000, 0x0000, 0x0000, 0x0000, 0x0000, 0x0000, 0x0000, 0x0000, 0x0000, 0x0000,   // 0x0080 (128) pixels
0x0000, 0x0000, 0x0000, 0x0000, 0x0000, 0x0000, 0x0000, 0x0000, 0x0000, 0x0000, 0x0000, 0x0000, 0x0000, 0x0000, 0x0000, 0x0000,   // 0x0090 (144) pixels
0x0000, 0x0000, 0x0000, 0x0000, 0x0000, 0x0000, 0x0000, 0x0000, 0x0000, 0x0000, 0x0000, 0x0000, 0x0000, 0x0000, 0x0000, 0x0000,   // 0x00A0 (160) pixels
0x0000, 0x0000, 0x0000, 0x0000, 0x0000, 0x0000, 0x0000, 0x0000, 0x0000, 0x0000, 0x0000, 0x0000, 0x0000, 0x0000, 0x0000, 0x0000,   // 0x00B0 (176) pixels
0x0000, 0x0000, 0x0000, 0x0000, 0x0000, 0x0000, 0x0000, 0x0000, 0x0000, 0x0000, 0x0000, 0x0000, 0x0000, 0x0000, 0x0000, 0x0000,   // 0x00C0 (192) pixels
0x0000, 0x0000, 0x0000, 0x0000, 0x0000, 0x0000, 0x0000, 0x0000, 0x0000, 0x0000, 0x0000, 0x0000, 0x0000, 0x0000, 0x0000, 0x0000,   // 0x00D0 (208) pixels
0x0000, 0x0000, 0x0000, 0x0000, 0x0000, 0x0000, 0x0000, 0x0000, 0x0000, 0x0000, 0x0000, 0x0000, 0x0000, 0x0000, 0x0000, 0x0000,   // 0x00E0 (224) pixels
0x0000, 0x0000, 0x0000, 0x0000, 0x0000, 0x0000, 0x0000, 0x0000, 0x0000, 0x0000, 0x0000, 0x0000, 0x0000, 0x0000, 0x0000, 0x0000,   // 0x00F0 (240) pixels
0x0000, 0x0000, 0x0000, 0x0000, 0x0000, 0x0000, 0x0000, 0x0000, 0x0000, 0x0000, 0x0000, 0x0000, 0x0000, 0x0000, 0x0000, 0x0000,   // 0x0100 (256) pixels
0x0000, 0x0000, 0x0000, 0x0000, 0x0000, 0x0000, 0x0000, 0x0000, 0x0000, 0x0000, 0x0000, 0x0000, 0x0000, 0x0000, 0x0000, 0x0000,   // 0x0110 (272) pixels
0x0000, 0x0000, 0x0000, 0x0000, 0x0000, 0x0000, 0x0000, 0x0000, 0x0000, 0x0000, 0x0000, 0x0000, 0x0000, 0x0000, 0x0000, 0x0000,   // 0x0120 (288) pixels
0x0000, 0x0000, 0x0000, 0x0000, 0x0000, 0x0000, 0x0000, 0x0000, 0x0000, 0x0000, 0x0000, 0x0000, 0x0000, 0x0000, 0x0000, 0x0000,   // 0x0130 (304) pixels
0x0000, 0x0000, 0x0000, 0x0000, 0x0000, 0x0000, 0x0000, 0x0000, 0x0000, 0x0000, 0x0000, 0x0000, 0x0000, 0x0000, 0x0000, 0x0000,   // 0x0140 (320) pixels
0x0000, 0x0000, 0x0000, 0x0000, 0x0000, 0x0000, 0x0000, 0x0000, 0x0000, 0x0000, 0x0000, 0x0000, 0x0000, 0x0000, 0x0000, 0x0000,   // 0x0150 (336) pixels
0x0000, 0x0000, 0x0000, 0x0000, 0x0000, 0x0000, 0x0000, 0x0000, 0x0000, 0x0000, 0x0000, 0x0000, 0x0000, 0x0000, 0x0000, 0x0000,   // 0x0160 (352) pixels
0x0000, 0x0000, 0x0000, 0x0000, 0x0000, 0x0000, 0x0000, 0x0000, 0x0000, 0x0000, 0x0000, 0x0000, 0x0000, 0x0000, 0x0000, 0x0000,   // 0x0170 (368) pixels
0x0000, 0x0000, 0x0000, 0x0000, 0x0000, 0x0000, 0x0000, 0x0000, 0x0000, 0x0000, 0x0000, 0x0000, 0x0000, 0x0000, 0x0000, 0x0000,   // 0x0180 (384) pixels
0x0000, 0x0000, 0x0000, 0x0000, 0x0000, 0x0000, 0x0000, 0x0000, 0x0000, 0x0000, 0x0000, 0x0000, 0x0000, 0x0000, 0x0000, 0x0000,   // 0x0190 (400) pixels
0x0000, 0x0000, 0x0000, 0x0000, 0x0000, 0x0000, 0x0000, 0x0000, 0x0000, 0x0000, 0x0000, 0x0000, 0x0000, 0x0000, 0x0000, 0x0000,   // 0x01A0 (416) pixels
0x0000, 0x0000, 0x0000, 0x0000, 0x0000, 0x0000, 0x0000, 0x0000, 0x0000, 0x0000, 0x0000, 0x0000, 0x0000, 0x0000, 0x0000, 0x0000,   // 0x01B0 (432) pixels
0x0000, 0x0000, 0x0000, 0x0000, 0x0000, 0x0000, 0x0000, 0x0000, 0x0000, 0x0000, 0x0000, 0x0000, 0x0000, 0x0000, 0x0000, 0x0000,   // 0x01C0 (448) pixels
0x0000, 0x0000, 0x0000, 0x0000, 0x0000, 0x0000, 0x0000, 0x0000, 0x0000, 0x0000, 0x0000, 0x0000, 0x0000, 0x0000, 0x0000, 0x0000,   // 0x01D0 (464) pixels
0x0000, 0x0000, 0x0000, 0x0000, 0x0000, 0x0000, 0x0000, 0x0000, 0x0000, 0x0000, 0x0000, 0x0000, 0x0000, 0x0000, 0x0000, 0x0000,   // 0x01E0 (480) pixels
0x0000, 0x0000, 0x0000, 0x0000, 0x0000, 0x0000, 0x0000, 0x0000, 0x0000, 0x0000, 0x0000, 0x0000, 0x0000, 0x0000, 0x0000, 0x0000,   // 0x01F0 (496) pixels
0x0000, 0x0000, 0x0000, 0x0000, 0x0000, 0x0000, 0x0000, 0x0000, 0x0000, 0x0000, 0x0000, 0x0000, 0x0000, 0x0000, 0x0000, 0x0000,   // 0x0200 (512) pixels
0x0000, 0x0000, 0x0000, 0x0000, 0x0000, 0x0000, 0x0000, 0x0000, 0x0000, 0x0000, 0x0000, 0x0000, 0x0000, 0x0000, 0x0000, 0x0000,   // 0x0210 (528) pixels
0x0000, 0x0000, 0x0000, 0x0000, 0x0000, 0x0000, 0x0000, 0x0000, 0x0000, 0x0000, 0x0000, 0x0000, 0x0000, 0x0000, 0x0000, 0x0000,   // 0x0220 (544) pixels
0x0000, 0x0000, 0x0000, 0x0000, 0x0000, 0x0000, 0x0000, 0x0000, 0x0000, 0x0000, 0x0000, 0x0000, 0x0000, 0x0000, 0x0000, 0x0000,   // 0x0230 (560) pixels
0x0000, 0x0000, 0x0000, 0x0000, 0x0000, 0x0000, 0x0000, 0x0000, 0x0000, 0x0000, 0x0000, 0x0000, 0x0000, 0x0000, 0x0000, 0x0000,   // 0x0240 (576) pixels
0x0000, 0x0000, 0x0000, 0x0000, 0x0000, 0x0000, 0x0000, 0x0000, 0x0000, 0x0000, 0x0000, 0x0000, 0x0000, 0x0000, 0x0000, 0x0000,   // 0x0250 (592) pixels
0x0000, 0x0000, 0x0000, 0x0000, 0x0000, 0x0000, 0x0000, 0x0000, 0x0000, 0x0000, 0x0000, 0x0000, 0x0000, 0x0000, 0x0000, 0x0000,   // 0x0260 (608) pixels
0x0000, 0x0000, 0x0000, 0x0000, 0x0000, 0x0000, 0x0000, 0x0000, 0x0000, 0x0000, 0x0000, 0x0000, 0x0000, 0x0000, 0x0000, 0x0000,   // 0x0270 (624) pixels
0x0000, 0x0000, 0x0000, 0x0000, 0x0000, 0x0000, 0x0000, 0x0000, 0x0000, 0x0000, 0x0000, 0x0000, 0x0000, 0x0000, 0x0000, 0x0000,   // 0x0280 (640) pixels
0x0000, 0x0000, 0x0000, 0x0000, 0x0000, 0x0000, 0x0000, 0x0000, 0x0000, 0x0000, 0x0000, 0x0000, 0x0000, 0x0000, 0x0000, 0x0000,   // 0x0290 (656) pixels
0x0000, 0x0000, 0x0000, 0x0000, 0x0000, 0x0000, 0x0000, 0x0000, 0x0000, 0x0000, 0x0000, 0x0000, 0x0000, 0x0000, 0x0000, 0x0000,   // 0x02A0 (672) pixels
0x0000, 0x0000, 0x0000, 0x0000, 0x0000, 0x0000, 0x0000, 0x0000, 0x0000, 0x0000, 0x0000, 0x0000, 0x0000, 0x0000, 0x0000, 0x0000,   // 0x02B0 (688) pixels
0x0000, 0x0000, 0x0000, 0x0000, 0x0000, 0x0000, 0x0000, 0x0000, 0x0000, 0x0000, 0x0000, 0x0000, 0x0000, 0x0000, 0x0000, 0x0000,   // 0x02C0 (704) pixels
0x0000, 0x0000, 0x0000, 0x0000, 0x0000, 0x0000, 0x0000, 0x0000, 0x0000, 0x0000, 0x0000, 0x0000, 0x0000, 0x0000, 0x0000, 0x0000,   // 0x02D0 (720) pixels
0x0000, 0x0000, 0x0000, 0x0000, 0x0000, 0x0000, 0x0000, 0x0000, 0x0000, 0x0000, 0x0000, 0x0000, 0x0000, 0x0000, 0x0000, 0x0000,   // 0x02E0 (736) pixels
0x0000, 0x0000, 0x0000, 0x0000, 0x0000, 0x0000, 0x0000, 0x0000, 0x0000, 0x0000, 0x0000, 0x0000, 0x0000, 0x0000, 0x0000, 0x0000,   // 0x02F0 (752) pixels
0x0000, 0x0000, 0x0000, 0x0000, 0x0000, 0x0000, 0x0000, 0x0000, 0x0000, 0x0000, 0x0000, 0x0000, 0x0000, 0x0000, 0x0000, 0x0000,   // 0x0300 (768) pixels
0x0000, 0x0000, 0x0000, 0x0000, 0x0000, 0x0000, 0x0000, 0x0000, 0x0000, 0x0000, 0x0000, 0x0000, 0x0000, 0x0000, 0x0000, 0x0000,   // 0x0310 (784) pixels
0x0000, 0x0000, 0x0000, 0x0000, 0x0000, 0x0000, 0x0000, 0x0000, 0x0000, 0x0000, 0x0000, 0x0000, 0x0000, 0x0000, 0x0000, 0x0000,   // 0x0320 (800) pixels
0x0000, 0x0000, 0x0000, 0x0000, 0x0000, 0x0000, 0x0000, 0x0000, 0x0000, 0x0000, 0x0000, 0x0000, 0x0000, 0x0000, 0x0000, 0x0000,   // 0x0330 (816) pixels
0x0000, 0x0000, 0x0000, 0x0000, 0x0000, 0x0000, 0x0000, 0x0000, 0x0000, 0x0000, 0x0000, 0x0000, 0x0000, 0x0000, 0x0000, 0x0000,   // 0x0340 (832) pixels
0x0000, 0x0000, 0x0000, 0x0000, 0x0000, 0x0000, 0x0000, 0x0000, 0x0000, 0x0000, 0x0000, 0x0000, 0x0000, 0x0000, 0x0000, 0x0000,   // 0x0350 (848) pixels
0x0000, 0x0000, 0x0000, 0x0000, 0x0000, 0x0000, 0x0000, 0x0000, 0x0000, 0x0000, 0x0000, 0x0000, 0x0000, 0x0000, 0x0000, 0x0000,   // 0x0360 (864) pixels
0x0000, 0x0000, 0x0000, 0x0000, 0x0000, 0x0000, 0x0000, 0x0000, 0x0000, 0x0000, 0x0000, 0x0000, 0x0000, 0x0000, 0x0000, 0x0000,   // 0x0370 (880) pixels
0x0000, 0x0000, 0x0000, 0x0000, 0x0000, 0x0000, 0x0000, 0x0000, 0x0000, 0x0000, 0x0000, 0x0000, 0x0000, 0x0000, 0x0000, 0x0000,   // 0x0380 (896) pixels
0x0000, 0x0000, 0x0000, 0x0000, 0x0000, 0x0000, 0x0000, 0x0000, 0x0000, 0x0000, 0x0000, 0x0000, 0x0000, 0x0000, 0x0000, 0x0000,   // 0x0390 (912) pixels
0x0000, 0x0000, 0x0000, 0x0000, 0x0000, 0x0000, 0x0000, 0x0000, 0x0000, 0x0000, 0x0000, 0x0000, 0x0000, 0x0000, 0x0000, 0x0000,   // 0x03A0 (928) pixels
0x0000, 0x0000, 0x0000, 0x0000, 0x0000, 0x0000, 0x0000, 0x0000, 0x0000, 0x0000, 0x0000, 0x0000, 0x0000, 0x0000, 0x0000, 0x0000,   // 0x03B0 (944) pixels
0x0000, 0x0000, 0x0000, 0x0000, 0x0000, 0x0000, 0x0000, 0x0000, 0x0000, 0x0000, 0x0000, 0x0000, 0x0000, 0x0000, 0x0000, 0x0000,   // 0x03C0 (960) pixels
0x0000, 0x0000, 0x0000, 0x0000, 0x0000, 0x0000, 0x0000, 0x0000, 0x0000, 0x0000, 0x0000, 0x0000, 0x0000, 0x0000, 0x0000, 0x0000,   // 0x03D0 (976) pixels
0x0000, 0x0000, 0x0000, 0x0000, 0x0000, 0x0000, 0x0000, 0x0000, 0x0000, 0x0000, 0x0000, 0x0000, 0x0000, 0x0000, 0x0000, 0x0000,   // 0x03E0 (992) pixels
0x0000, 0x0000, 0x0000, 0x0000, 0x0000, 0x0000, 0x0000, 0x0000, 0x0000, 0x0000, 0x0000, 0x0000, 0x0000, 0x0000, 0x0000, 0x0000,   // 0x03F0 (1008) pixels
0x0000, 0x0000, 0x0000, 0x0000, 0x0000, 0x0000, 0x0000, 0x0000, 0x0000, 0x0000, 0x0000, 0x0000, 0x0000, 0x0000, 0x0000, 0x0000,   // 0x0400 (1024) pixels
0x0000, 0x0000, 0x0000, 0x0000, 0x0000, 0x0000, 0x0000, 0x0000, 0x0000, 0x0000, 0x0000, 0x0000, 0x0000, 0x0000, 0x0000, 0x0000,   // 0x0410 (1040) pixels
0x0000, 0x0000, 0x0000, 0x0000, 0x0000, 0x0000, 0x0000, 0x0000, 0x0000, 0x0000, 0x0000, 0x0000, 0x0000, 0x0000, 0x0000, 0x0000,   // 0x0420 (1056) pixels
0x0000, 0x0000, 0x0000, 0x0000, 0x0000, 0x0000, 0x0000, 0x0000, 0x0000, 0x0000, 0x0000, 0x0000, 0x0000, 0x0000, 0x0000, 0x0000,   // 0x0430 (1072) pixels
0x0000, 0x0000, 0x0000, 0x0000, 0x0000, 0x0000, 0x0000, 0x0000, 0x0000, 0x0000, 0x0000, 0x0000, 0x0000, 0x0000, 0x0000, 0x0000,   // 0x0440 (1088) pixels
0x0000, 0x0000, 0x0000, 0x0000, 0x0000, 0x0000, 0x0000, 0x0000, 0x0000, 0x0000, 0x0000, 0x0000, 0x0000, 0x0000, 0x0000, 0x0000,   // 0x0450 (1104) pixels
0x0000, 0x0000, 0x0000, 0x0000, 0x0000, 0x0000, 0x0000, 0x0000, 0x0000, 0x0000, 0x0000, 0x0000, 0x0000, 0x0000, 0x0000, 0x0000,   // 0x0460 (1120) pixels
0x0000, 0x0000, 0x0000, 0x0000, 0x0000, 0x0000, 0x0000, 0x0000, 0x0000, 0x0000, 0x0000, 0x0000, 0x0000, 0x0000, 0x0000, 0x0000,   // 0x0470 (1136) pixels
0x0000, 0x0000, 0x0000, 0x0000, 0x0000, 0x0000, 0x0000, 0x0000, 0x0000, 0x0000, 0x0000, 0x0000, 0x0000, 0x0000, 0x0000, 0x0000,   // 0x0480 (1152) pixels
0x0000, 0x0000, 0x0000, 0x0000, 0x0000, 0x0000, 0x0000, 0x0000, 0x0000, 0x0000, 0x0000, 0x0000, 0x0000, 0x0000, 0x0000, 0x0000,   // 0x0490 (1168) pixels
0x0000, 0x0000, 0x0000, 0x0000, 0x0000, 0x0000, 0x0000, 0x0000, 0x0000, 0x0000, 0x0000, 0x0000, 0x0000, 0x0000, 0x0000, 0x0000,   // 0x04A0 (1184) pixels
0x0000, 0x0000, 0x0000, 0x0000, 0x0000, 0x0000, 0x0000, 0x0000, 0x0000, 0x0000, 0x0000, 0x0000, 0x0000, 0x0000, 0x0000, 0x0000,   // 0x04B0 (1200) pixels
0x0000, 0x0000, 0x0000, 0x0000, 0x0000, 0x0000, 0x0000, 0x0000, 0x0000, 0x0000, 0x0000, 0x0000, 0x0000, 0x0000, 0x0000, 0x0000,   // 0x04C0 (1216) pixels
0x0000, 0x0000, 0x0000, 0x0000, 0x0000, 0x0000, 0x0000, 0x0000, 0x0000, 0x0000, 0x0000, 0x0000, 0x0000, 0x0000, 0x0000, 0x0000,   // 0x04D0 (1232) pixels
0x0000, 0x0000, 0x0000, 0x0000, 0x0000, 0x0000, 0x0000, 0x0000, 0x0000, 0x0000, 0x0000, 0x0000, 0x0000, 0x0000, 0x0000, 0x0000,   // 0x04E0 (1248) pixels
0x0000, 0x0000, 0x0000, 0x0000, 0x0000, 0x0000, 0x0000, 0x0000, 0x0000, 0x0000, 0x0000, 0x0000, 0x0000, 0x0000, 0x0000, 0x0000,   // 0x04F0 (1264) pixels
0x0000, 0x0000, 0x0000, 0x0000, 0x0000, 0x0000, 0x0000, 0x0000, 0x0000, 0x0000, 0x0000, 0x0000, 0x0000, 0x0000, 0x0000, 0x0000,   // 0x0500 (1280) pixels
0x0000, 0x0000, 0x0000, 0x0000, 0x0000, 0x0000, 0x0000, 0x0000, 0x0000, 0x0000, 0x0000, 0x0000, 0x0000, 0x0000, 0x0000, 0x0000,   // 0x0510 (1296) pixels
0x0000, 0x0000, 0x0000, 0x0000, 0x0000, 0x0000, 0x0000, 0x0000, 0x0000, 0x0000, 0x0000, 0x0000, 0x0000, 0x0000, 0x0000, 0x0000,   // 0x0520 (1312) pixels
0x0000, 0x0000, 0x0000, 0x0000, 0x0000, 0x0000, 0x0000, 0x0000, 0x0000, 0x0000, 0x0000, 0x0000, 0x0000, 0x0000, 0x0000, 0x0000,   // 0x0530 (1328) pixels
0x0000, 0x0000, 0x0000, 0x0000, 0x0000, 0x0000, 0x0000, 0x0000, 0x0000, 0x0000, 0x0000, 0x0000, 0x0000, 0x0000, 0x0000, 0x0000,   // 0x0540 (1344) pixels
0x0000, 0x0000, 0x0000, 0x0000, 0x0000, 0x0000, 0x0000, 0x0000, 0x0000, 0x0000, 0x0000, 0x0000, 0x0000, 0x0000, 0x0000, 0x0000,   // 0x0550 (1360) pixels
0x0000, 0x0000, 0x0000, 0x0000, 0x0000, 0x0000, 0x0000, 0x0000, 0x0000, 0x0000, 0x0000, 0x0000, 0x0000, 0x0000, 0x0000, 0x0000,   // 0x0560 (1376) pixels
0x0000, 0x0000, 0x0000, 0x0000, 0x0000, 0x0000, 0x0000, 0x0000, 0x0000, 0x0000, 0x0000, 0x0000, 0x0000, 0x0000, 0x0000, 0x0000,   // 0x0570 (1392) pixels
0x0000, 0x0000, 0x0000, 0x0000, 0x0000, 0x0000, 0x0000, 0x0000, 0x0000, 0x0000, 0x0000, 0x0000, 0x0000, 0x0000, 0x0000, 0x0000,   // 0x0580 (1408) pixels
0x0000, 0x0000, 0x0000, 0x0000, 0x0000, 0x0000, 0x0000, 0x0000, 0x0000, 0x0000, 0x0000, 0x0000, 0x0000, 0x0000, 0x0000, 0x0000,   // 0x0590 (1424) pixels
0x0000, 0x0000, 0x0000, 0x0000, 0x0000, 0x0000, 0x0000, 0x0000, 0x0000, 0x0000, 0x0000, 0x0000, 0x0000, 0x0000, 0x0000, 0x0000,   // 0x05A0 (1440) pixels
0x0000, 0x0000, 0x0000, 0x0000, 0x0000, 0x0000, 0x0000, 0x0000, 0x0000, 0x0000, 0x0000, 0x0000, 0x0000, 0x0000, 0x0000, 0x0000,   // 0x05B0 (1456) pixels
0x0000, 0x0000, 0x0000, 0x0000, 0x0000, 0x0000, 0x0000, 0x0000, 0x0000, 0x0000, 0x0000, 0x0000, 0x0000, 0x0000, 0x0000, 0x0000,   // 0x05C0 (1472) pixels
0x0000, 0x0000, 0x0000, 0x0000, 0x0000, 0x0000, 0x0000, 0x0000, 0x0000, 0x0000, 0x0000, 0x0000, 0x0000, 0x0000, 0x0000, 0x0000,   // 0x05D0 (1488) pixels
0x0000, 0x0000, 0x0000, 0x0000, 0x0000, 0x0000, 0x0000, 0x0000, 0x0000, 0x0000, 0x0000, 0x0000, 0x0000, 0x0000, 0x0000, 0x0000,   // 0x05E0 (1504) pixels
0x0000, 0x0000, 0x0000, 0x0000, 0x0000, 0x0000, 0x0000, 0x0000, 0x0000, 0x0000, 0x0000, 0x0000, 0x0000, 0x0000, 0x0000, 0x0000,   // 0x05F0 (1520) pixels
0x0000, 0x0000, 0x0000, 0x0000, 0x0000, 0x0000, 0x0000, 0x0000, 0x0000, 0x0000, 0x0000, 0x0000, 0x0000, 0x0000, 0x0000, 0x0000,   // 0x0600 (1536) pixels
0x0000, 0x0000, 0x0000, 0x0000, 0x0000, 0x0000, 0x0000, 0x0000, 0x0000, 0x0000, 0x0000, 0x0000, 0x0000, 0x0000, 0x0000, 0x0000,   // 0x0610 (1552) pixels
0x0000, 0x0000, 0x0000, 0x0000, 0x0000, 0x0000, 0x0000, 0x0000, 0x0000, 0x0000, 0x0000, 0x0000, 0x0000, 0x0000, 0x0000, 0x0000,   // 0x0620 (1568) pixels
0x0000, 0x0000, 0x0000, 0x0000, 0x0000, 0x0000, 0x0000, 0x0000, 0x0000, 0x0000, 0x0000, 0x0000, 0x0000, 0x0000, 0x0000, 0x0000,   // 0x0630 (1584) pixels
0x0000, 0x0000, 0x0000, 0x0000, 0x0000, 0x0000, 0x0000, 0x0000, 0x0000, 0x0000, 0x0000, 0x0000, 0x0000, 0x0000, 0x0000, 0x0000,   // 0x0640 (1600) pixels
0x0000, 0x0000, 0x0000, 0x0000, 0x0000, 0x0000, 0x0000, 0x0000, 0x0000, 0x0000, 0x0000, 0x0000, 0x0000, 0x0000, 0x0000, 0x0000,   // 0x0650 (1616) pixels
0x0000, 0x0000, 0x0000, 0x0000, 0x0000, 0x0000, 0x0000, 0x0000, 0x0000, 0x0000, 0x0000, 0x0000, 0x0000, 0x0000, 0x0000, 0x0000,   // 0x0660 (1632) pixels
0x0000, 0x0000, 0x0000, 0x0000, 0x0000, 0x0000, 0x0000, 0x0000, 0x0000, 0x0000, 0x0000, 0x0000, 0x0000, 0x0000, 0x0000, 0x0000,   // 0x0670 (1648) pixels
0x0000, 0x0000, 0x0000, 0x0000, 0x0000, 0x0000, 0x0000, 0x0000, 0x0000, 0x0000, 0x0000, 0x0000, 0x0000, 0x0000, 0x0000, 0x0000,   // 0x0680 (1664) pixels
0x0000, 0x0000, 0x0000, 0x0000, 0x0000, 0x0000, 0x0000, 0x0000, 0x0000, 0x0000, 0x0000, 0x0000, 0x0000, 0x0000, 0x0000, 0x0000,   // 0x0690 (1680) pixels
0x0000, 0x0000, 0x0000, 0x0000, 0x0000, 0x0000, 0x0000, 0x0000, 0x0000, 0x0000, 0x0000, 0x0000, 0x0000, 0x0000, 0x0000, 0x0000,   // 0x06A0 (1696) pixels
0x0000, 0x0000, 0x0000, 0x0000, 0x0000, 0x0000, 0x0000, 0x0000, 0x0000, 0x0000, 0x0000, 0x0000, 0x0000, 0x0000, 0x0000, 0x0000,   // 0x06B0 (1712) pixels
0x0000, 0x0000, 0x0000, 0x0000, 0x0000, 0x0000, 0x0000, 0x0000, 0x0000, 0x0000, 0x0000, 0x0000, 0x0000, 0x0000, 0x0000, 0x0000,   // 0x06C0 (1728) pixels
0x0000, 0x0000, 0x0000, 0x0000, 0x0000, 0x0000, 0x0000, 0x0000, 0x0000, 0x0000, 0x0000, 0x0000, 0x0000, 0x0000, 0x0000, 0x0000,   // 0x06D0 (1744) pixels
0x0000, 0x0000, 0x0000, 0x0000, 0x0000, 0x0000, 0x0000, 0x0000, 0x0000, 0x0000, 0x0000, 0x0000, 0x0000, 0x0000, 0x0000, 0x0000,   // 0x06E0 (1760) pixels
0x0000, 0x0000, 0x0000, 0x0000, 0x0000, 0x0000, 0x0000, 0x0000, 0x0000, 0x0000, 0x0000, 0x0000, 0x0000, 0x0000, 0x0000, 0x0000,   // 0x06F0 (1776) pixels
0x0000, 0x0000, 0x0000, 0x0000, 0x0000, 0x0000, 0x0000, 0x0000, 0x0000, 0x0000, 0x0000, 0x0000, 0x0000, 0x0000, 0x0000, 0x0000,   // 0x0700 (1792) pixels
0x0000, 0x0000, 0x0000, 0x0000, 0x0000, 0x0000, 0x0000, 0x0000, 0x0000, 0x0000, 0x0000, 0x0000, 0x0000, 0x0000, 0x0000, 0x0000,   // 0x0710 (1808) pixels
0x0000, 0x0000, 0x0000, 0x0000, 0x0000, 0x0000, 0x0000, 0x0000, 0x0000, 0x0000, 0x0000, 0x0000, 0x0000, 0x0000, 0x0000, 0x0000,   // 0x0720 (1824) pixels
0x0000, 0x0000, 0x0000, 0x0000, 0x0000, 0x0000, 0x0000, 0x0000, 0x0000, 0x0000, 0x0000, 0x0000, 0x0000, 0x0000, 0x0000, 0x0000,   // 0x0730 (1840) pixels
0x0000, 0x0000, 0x0000, 0x0000, 0x0000, 0x0000, 0x0000, 0x0000, 0x0000, 0x0000, 0x0000, 0x0000, 0x0000, 0x0000, 0x0000, 0x0000,   // 0x0740 (1856) pixels
0x0000, 0x0000, 0x0000, 0x0000, 0x0000, 0x0000, 0x0000, 0x0000, 0x0000, 0x0000, 0x0000, 0x0000, 0x0000, 0x0000, 0x0000, 0x0000,   // 0x0750 (1872) pixels
0x0000, 0x0000, 0x0000, 0x0000, 0x0000, 0x0000, 0x0000, 0x0000, 0x0000, 0x0000, 0x0000, 0x0000, 0x0000, 0x0000, 0x0000, 0x0000,   // 0x0760 (1888) pixels
0x0000, 0x0000, 0x0000, 0x0000, 0x0000, 0x0000, 0x0000, 0x0000, 0x0000, 0x0000, 0x0000, 0x0000, 0x0000, 0x0000, 0x0000, 0x0000,   // 0x0770 (1904) pixels
0x0000, 0x0000, 0x0000, 0x0000, 0x0000, 0x0000, 0x0000, 0x0000, 0x0000, 0x0000, 0x0000, 0x0000, 0x0000, 0x0000, 0x0000, 0x0000,   // 0x0780 (1920) pixels
0x0000, 0x0000, 0x0000, 0x0000, 0x0000, 0x0000, 0x0000, 0x0000, 0x0000, 0x0000, 0x0000, 0x0000, 0x0000, 0x0000, 0x0000, 0x0000,   // 0x0790 (1936) pixels
0x0000, 0x0000, 0x0000, 0x0000, 0x0000, 0x0000, 0x0000, 0x0000, 0x0000, 0x0000, 0x0000, 0x0000, 0x0000, 0x0000, 0x0000, 0x0000,   // 0x07A0 (1952) pixels
0x0000, 0x0000, 0x0000, 0x0000, 0x0000, 0x0000, 0x0000, 0x0000, 0x0000, 0x0000, 0x0000, 0x0000, 0x0000, 0x0000, 0x0000, 0x0000,   // 0x07B0 (1968) pixels
0x0000, 0x0000, 0x0000, 0x0000, 0x0000, 0x0000, 0x0000, 0x0000, 0x0000, 0x0000, 0x0000, 0x0000, 0x0000, 0x0000, 0x0000, 0x0000,   // 0x07C0 (1984) pixels
0x0000, 0x0000, 0x0000, 0x0000, 0x0000, 0x0000, 0x0000, 0x0000, 0x0000, 0x0000, 0x0000, 0x0000, 0x0000, 0x0000, 0x0000, 0x0000,   // 0x07D0 (2000) pixels
0x0000, 0x0000, 0x0000, 0x0000, 0x0000, 0x0000, 0x0000, 0x0000, 0x0000, 0x0000, 0x0000, 0x0000, 0x0000, 0x0000, 0x0000, 0x0000,   // 0x07E0 (2016) pixels
0x0000, 0x0000, 0x0000, 0x0000, 0x0000, 0x0000, 0x0000, 0x0000, 0x0000, 0x0000, 0x0000, 0x0000, 0x0000, 0x0000, 0x0000, 0x0000,   // 0x07F0 (2032) pixels
0x0000, 0x0000, 0x0000, 0x0000, 0x0000, 0x0000, 0x0000, 0x0000, 0x0000, 0x0000, 0x0000, 0x0000, 0x0000, 0x0000, 0x0000, 0x0000,   // 0x0800 (2048) pixels
0x0000, 0x0000, 0x0000, 0x0000, 0x0000, 0x0000, 0x0000, 0x0000, 0x0000, 0x0000, 0x0000, 0x0000, 0x0000, 0x0000, 0x0000, 0x0000,   // 0x0810 (2064) pixels
0x0000, 0x0000, 0x0000, 0x0000, 0x0000, 0x0000, 0x0000, 0x0000, 0x0000, 0x0000, 0x0000, 0x0000, 0x0000, 0x0000, 0x0000, 0x0000,   // 0x0820 (2080) pixels
0x0000, 0x0000, 0x0000, 0x0000, 0x0000, 0x0000, 0x0000, 0x0000, 0x0000, 0x0000, 0x0000, 0x0000, 0x0000, 0x0000, 0x0000, 0x0000,   // 0x0830 (2096) pixels
0x0000, 0x0000, 0x0000, 0x0000, 0x0000, 0x0000, 0x0000, 0x0000, 0x0000, 0x0000, 0x0000, 0x0000, 0x0000, 0x0000, 0x0000, 0x0000,   // 0x0840 (2112) pixels
0x0000, 0x0000, 0x0000, 0x0000, 0x0000, 0x0000, 0x0000, 0x0000, 0x0000, 0x0000, 0x0000, 0x0000, 0x0000, 0x0000, 0x0000, 0x0000,   // 0x0850 (2128) pixels
0x0000, 0x0000, 0x0000, 0x0000, 0x0000, 0x0000, 0x0000, 0x0000, 0x0000, 0x0000, 0x0000, 0x0000, 0x0000, 0x0000, 0x0000, 0x0000,   // 0x0860 (2144) pixels
0x0000, 0x0000, 0x0000, 0x0000, 0x0000, 0x0000, 0x0000, 0x0000, 0x0000, 0x0000, 0x0000, 0x0000, 0x0000, 0x0000, 0x0000, 0x0000,   // 0x0870 (2160) pixels
0x0000, 0x0000, 0x0000, 0x0000, 0x0000, 0x0000, 0x0000, 0x0000, 0x0000, 0x0000, 0x0000, 0x0000, 0x0000, 0x0000, 0x0000, 0x0000,   // 0x0880 (2176) pixels
0x0000, 0x0000, 0x0000, 0x0000, 0x0000, 0x0000, 0x0000, 0x0000, 0x0000, 0x0000, 0x0000, 0x0000, 0x0000, 0x0000, 0x0000, 0x0000,   // 0x0890 (2192) pixels
0x0000, 0x0000, 0x0000, 0x0000, 0x0000, 0x0000, 0x0000, 0x0000, 0x0000, 0x0000, 0x0000, 0x0000, 0x0000, 0x0000, 0x0000, 0x0000,   // 0x08A0 (2208) pixels
0x0000, 0x0000, 0x0000, 0x0000, 0x0000, 0x0000, 0x0000, 0x0000, 0x0000, 0x0000, 0x0000, 0x0000, 0x0000, 0x0000, 0x0000, 0x0000,   // 0x08B0 (2224) pixels
0x0000, 0x0000, 0x0000, 0x0000, 0x0000, 0x0000, 0x0000, 0x0000, 0x0000, 0x0000, 0x0000, 0x0000, 0x0000, 0x0000, 0x0000, 0x0000,   // 0x08C0 (2240) pixels
0x0000, 0x0000, 0x0000, 0x0000, 0x0000, 0x0000, 0x0000, 0x0000, 0x0000, 0x0000, 0x0000, 0x0000, 0x0000, 0x0000, 0x0000, 0x0000,   // 0x08D0 (2256) pixels
0x0000, 0x0000, 0x0000, 0x0000, 0x0000, 0x0000, 0x0000, 0x0000, 0x0000, 0x0000, 0x0000, 0x0000, 0x0000, 0x0000, 0x0000, 0x0000,   // 0x08E0 (2272) pixels
0x0000, 0x0000, 0x0000, 0x0000, 0x0000, 0x0000, 0x0000, 0x0000, 0x0000, 0x0000, 0x0000, 0x0000, 0x0000, 0x0000, 0x0000, 0x0000,   // 0x08F0 (2288) pixels
0x0000, 0x0000, 0x0000, 0x0000, 0x0000, 0x0000, 0x0000, 0x0000, 0x0000, 0x0000, 0x0000, 0x0000, 0x0000, 0x0000, 0x0000, 0x0000,   // 0x0900 (2304) pixels
0x0000, 0x0000, 0x0000, 0x0000, 0x0000, 0x0000, 0x0000, 0x0000, 0x0000, 0x0000, 0x0000, 0x0000, 0x0000, 0x0000, 0x0000, 0x0000,   // 0x0910 (2320) pixels
0x0000, 0x0000, 0x0000, 0x0000, 0x0000, 0x0000, 0x0000, 0x0000, 0x0000, 0x0000, 0x0000, 0x0000, 0x0000, 0x0000, 0x0000, 0x0000,   // 0x0920 (2336) pixels
0x0000, 0x0000, 0x0000, 0x0000, 0x0000, 0x0000, 0x0000, 0x0000, 0x0000, 0x0000, 0x0000, 0x0000, 0x0000, 0x0000, 0x0000, 0x0000,   // 0x0930 (2352) pixels
0x0000, 0x0000, 0x0000, 0x0000, 0x0000, 0x0000, 0x0000, 0x0000, 0x0000, 0x0000, 0x0000, 0x0000, 0x0000, 0x0000, 0x0000, 0x0000,   // 0x0940 (2368) pixels
0x0000, 0x0000, 0x0000, 0x0000, 0x0000, 0x0000, 0x0000, 0x0000, 0x0000, 0x0000, 0x0000, 0x0000, 0x0000, 0x0000, 0x0000, 0x0000,   // 0x0950 (2384) pixels
0x0000, 0x0000, 0x0000, 0x0000, 0x0000, 0x0000, 0x0000, 0x0000, 0x0000, 0x0000, 0x0000, 0x0000, 0x0000, 0x0000, 0x0000, 0x0000,   // 0x0960 (2400) pixels
0x0000, 0x0000, 0x0000, 0x0000, 0x0000, 0x0000, 0x0000, 0x0000, 0x0000, 0x0000, 0x0000, 0x0000, 0x0000, 0x0000, 0x0000, 0x0000,   // 0x0970 (2416) pixels
0x0000, 0x0000, 0x0000, 0x0000, 0x0000, 0x0000, 0x0000, 0x0000, 0x0000, 0x0000, 0x0000, 0x0000, 0x0000, 0x0000, 0x0000, 0x0000,   // 0x0980 (2432) pixels
0x0000, 0x0000, 0x0000, 0x0000, 0x0000, 0x0000, 0x0000, 0x0000, 0x0000, 0x0000, 0x0000, 0x0000, 0x0000, 0x0000, 0x0000, 0x0000,   // 0x0990 (2448) pixels
0x0000, 0x0000, 0x0000, 0x0000, 0x0000, 0x0000, 0x0000, 0x0000, 0x0000, 0x0000, 0x0000, 0x0000, 0x0000, 0x0000, 0x0000, 0x0000,   // 0x09A0 (2464) pixels
0x0000, 0x0000, 0x0000, 0x0000, 0x0000, 0x0000, 0x0000, 0x0000, 0x0000, 0x0000, 0x0000, 0x0000, 0x0000, 0x0000, 0x0000, 0x0000,   // 0x09B0 (2480) pixels
0x0000, 0x0000, 0x0000, 0x0000, 0x0000, 0x0000, 0x0000, 0x0000, 0x0000, 0x0000, 0x0000, 0x0000, 0x0000, 0x0000, 0x0000, 0x0000,   // 0x09C0 (2496) pixels
0x0000, 0x0000, 0x0000, 0x0000, 0x0000, 0x0000, 0x0000, 0x0000, 0x0000, 0x0000, 0x0000, 0x0000, 0x0000, 0x0000, 0x0000, 0x0000,   // 0x09D0 (2512) pixels
0x0000, 0x0000, 0x0000, 0x0000, 0x0000, 0x0000, 0x0000, 0x0000, 0x0000, 0x0000, 0x0000, 0x0000, 0x0000, 0x0000, 0x0000, 0x0000,   // 0x09E0 (2528) pixels
0x0000, 0x0000, 0x0000, 0x0000, 0x0000, 0x0000, 0x0000, 0x0000, 0x0000, 0x0000, 0x0000, 0x0000, 0x0000, 0x0000, 0x0000, 0x0000,   // 0x09F0 (2544) pixels
0x0000, 0x0000, 0x0000, 0x0000, 0x0000, 0x0000, 0x0000, 0x0000, 0x0000, 0x0000, 0x0000, 0x0000, 0x0000, 0x0000, 0x0000, 0x0000,   // 0x0A00 (2560) pixels
0x0000, 0x0000, 0x0000, 0x0000, 0x0000, 0x0000, 0x0000, 0x0000, 0x0000, 0x0000, 0x0000, 0x0000, 0x0000, 0x0000, 0x0000, 0x0000,   // 0x0A10 (2576) pixels
0x0000, 0x0000, 0x0000, 0x0000, 0x0000, 0x0000, 0x0000, 0x0000, 0x0000, 0x0000, 0x0000, 0x0000, 0x0000, 0x0000, 0x0000, 0x0000,   // 0x0A20 (2592) pixels
0x0000, 0x0000, 0x0000, 0x0000, 0x0000, 0x0000, 0x0000, 0x0000, 0x0000, 0x0000, 0x0000, 0x0000, 0x0000, 0x0000, 0x0000, 0x0000,   // 0x0A30 (2608) pixels
0x0000, 0x0000, 0x0000, 0x0000, 0x0000, 0x0000, 0x0000, 0x0000, 0x0000, 0x0000, 0x0000, 0x0000, 0x0000, 0x0000, 0x0000, 0x0000,   // 0x0A40 (2624) pixels
0x0000, 0x0000, 0x0000, 0x0000, 0x0000, 0x0000, 0x0000, 0x0000, 0x0000, 0x0000, 0x0000, 0x0000, 0x0000, 0x0000, 0x0000, 0x0000,   // 0x0A50 (2640) pixels
0x0000, 0x0000, 0x0000, 0x0000, 0x0000, 0x0000, 0x0000, 0x0000, 0x0000, 0x0000, 0x0000, 0x0000, 0x0000, 0x0000, 0x0000, 0x0000,   // 0x0A60 (2656) pixels
0x0000, 0x0000, 0x0000, 0x0000, 0x0000, 0x0000, 0x0000, 0x0000, 0x0000, 0x0000, 0x0000, 0x0000, 0x0000, 0x0000, 0x0000, 0x0000,   // 0x0A70 (2672) pixels
0x0000, 0x0000, 0x0000, 0x0000, 0x0000, 0x0000, 0x0000, 0x0000, 0x0000, 0x0000, 0x0000, 0x0000, 0x0000, 0x0000, 0x0000, 0x0000,   // 0x0A80 (2688) pixels
0x0000, 0x0000, 0x0000, 0x0000, 0x0000, 0x0000, 0x0000, 0x0000, 0x0000, 0x0000, 0x0000, 0x0000, 0x0000, 0x0000, 0x0000, 0x0000,   // 0x0A90 (2704) pixels
0x0000, 0x0000, 0x0000, 0x0000, 0x0000, 0x0000, 0x0000, 0x0000, 0x0000, 0x0000, 0x0000, 0x0000, 0x0000, 0x0000, 0x0000, 0x0000,   // 0x0AA0 (2720) pixels
0x0000, 0x0000, 0x0000, 0x0000, 0x0000, 0x0000, 0x0000, 0x0000, 0x0000, 0x0000, 0x0000, 0x0000, 0x0000, 0x0000, 0x0000, 0x0000,   // 0x0AB0 (2736) pixels
0x0000, 0x0000, 0x0000, 0x0000, 0x0000, 0x0000, 0x0000, 0x0000, 0x0000, 0x0000, 0x0000, 0x0000, 0x0000, 0x0000, 0x0000, 0x0000,   // 0x0AC0 (2752) pixels
0x0000, 0x0000, 0x0000, 0x0000, 0x0000, 0x0000, 0x0000, 0x0000, 0x0000, 0x0000, 0x0000, 0x0000, 0x0000, 0x0000, 0x0000, 0x0000,   // 0x0AD0 (2768) pixels
0x0000, 0x0000, 0x0000, 0x0000, 0x0000, 0x0000, 0x0000, 0x0000, 0x0000, 0x0000, 0x0000, 0x0000, 0x0000, 0x0000, 0x0000, 0x0000,   // 0x0AE0 (2784) pixels
0x0000, 0x0000, 0x0000, 0x0000, 0x0000, 0x0000, 0x0000, 0x0000, 0x0000, 0x0000, 0x0000, 0x0000, 0x0000, 0x0000, 0x0000, 0x0000,   // 0x0AF0 (2800) pixels
0x0000, 0x0000, 0x0000, 0x0000, 0x0000, 0x0000, 0x0000, 0x0000, 0x0000, 0x0000, 0x0000, 0x0000, 0x0000, 0x0000, 0x0000, 0x0000,   // 0x0B00 (2816) pixels
0x0000, 0x0000, 0x0000, 0x0000, 0x0000, 0x0000, 0x0000, 0x0000, 0x0000, 0x0000, 0x0000, 0x0000, 0x0000, 0x0000, 0x0000, 0x0000,   // 0x0B10 (2832) pixels
0x0000, 0x0000, 0x0000, 0x0000, 0x0000, 0x0000, 0x0000, 0x0000, 0x0000, 0x0000, 0x0000, 0x0000, 0x0000, 0x0000, 0x0000, 0x0000,   // 0x0B20 (2848) pixels
0x0000, 0x0000, 0x0000, 0x0000, 0x0000, 0x0000, 0x0000, 0x0000, 0x0000, 0x0000, 0x0000, 0x0000, 0x0000, 0x0000, 0x0000, 0x0000,   // 0x0B30 (2864) pixels
0x0000, 0x0000, 0x0000, 0x0000, 0x0000, 0x0000, 0x0000, 0x0000, 0x0000, 0x0000, 0x0000, 0x0000, 0x0000, 0x0000, 0x0000, 0x0000,   // 0x0B40 (2880) pixels
0x0000, 0x0000, 0x0000, 0x0000, 0x0000, 0x0000, 0x0000, 0x0000, 0x0000, 0x0000, 0x0000, 0x0000, 0x0000, 0x0000, 0x0000, 0x0000,   // 0x0B50 (2896) pixels
0x0000, 0x0000, 0x0000, 0x0000, 0x0000, 0x0000, 0x0000, 0x0000, 0x0000, 0x0000, 0x0000, 0x0000, 0x0000, 0x0000, 0x0000, 0x0000,   // 0x0B60 (2912) pixels
0x0000, 0x0000, 0x0000, 0x0000, 0x0000, 0x0000, 0x0000, 0x0000, 0x0000, 0x0000, 0x0000, 0x0000, 0x0000, 0x0000, 0x0000, 0x0000,   // 0x0B70 (2928) pixels
0x0000, 0x0000, 0x0000, 0x0000, 0x0000, 0x0000, 0x0000, 0x0000, 0x0000, 0x0000, 0x0000, 0x0000, 0x0000, 0x0000, 0x0000, 0x0000,   // 0x0B80 (2944) pixels
0x0000, 0x0000, 0x0000, 0x0000, 0x0000, 0x0000, 0x0000, 0x0000, 0x0000, 0x0000, 0x0000, 0x0000, 0x0000, 0x0000, 0x0000, 0x0000,   // 0x0B90 (2960) pixels
0x0000, 0x0000, 0x0000, 0x0000, 0x0000, 0x0000, 0x0000, 0x0000, 0x0000, 0x0000, 0x0000, 0x0000, 0x0000, 0x0000, 0x0000, 0x0000,   // 0x0BA0 (2976) pixels
0x0000, 0x0000, 0x0000, 0x0000, 0x0000, 0x0000, 0x0000, 0x0000, 0x0000, 0x0000, 0x0000, 0x0000, 0x0000, 0x0000, 0x0000, 0x0000,   // 0x0BB0 (2992) pixels
0x0000, 0x0000, 0x0000, 0x0000, 0x0000, 0x0000, 0x0000, 0x0000, 0x0000, 0x0000, 0x0000, 0x0000, 0x0000, 0x0000, 0x0000, 0x0000,   // 0x0BC0 (3008) pixels
0x0000, 0x0000, 0x0000, 0x0000, 0x0000, 0x0000, 0x0000, 0x0000, 0x0000, 0x0000, 0x0000, 0x0000, 0x0000, 0x0000, 0x0000, 0x0000,   // 0x0BD0 (3024) pixels
0x0000, 0x0000, 0x0000, 0x0000, 0x0000, 0x0000, 0x0000, 0x0000, 0x0000, 0x0000, 0x0000, 0x0000, 0x0000, 0x0000, 0x0000, 0x0000,   // 0x0BE0 (3040) pixels
0x0000, 0x0000, 0x0000, 0x0000, 0x0000, 0x0000, 0x0000, 0x0000, 0x0000, 0x0000, 0x0000, 0x0000, 0x0000, 0x0000, 0x0000, 0x0000,   // 0x0BF0 (3056) pixels
0x0000, 0x0000, 0x0000, 0x0000, 0x0000, 0x0000, 0x0000, 0x0000, 0x0000, 0x0000, 0x0000, 0x0000, 0x0000, 0x0000, 0x0000, 0x0000,   // 0x0C00 (3072) pixels
0x0000, 0x0000, 0x0000, 0x0000, 0x0000, 0x0000, 0x0000, 0x0000, 0x0000, 0x0000, 0x0000, 0x0000, 0x0000, 0x0000, 0x0000, 0x0000,   // 0x0C10 (3088) pixels
0x0000, 0x0000, 0x0000, 0x0000, 0x0000, 0x0000, 0x0000, 0x0000, 0x0000, 0x0000, 0x0000, 0x0000, 0x0000, 0x0000, 0x0000, 0x0000,   // 0x0C20 (3104) pixels
0x0000, 0x0000, 0x0000, 0x0000, 0x0000, 0x0000, 0x0000, 0x0000, 0x0000, 0x0000, 0x0000, 0x0000, 0x0000, 0x0000, 0x0000, 0x0000,   // 0x0C30 (3120) pixels
0x0000, 0x0000, 0x0000, 0x0000, 0x0000, 0x0000, 0x0000, 0x0000, 0x0000, 0x0000, 0x0000, 0x0000, 0x0000, 0x0000, 0x0000, 0x0000,   // 0x0C40 (3136) pixels
0x0000, 0x0000, 0x0000, 0x0000, 0x0000, 0x0000, 0x0000, 0x0000, 0x0000, 0x0000, 0x0000, 0x0000, 0x0000, 0x0000, 0x0000, 0x0000,   // 0x0C50 (3152) pixels
0x0000, 0x0000, 0x0000, 0x0000, 0x0000, 0x0000, 0x0000, 0x0000, 0x0000, 0x0000, 0x0000, 0x0000, 0x0000, 0x0000, 0x0000, 0x0000,   // 0x0C60 (3168) pixels
0x0000, 0x0000, 0x0000, 0x0000, 0x0000, 0x0000, 0x0000, 0x0000, 0x0000, 0x0000, 0x0000, 0x0000, 0x0000, 0x0000, 0x0000, 0x0000,   // 0x0C70 (3184) pixels
0x0000, 0x0000, 0x0000, 0x0000, 0x0000, 0x0000, 0x0000, 0x0000, 0x0000, 0x0000, 0x0000, 0x0000, 0x0000, 0x0000, 0x0000, 0x0000,   // 0x0C80 (3200) pixels
0x0000, 0x0000, 0x0000, 0x0000, 0x0000, 0x0000, 0x0000, 0x0000, 0x0000, 0x0000, 0x0000, 0x0000, 0x0000, 0x0000, 0x0000, 0x0000,   // 0x0C90 (3216) pixels
0x0000, 0x0000, 0x0000, 0x0000, 0x0000, 0x0000, 0x0000, 0x0000, 0x0000, 0x0000, 0x0000, 0x0000, 0x0000, 0x0000, 0x0000, 0x0000,   // 0x0CA0 (3232) pixels
0x0000, 0x0000, 0x0000, 0x0000, 0x0000, 0x0000, 0x0000, 0x0000, 0x0000, 0x0000, 0x0000, 0x0000, 0x0000, 0x0000, 0x0000, 0x0000,   // 0x0CB0 (3248) pixels
0x0000, 0x0000, 0x0000, 0x0000, 0x0000, 0x0000, 0x0000, 0x0000, 0x0000, 0x0000, 0x0000, 0x0000, 0x0000, 0x0000, 0x0000, 0x0000,   // 0x0CC0 (3264) pixels
0x0000, 0x0000, 0x0000, 0x0000, 0x0000, 0x0000, 0x0000, 0x0000, 0x0000, 0x0000, 0x0000, 0x0000, 0x0000, 0x0000, 0x0000, 0x0000,   // 0x0CD0 (3280) pixels
0x0000, 0x0000, 0x0000, 0x0000, 0x0000, 0x0000, 0x0000, 0x0000, 0x0000, 0x0000, 0x0000, 0x0000, 0x0000, 0x0000, 0x0000, 0x0000,   // 0x0CE0 (3296) pixels
0x0000, 0x0000, 0x0000, 0x0000, 0x0000, 0x0000, 0x0000, 0x0000, 0x0000, 0x0000, 0x0000, 0x0000, 0x0000, 0x0000, 0x0000, 0x0000,   // 0x0CF0 (3312) pixels
0x0000, 0x0000, 0x0000, 0x0000, 0x0000, 0x0000, 0x0000, 0x0000, 0x0000, 0x0000, 0x0000, 0x0000, 0x0000, 0x0000, 0x0000, 0x0000,   // 0x0D00 (3328) pixels
0x0000, 0x0000, 0x0000, 0x0000, 0x0000, 0x0000, 0x0000, 0x0000, 0x0000, 0x0000, 0x0000, 0x0000, 0x0000, 0x0000, 0x0000, 0x0000,   // 0x0D10 (3344) pixels
0x0000, 0x0000, 0x0000, 0x0000, 0x0000, 0x0000, 0x0000, 0x0000, 0x0000, 0x0000, 0x0000, 0x0000, 0x0000, 0x0000, 0x0000, 0x0000,   // 0x0D20 (3360) pixels
0x0000, 0x0000, 0x0000, 0x0000, 0x0000, 0x0000, 0x0000, 0x0000, 0x0000, 0x0000, 0x0000, 0x0000, 0x0000, 0x0000, 0x0000, 0x0000,   // 0x0D30 (3376) pixels
0x0000, 0x0000, 0x0000, 0x0000, 0x0000, 0x0000, 0x0000, 0x0000, 0x0000, 0x0000, 0x0000, 0x0000, 0x0000, 0x0000, 0x0000, 0x0000,   // 0x0D40 (3392) pixels
0x0000, 0x0000, 0x0000, 0x0000, 0x0000, 0x0000, 0x0000, 0x0000, 0x0000, 0x0000, 0x0000, 0x0000, 0x0000, 0x0000, 0x0000, 0x0000,   // 0x0D50 (3408) pixels
0x0000, 0x0000, 0x0000, 0x0000, 0x0000, 0x0000, 0x0000, 0x0000, 0x0000, 0x0000, 0x0000, 0x0000, 0x0000, 0x0000, 0x0000, 0x0000,   // 0x0D60 (3424) pixels
0x0000, 0x0000, 0x0000, 0x0000, 0x0000, 0x0000, 0x0000, 0x0000, 0x0000, 0x0000, 0x0000, 0x0000, 0x0000, 0x0000, 0x0000, 0x0000,   // 0x0D70 (3440) pixels
0x0000, 0x0000, 0x0000, 0x0000, 0x0000, 0x0000, 0x0000, 0x0000, 0x0000, 0x0000, 0x0000, 0x0000, 0x0000, 0x0000, 0x0000, 0x0000,   // 0x0D80 (3456) pixels
0x0000, 0x0000, 0x0000, 0x0000, 0x0000, 0x0000, 0x0000, 0x0000, 0x0000, 0x0000, 0x0000, 0x0000, 0x0000, 0x0000, 0x0000, 0x0000,   // 0x0D90 (3472) pixels
0x0000, 0x0000, 0x0000, 0x0000, 0x0000, 0x0000, 0x0000, 0x0000, 0x0000, 0x0000, 0x0000, 0x0000, 0x0000, 0x0000, 0x0000, 0x0000,   // 0x0DA0 (3488) pixels
0x0000, 0x0000, 0x0000, 0x0000, 0x0000, 0x0000, 0x0000, 0x0000, 0x0000, 0x0000, 0x0000, 0x0000, 0x0000, 0x0000, 0x0000, 0x0000,   // 0x0DB0 (3504) pixels
0x0000, 0x0000, 0x0000, 0x0000, 0x0000, 0x0000, 0x0000, 0x0000, 0x0000, 0x0000, 0x0000, 0x0000, 0x0000, 0x0000, 0x0000, 0x0000,   // 0x0DC0 (3520) pixels
0x0000, 0x0000, 0x0000, 0x0000, 0x0000, 0x0000, 0x0000, 0x0000, 0x0000, 0x0000, 0x0000, 0x0000, 0x0000, 0x0000, 0x0000, 0x0000,   // 0x0DD0 (3536) pixels
0x0000, 0x0000, 0x0000, 0x0000, 0x0000, 0x0000, 0x0000, 0x0000, 0x0000, 0x0000, 0x0000, 0x0000, 0x0000, 0x0000, 0x0000, 0x0000,   // 0x0DE0 (3552) pixels
0x0000, 0x0000, 0x0000, 0x0000, 0x0000, 0x0000, 0x0000, 0x0000, 0x0000, 0x0000, 0x0000, 0x0000, 0x0000, 0x0000, 0x0000, 0x0000,   // 0x0DF0 (3568) pixels
0x0000, 0x0000, 0x0000, 0x0000, 0x0000, 0x0000, 0x0000, 0x0000, 0x0000, 0x0000, 0x0000, 0x0000, 0x0000, 0x0000, 0x0000, 0x0000,   // 0x0E00 (3584) pixels
0x0000, 0x0000, 0x0000, 0x0000, 0x0000, 0x0000, 0x0000, 0x0000, 0x0000, 0x0000, 0x0000, 0x0000, 0x0000, 0x0000, 0x0000, 0x0000,   // 0x0E10 (3600) pixels
0x0000, 0x0000, 0x0000, 0x0000, 0x0000, 0x0000, 0x0000, 0x0000, 0x0000, 0x0000, 0x0000, 0x0000, 0x0000, 0x0000, 0x0000, 0x0000,   // 0x0E20 (3616) pixels
0x0000, 0x0000, 0x0000, 0x0000, 0x0000, 0x0000, 0x0000, 0x0000, 0x0000, 0x0000, 0x0000, 0x0000, 0x0000, 0x0000, 0x0000, 0x0000,   // 0x0E30 (3632) pixels
0x0000, 0x0000, 0x0000, 0x0000, 0x0000, 0x0000, 0x0000, 0x0000, 0x0000, 0x0000, 0x0000, 0x0000, 0x0000, 0x0000, 0x0000, 0x0000,   // 0x0E40 (3648) pixels
0x0000, 0x0000, 0x0000, 0x0000, 0x0000, 0x0000, 0x0000, 0x0000, 0x0000, 0x0000, 0x0000, 0x0000, 0x0000, 0x0000, 0x0000, 0x0000,   // 0x0E50 (3664) pixels
0x0000, 0x0000, 0x0000, 0x0000, 0x0000, 0x0000, 0x0000, 0x0000, 0x0000, 0x0000, 0x0000, 0x0000, 0x0000, 0x0000, 0x0000, 0x0000,   // 0x0E60 (3680) pixels
0x0000, 0x0000, 0x0000, 0x0000, 0x0000, 0x0000, 0x0000, 0x0000, 0x0000, 0x0000, 0x0000, 0x0000, 0x0000, 0x0000, 0x0000, 0x0000,   // 0x0E70 (3696) pixels
0x0000, 0x0000, 0x0000, 0x0000, 0x0000, 0x0000, 0x0000, 0x0000, 0x0000, 0x0000, 0x0000, 0x0000, 0x0000, 0x0000, 0x0000, 0x0000,   // 0x0E80 (3712) pixels
0x0000, 0x0000, 0x0000, 0x0000, 0x0000, 0x0000, 0x0000, 0x0000, 0x0000, 0x0000, 0x0000, 0x0000, 0x0000, 0x0000, 0x0000, 0x0000,   // 0x0E90 (3728) pixels
0x0000, 0x0000, 0x0000, 0x0000, 0x0000, 0x0000, 0x0000, 0x0000, 0x0000, 0x0000, 0x0000, 0x0000, 0x0000, 0x0000, 0x0000, 0x0000,   // 0x0EA0 (3744) pixels
0x0000, 0x0000, 0x0000, 0x0000, 0x0000, 0x0000, 0x0000, 0x0000, 0x0000, 0x0000, 0x0000, 0x0000, 0x0000, 0x0000, 0x0000, 0x0000,   // 0x0EB0 (3760) pixels
0x0000, 0x0000, 0x0000, 0x0000, 0x0000, 0x0000, 0x0000, 0x0000, 0x0000, 0x0000, 0x0000, 0x0000, 0x0000, 0x0000, 0x0000, 0x0000,   // 0x0EC0 (3776) pixels
0x0000, 0x0000, 0x0000, 0x0000, 0x0000, 0x0000, 0x0000, 0x0000, 0x0000, 0x0000, 0x0000, 0x0000, 0x0000, 0x0000, 0x0000, 0x0000,   // 0x0ED0 (3792) pixels
0x0000, 0x0000, 0x0000, 0x0000, 0x0000, 0x0000, 0x0000, 0x0000, 0x0000, 0x0000, 0x0000, 0x0000, 0x0000, 0x0000, 0x0000, 0x0000,   // 0x0EE0 (3808) pixels
0x0000, 0x0000, 0x0000, 0x0000, 0x0000, 0x0000, 0x0000, 0x0000, 0x0000, 0x0000, 0x0000, 0x0000, 0x0000, 0x0000, 0x0000, 0x0000,   // 0x0EF0 (3824) pixels
0x0000, 0x0000, 0x0000, 0x0000, 0x0000, 0x0000, 0x0000, 0x0000, 0x0000, 0x0000, 0x0000, 0x0000, 0x0000, 0x0000, 0x0000, 0x0000,   // 0x0F00 (3840) pixels
0x0000, 0x0000, 0x0000, 0x0000, 0x0000, 0x0000, 0x0000, 0x0000, 0x0000, 0x0000, 0x0000, 0x0000, 0x0000, 0x0000, 0x0000, 0x0000,   // 0x0F10 (3856) pixels
0x0000, 0x0000, 0x0000, 0x0000, 0x0000, 0x0000, 0x0000, 0x0000, 0x0000, 0x0000, 0x0000, 0x0000, 0x0000, 0x0000, 0x0000, 0x0000,   // 0x0F20 (3872) pixels
0x0000, 0x0000, 0x0000, 0x0000, 0x0000, 0x0000, 0x0000, 0x0000, 0x0000, 0x0000, 0x0000, 0x0000, 0x0000, 0x0000, 0x0000, 0x0000,   // 0x0F30 (3888) pixels
0x0000, 0x0000, 0x0000, 0x0000, 0x0000, 0x0000, 0x0000, 0x0000, 0x0000, 0x0000, 0x0000, 0x0000, 0x0000, 0x0000, 0x0000, 0x0000,   // 0x0F40 (3904) pixels
0x0000, 0x0000, 0x0000, 0x0000, 0x0000, 0x0000, 0x0000, 0x0000, 0x0000, 0x0000, 0x0000, 0x0000, 0x0000, 0x0000, 0x0000, 0x0000,   // 0x0F50 (3920) pixels
0x0000, 0x0000, 0x0000, 0x0000, 0x0000, 0x0000, 0x0000, 0x0000, 0x0000, 0x0000, 0x0000, 0x0000, 0x0000, 0x0000, 0x0000, 0x0000,   // 0x0F60 (3936) pixels
0x0000, 0x0000, 0x0000, 0x0000, 0x0000, 0x0000, 0x0000, 0x0000, 0x0000, 0x0000, 0x0000, 0x0000, 0x0000, 0x0000, 0x0000, 0x0000,   // 0x0F70 (3952) pixels
0x0000, 0x0000, 0x0000, 0x0000, 0x0000, 0x0000, 0x0000, 0x0000, 0x0000, 0x0000, 0x0000, 0x0000, 0x0000, 0x0000, 0x0000, 0x0000,   // 0x0F80 (3968) pixels
0x0000, 0x0000, 0x0000, 0x0000, 0x0000, 0x0000, 0x0000, 0x0000, 0x0000, 0x0000, 0x0000, 0x0000, 0x0000, 0x0000, 0x0000, 0x0000,   // 0x0F90 (3984) pixels
0x0000, 0x0000, 0x0000, 0x0000, 0x0000, 0x0000, 0x0000, 0x0000, 0x0000, 0x0000, 0x0000, 0x0000, 0x0000, 0x0000, 0x0000, 0x0000,   // 0x0FA0 (4000) pixels
0x0000, 0x0000, 0x0000, 0x0000, 0x0000, 0x0000, 0x0000, 0x0000, 0x0000, 0x0000, 0x0000, 0x0000, 0x0000, 0x0000, 0x0000, 0x0000,   // 0x0FB0 (4016) pixels
0x0000, 0x0000, 0x0000, 0x0000, 0x0000, 0x0000, 0x0000, 0x0000, 0x0000, 0x0000, 0x0000, 0x0000, 0x0000, 0x0000, 0x0000, 0x0000,   // 0x0FC0 (4032) pixels
0x0000, 0x0000, 0x0000, 0x0000, 0x0000, 0x0000, 0x0000, 0x0000, 0x0000, 0x0000, 0x0000, 0x0000, 0x0000, 0x0000, 0x0000, 0x0000,   // 0x0FD0 (4048) pixels
0x0000, 0x0000, 0x0000, 0x0000, 0x0000, 0x0000, 0x0000, 0x0000, 0x0000, 0x0000, 0x0000, 0x0000, 0x0000, 0x0000, 0x0000, 0x0000,   // 0x0FE0 (4064) pixels
0x0000, 0x0000, 0x0000, 0x0000, 0x0000, 0x0000, 0x0000, 0x0000, 0x0000, 0x0000, 0x0000, 0x0000, 0x0000, 0x0000, 0x0000, 0x0000,   // 0x0FF0 (4080) pixels
0x0000, 0x0000, 0x0000, 0x0000, 0x0000, 0x0000, 0x0000, 0x0000, 0x0000, 0x0000, 0x0000, 0x0000, 0x0000, 0x0000, 0x0000, 0x0000,   // 0x1000 (4096) pixels
0x0000, 0x0000, 0x0000, 0x0000, 0x0000, 0x0000, 0x0000, 0x0000, 0x0000, 0x0000, 0x0000, 0x0000, 0x0000, 0x0000, 0x0000, 0x0000,   // 0x1010 (4112) pixels
0x0000, 0x0000, 0x0000, 0x0000, 0x0000, 0x0000, 0x0000, 0x0000, 0x0000, 0x0000, 0x0000, 0x0000, 0x0000, 0x0000, 0x0000, 0x0000,   // 0x1020 (4128) pixels
0x0000, 0x0000, 0x0000, 0x0000, 0x0000, 0x0000, 0x0000, 0x0000, 0x0000, 0x0000, 0x0000, 0x0000, 0x0000, 0x0000, 0x0000, 0x0000,   // 0x1030 (4144) pixels
0x0000, 0x0000, 0x0000, 0x0000, 0x0000, 0x0000, 0x0000, 0x0000, 0x0000, 0x0000, 0x0000, 0x0000, 0x0000, 0x0000, 0x0000, 0x0000,   // 0x1040 (4160) pixels
0x0000, 0x0000, 0x0000, 0x0000, 0x0000, 0x0000, 0x0000, 0x0000, 0x0000, 0x0000, 0x0000, 0x0000, 0x0000, 0x0000, 0x0000, 0x0000,   // 0x1050 (4176) pixels
0x0000, 0x0000, 0x0000, 0x0000, 0x0000, 0x0000, 0x0000, 0x0000, 0x0000, 0x0000, 0x0000, 0x0000, 0x0000, 0x0000, 0x0000, 0x0000,   // 0x1060 (4192) pixels
0x0000, 0x0000, 0x0000, 0x0000, 0x0000, 0x0000, 0x0000, 0x0000, 0x0000, 0x0000, 0x0000, 0x0000, 0x0000, 0x0000, 0x0000, 0x0000,   // 0x1070 (4208) pixels
0x0000, 0x0000, 0x0000, 0x0000, 0x0000, 0x0000, 0x0000, 0x0000, 0x0000, 0x0000, 0x0000, 0x0000, 0x0000, 0x0000, 0x0000, 0x0000,   // 0x1080 (4224) pixels
0x0000, 0x0000, 0x0000, 0x0000, 0x0000, 0x0000, 0x0000, 0x0000, 0x0000, 0x0000, 0x0000, 0x0000, 0x0000, 0x0000, 0x0000, 0x0000,   // 0x1090 (4240) pixels
0x0000, 0x0000, 0x0000, 0x0000, 0x0000, 0x0000, 0x0000, 0x0000, 0x0000, 0x0000, 0x0000, 0x0000, 0x0000, 0x0000, 0x0000, 0x0000,   // 0x10A0 (4256) pixels
0x0000, 0x0000, 0x0000, 0x0000, 0x0000, 0x0000, 0x0000, 0x0000, 0x0000, 0x0000, 0x0000, 0x0000, 0x0000, 0x0000, 0x0000, 0x0000,   // 0x10B0 (4272) pixels
0x0000, 0x0000, 0x0000, 0x0000, 0x0000, 0x0000, 0x0000, 0x0000, 0x0000, 0x0000, 0x0000, 0x0000, 0x0000, 0x0000, 0x0000, 0x0000,   // 0x10C0 (4288) pixels
0x0000, 0x0000, 0x0000, 0x0000, 0x0000, 0x0000, 0x0000, 0x0000, 0x0000, 0x0000, 0x0000, 0x0000, 0x0000, 0x0000, 0x0000, 0x0000,   // 0x10D0 (4304) pixels
0x0000, 0x0000, 0x0000, 0x0000, 0x0000, 0x0000, 0x0000, 0x0000, 0x0000, 0x0000, 0x0000, 0x0000, 0x0000, 0x0000, 0x0000, 0x0000,   // 0x10E0 (4320) pixels
0x0000, 0x0000, 0x0000, 0x0000, 0x0000, 0x0000, 0x0000, 0x0000, 0x0000, 0x0000, 0x0000, 0x0000, 0x0000, 0x0000, 0x0000, 0x0000,   // 0x10F0 (4336) pixels
0x0000, 0x0000, 0x0000, 0x0000, 0x0000, 0x0000, 0x0000, 0x0000, 0x0000, 0x0000, 0x0000, 0x0000, 0x0000, 0x0000, 0x0000, 0x0000,   // 0x1100 (4352) pixels
0x0000, 0x0000, 0x0000, 0x0000, 0x0000, 0x0000, 0x0000, 0x0000, 0x0000, 0x0000, 0x0000, 0x0000, 0x0000, 0x0000, 0x0000, 0x0000,   // 0x1110 (4368) pixels
0x0000, 0x0000, 0x0000, 0x0000, 0x0000, 0x0000, 0x0000, 0x0000, 0x0000, 0x0000, 0x0000, 0x0000, 0x0000, 0x0000, 0x0000, 0x0000,   // 0x1120 (4384) pixels
0x0000, 0x0000, 0x0000, 0x0000, 0x0000, 0x0000, 0x0000, 0x0000, 0x0000, 0x0000, 0x0000, 0x0000, 0x0000, 0x0000, 0x0000, 0x0000,   // 0x1130 (4400) pixels
0x0000, 0x0000, 0x0000, 0x0000, 0x0000, 0x0000, 0x0000, 0x0000, 0x0000, 0x0000, 0x0000, 0x0000, 0x0000, 0x0000, 0x0000, 0x0000,   // 0x1140 (4416) pixels
0x0000, 0x0000, 0x0000, 0x0000, 0x0000, 0x0000, 0x0000, 0x0000, 0x0000, 0x0000, 0x0000, 0x0000, 0x0000, 0x0000, 0x0000, 0x0000,   // 0x1150 (4432) pixels
0x0000, 0x0000, 0x0000, 0x0000, 0x0000, 0x0000, 0x0000, 0x0000, 0x0000, 0x0000, 0x0000, 0x0000, 0x0000, 0x0000, 0x0000, 0x0000,   // 0x1160 (4448) pixels
0x0000, 0x0000, 0x0000, 0x0000, 0x0000, 0x0000, 0x0000, 0x0000, 0x0000, 0x0000, 0x0000, 0x0000, 0x0000, 0x0000, 0x0000, 0x0000,   // 0x1170 (4464) pixels
0x0000, 0x0000, 0x0000, 0x0000, 0x0000, 0x0000, 0x0000, 0x0000, 0x0000, 0x0000, 0x0000, 0x0000, 0x0000, 0x0000, 0x0000, 0x0000,   // 0x1180 (4480) pixels
0x0000, 0x0000, 0x0000, 0x0000, 0x0000, 0x0000, 0x0000, 0x0000, 0x0000, 0x0000, 0x0000, 0x0000, 0x0000, 0x0000, 0x0000, 0x0000,   // 0x1190 (4496) pixels
0x0000, 0x0000, 0x0000, 0x0000, 0x0000, 0x0000, 0x0000, 0x0000, 0x0000, 0x0000, 0x0000, 0x0000, 0x0000, 0x0000, 0x0000, 0x0000,   // 0x11A0 (4512) pixels
0x0000, 0x0000, 0x0000, 0x0000, 0x0000, 0x0000, 0x0000, 0x0000, 0x0000, 0x0000, 0x0000, 0x0000, 0x0000, 0x0000, 0x0000, 0x0000,   // 0x11B0 (4528) pixels
0x0000, 0x0000, 0x0000, 0x0000, 0x0000, 0x0000, 0x0000, 0x0000, 0x0000, 0x0000, 0x0000, 0x0000, 0x0000, 0x0000, 0x0000, 0x0000,   // 0x11C0 (4544) pixels
0x0000, 0x0000, 0x0000, 0x0000, 0x0000, 0x0000, 0x0000, 0x0000, 0x0000, 0x0000, 0x0000, 0x0000, 0x0000, 0x0000, 0x0000, 0x0000,   // 0x11D0 (4560) pixels
0x0000, 0x0000, 0x0000, 0x0000, 0x0000, 0x0000, 0x0000, 0x0000, 0x0000, 0x0000, 0x0000, 0x0000, 0x0000, 0x0000, 0x0000, 0x0000,   // 0x11E0 (4576) pixels
0x0000, 0x0000, 0x0000, 0x0000, 0x0000, 0x0000, 0x0000, 0x0000, 0x0000, 0x0000, 0x0000, 0x0000, 0x0000, 0x0000, 0x0000, 0x0000,   // 0x11F0 (4592) pixels
0x0000, 0x0000, 0x0000, 0x0000, 0x0000, 0x0000, 0x0000, 0x0000, 0x0000, 0x0000, 0x0000, 0x0000, 0x0000, 0x0000, 0x0000, 0x0000,   // 0x1200 (4608) pixels
0x0000, 0x0000, 0x0000, 0x0000, 0x0000, 0x0000, 0x0000, 0x0000, 0x0000, 0x0000, 0x0000, 0x0000, 0x0000, 0x0000, 0x0000, 0x0000,   // 0x1210 (4624) pixels
0x0000, 0x0000, 0x0000, 0x0000, 0x0000, 0x0000, 0x0000, 0x0000, 0x0000, 0x0000, 0x0000, 0x0000, 0x0000, 0x0000, 0x0000, 0x0000,   // 0x1220 (4640) pixels
0x0000, 0x0000, 0x0000, 0x0000, 0x0000, 0x0000, 0x0000, 0x0000, 0x0000, 0x0000, 0x0000, 0x0000, 0x0000, 0x0000, 0x0000, 0x0000,   // 0x1230 (4656) pixels
0x0000, 0x0000, 0x0000, 0x0000, 0x0000, 0x0000, 0x0000, 0x0000, 0x0000, 0x0000, 0x0000, 0x0000, 0x0000, 0x0000, 0x0000, 0x0000,   // 0x1240 (4672) pixels
0x0000, 0x0000, 0x0000, 0x0000, 0x0000, 0x0000, 0x0000, 0x0000, 0x0000, 0x0000, 0x0000, 0x0000, 0x0000, 0x0000, 0x0000, 0x0000,   // 0x1250 (4688) pixels
0x0000, 0x0000, 0x0000, 0x0000, 0x0000, 0x0000, 0x0000, 0x0000, 0x0000, 0x0000, 0x0000, 0x0000, 0x0000, 0x0000, 0x0000, 0x0000,   // 0x1260 (4704) pixels
0x0000, 0x0000, 0x0000, 0x0000, 0x0000, 0x0000, 0x0000, 0x0000, 0x0000, 0x0000, 0x0000, 0x0000, 0x0000, 0x0000, 0x0000, 0x0000,   // 0x1270 (4720) pixels
0x0000, 0x0000, 0x0000, 0x0000, 0x0000, 0x0000, 0x0000, 0x0000, 0x0000, 0x0000, 0x0000, 0x0000, 0x0000, 0x0000, 0x0000, 0x0000,   // 0x1280 (4736) pixels
0x0000, 0x0000, 0x0000, 0x0000, 0x0000, 0x0000, 0x0000, 0x0000, 0x0000, 0x0000, 0x0000, 0x0000, 0x0000, 0x0000, 0x0000, 0x0000,   // 0x1290 (4752) pixels
0x0000, 0x0000, 0x0000, 0x0000, 0x0000, 0x0000, 0x0000, 0x0000, 0x0000, 0x0000, 0x0000, 0x0000, 0x0000, 0x0000, 0x0000, 0x0000,   // 0x12A0 (4768) pixels
0x0000, 0x0000, 0x0000, 0x0000, 0x0000, 0x0000, 0x0000, 0x0000, 0x0000, 0x0000, 0x0000, 0x0000, 0x0000, 0x0000, 0x0000, 0x0000,   // 0x12B0 (4784) pixels
0x0000, 0x0000, 0x0000, 0x0000, 0x0000, 0x0000, 0x0000, 0x0000, 0x0000, 0x0000, 0x0000, 0x0000, 0x0000, 0x0000, 0x0000, 0x0000,   // 0x12C0 (4800) pixels
0x0000, 0x0000, 0x0000, 0x0000, 0x0000, 0x0000, 0x0000, 0x0000, 0x0000, 0x0000, 0x0000, 0x0000, 0x0000, 0x0000, 0x0000, 0x0000,   // 0x12D0 (4816) pixels
0x0000, 0x0000, 0x0000, 0x0000, 0x0000, 0x0000, 0x0000, 0x0000, 0x0000, 0x0000, 0x0000, 0x0000, 0x0000, 0x0000, 0x0000, 0x0000,   // 0x12E0 (4832) pixels
0x0000, 0x0000, 0x0000, 0x0000, 0x0000, 0x0000, 0x0000, 0x0000, 0x0000, 0x0000, 0x0000, 0x0000, 0x0000, 0x0000, 0x0000, 0x0000,   // 0x12F0 (4848) pixels
0x0000, 0x0000, 0x0000, 0x0000, 0x0000, 0x0000, 0x0000, 0x0000, 0x0000, 0x0000, 0x0000, 0x0000, 0x0000, 0x0000, 0x0000, 0x0000,   // 0x1300 (4864) pixels
0x0000, 0x0000, 0x0000, 0x0000, 0x0000, 0x0000, 0x0000, 0x0000, 0x0000, 0x0000, 0x0000, 0x0000, 0x0000, 0x0000, 0x0000, 0x0000,   // 0x1310 (4880) pixels
0x0000, 0x0000, 0x0000, 0x0000, 0x0000, 0x0000, 0x0000, 0x0000, 0x0000, 0x0000, 0x0000, 0x0000, 0x0000, 0x0000, 0x0000, 0x0000,   // 0x1320 (4896) pixels
0x0000, 0x0000, 0x0000, 0x0000, 0x0000, 0x0000, 0x0000, 0x0000, 0x0000, 0x0000, 0x0000, 0x0000, 0x0000, 0x0000, 0x0000, 0x0000,   // 0x1330 (4912) pixels
0x0000, 0x0000, 0x0000, 0x0000, 0x0000, 0x0000, 0x0000, 0x0000, 0x0000, 0x0000, 0x0000, 0x0000, 0x0000, 0x0000, 0x0000, 0x0000,   // 0x1340 (4928) pixels
0x0000, 0x0000, 0x0000, 0x0000, 0x0000, 0x0000, 0x0000, 0x0000, 0x0000, 0x0000, 0x0000, 0x0000, 0x0000, 0x0000, 0x0000, 0x0000,   // 0x1350 (4944) pixels
0x0000, 0x0000, 0x0000, 0x0000, 0x0000, 0x0000, 0x0000, 0x0000, 0x0000, 0x0000, 0x0000, 0x0000, 0x0000, 0x0000, 0x0000, 0x0000,   // 0x1360 (4960) pixels
0x0000, 0x0000, 0x0000, 0x0000, 0x0000, 0x0000, 0x0000, 0x0000, 0x0000, 0x0000, 0x0000, 0x0000, 0x0000, 0x0000, 0x0000, 0x0000,   // 0x1370 (4976) pixels
0x0000, 0x0000, 0x0000, 0x0000, 0x0000, 0x0000, 0x0000, 0x0000, 0x0000, 0x0000, 0x0000, 0x0000, 0x0000, 0x0000, 0x0000, 0x0000,   // 0x1380 (4992) pixels
0x0000, 0x0000, 0x0000, 0x0000, 0x0000, 0x0000, 0x0000, 0x0000, 0x0000, 0x0000, 0x0000, 0x0000, 0x0000, 0x0000, 0x0000, 0x0000,   // 0x1390 (5008) pixels
0x0000, 0x0000, 0x0000, 0x0000, 0x0000, 0x0000, 0x0000, 0x0000, 0x0000, 0x0000, 0x0000, 0x0000, 0x0000, 0x0000, 0x0000, 0x0000,   // 0x13A0 (5024) pixels
0x0000, 0x0000, 0x0000, 0x0000, 0x0000, 0x0000, 0x0000, 0x0000, 0x0000, 0x0000, 0x0000, 0x0000, 0x0000, 0x0000, 0x0000, 0x0000,   // 0x13B0 (5040) pixels
0x0000, 0x0000, 0x0000, 0x0000, 0x0000, 0x0000, 0x0000, 0x0000, 0x0000, 0x0000, 0x0000, 0x0000, 0x0000, 0x0000, 0x0000, 0x0000,   // 0x13C0 (5056) pixels
0x0000, 0x0000, 0x0000, 0x0000, 0x0000, 0x0000, 0x0000, 0x0000, 0x0000, 0x0000, 0x0000, 0x0000, 0x0000, 0x0000, 0x0000, 0x0000,   // 0x13D0 (5072) pixels
0x0000, 0x0000, 0x0000, 0x0000, 0x0000, 0x0000, 0x0000, 0x0000, 0x0000, 0x0000, 0x0000, 0x0000, 0x0000, 0x0000, 0x0000, 0x0000,   // 0x13E0 (5088) pixels
0x0000, 0x0000, 0x0000, 0x0000, 0x0000, 0x0000, 0x0000, 0x0000, 0x0000, 0x0000, 0x0000, 0x0000, 0x0000, 0x0000, 0x0000, 0x0000,   // 0x13F0 (5104) pixels
0x0000, 0x0000, 0x0000, 0x0000, 0x0000, 0x0000, 0x0000, 0x0000, 0x0000, 0x0000, 0x0000, 0x0000, 0x0000, 0x0000, 0x0000, 0x0000,   // 0x1400 (5120) pixels
0x0000, 0x0000, 0x0000, 0x0000, 0x0000, 0x0000, 0x0000, 0x0000, 0x0000, 0x0000, 0x0000, 0x0000, 0x0000, 0x0000, 0x0000, 0x0000,   // 0x1410 (5136) pixels
0x0000, 0x0000, 0x0000, 0x0000, 0x0000, 0x0000, 0x0000, 0x0000, 0x0000, 0x0000, 0x0000, 0x0000, 0x0000, 0x0000, 0x0000, 0x0000,   // 0x1420 (5152) pixels
0x0000, 0x0000, 0x0000, 0x0000, 0x0000, 0x0000, 0x0000, 0x0000, 0x0000, 0x0000, 0x0000, 0x0000, 0x0000, 0x0000, 0x0000, 0x0000,   // 0x1430 (5168) pixels
0x0000, 0x0000, 0x0000, 0x0000, 0x0000, 0x0000, 0x0000, 0x0000, 0x0000, 0x0000, 0x0000, 0x0000, 0x0000, 0x0000, 0x0000, 0x0000,   // 0x1440 (5184) pixels
0x0000, 0x0000, 0x0000, 0x0000, 0x0000, 0x0000, 0x0000, 0x0000, 0x0000, 0x0000, 0x0000, 0x0000, 0x0000, 0x0000, 0x0000, 0x0000,   // 0x1450 (5200) pixels
0x0000, 0x0000, 0x0000, 0x0000, 0x0000, 0x0000, 0x0000, 0x0000, 0x0000, 0x0000, 0x0000, 0x0000, 0x0000, 0x0000, 0x0000, 0x0000,   // 0x1460 (5216) pixels
0x0000, 0x0000, 0x0000, 0x0000, 0x0000, 0x0000, 0x0000, 0x0000, 0x0000, 0x0000, 0x0000, 0x0000, 0x0000, 0x0000, 0x0000, 0x0000,   // 0x1470 (5232) pixels
0x0000, 0x0000, 0x0000, 0x0000, 0x0000, 0x0000, 0x0000, 0x0000, 0x0000, 0x0000, 0x0000, 0x0000, 0x0000, 0x0000, 0x0000, 0x0000,   // 0x1480 (5248) pixels
0x0000, 0x0000, 0x0000, 0x0000, 0x0000, 0x0000, 0x0000, 0x0000, 0x0000, 0x0000, 0x0000, 0x0000, 0x0000, 0x0000, 0x0000, 0x0000,   // 0x1490 (5264) pixels
0x0000, 0x0000, 0x0000, 0x0000, 0x0000, 0x0000, 0x0000, 0x0000, 0x0000, 0x0000, 0x0000, 0x0000, 0x0000, 0x0000, 0x0000, 0x0000,   // 0x14A0 (5280) pixels
0x0000, 0x0000, 0x0000, 0x0000, 0x0000, 0x0000, 0x0000, 0x0000, 0x0000, 0x0000, 0x0000, 0x0000, 0x0000, 0x0000, 0x0000, 0x0000,   // 0x14B0 (5296) pixels
0x0000, 0x0000, 0x0000, 0x0000, 0x0000, 0x0000, 0x0000, 0x0000, 0x0000, 0x0000, 0x0000, 0x0000, 0x0000, 0x0000, 0x0000, 0x0000,   // 0x14C0 (5312) pixels
0x0000, 0x0000, 0x0000, 0x0000, 0x0000, 0x0000, 0x0000, 0x0000, 0x0000, 0x0000, 0x0000, 0x0000, 0x0000, 0x0000, 0x0000, 0x0000,   // 0x14D0 (5328) pixels
0x0000, 0x0000, 0x0000, 0x0000, 0x0000, 0x0000, 0x0000, 0x0000, 0x0000, 0x0000, 0x0000, 0x0000, 0x0000, 0x0000, 0x0000, 0x0000,   // 0x14E0 (5344) pixels
0x0000, 0x0000, 0x0000, 0x0000, 0x0000, 0x0000, 0x0000, 0x0000, 0x0000, 0x0000, 0x0000, 0x0000, 0x0000, 0x0000, 0x0000, 0x0000,   // 0x14F0 (5360) pixels
0x0000, 0x0000, 0x0000, 0x0000, 0x0000, 0x0000, 0x0000, 0x0000, 0x0000, 0x0000, 0x0000, 0x0000, 0x0000, 0x0000, 0x0000, 0x0000,   // 0x1500 (5376) pixels
0x0000, 0x0000, 0x0000, 0x0000, 0x0000, 0x0000, 0x0000, 0x0000, 0x0000, 0x0000, 0x0000, 0x0000, 0x0000, 0x0000, 0x0000, 0x0000,   // 0x1510 (5392) pixels
0x0000, 0x0000, 0x0000, 0x0000, 0x0000, 0x0000, 0x0000, 0x0000, 0x0000, 0x0000, 0x0000, 0x0000, 0x0000, 0x0000, 0x0000, 0x0000,   // 0x1520 (5408) pixels
0x0000, 0x0000, 0x0000, 0x0000, 0x0000, 0x0000, 0x0000, 0x0000, 0x0000, 0x0000, 0x0000, 0x0000, 0x0000, 0x0000, 0x0000, 0x0000,   // 0x1530 (5424) pixels
0x0000, 0x0000, 0x0000, 0x0000, 0x0000, 0x0000, 0x0000, 0x0000, 0x0000, 0x0000, 0x0000, 0x0000, 0x0000, 0x0000, 0x0000, 0x0000,   // 0x1540 (5440) pixels
0x0000, 0x0000, 0x0000, 0x0000, 0x0000, 0x0000, 0x0000, 0x0000, 0x0000, 0x0000, 0x0000, 0x0000, 0x0000, 0x0000, 0x0000, 0x0000,   // 0x1550 (5456) pixels
0x0000, 0x0000, 0x0000, 0x0000, 0x0000, 0x0000, 0x0000, 0x0000, 0x0000, 0x0000, 0x0000, 0x0000, 0x0000, 0x0000, 0x0000, 0x0000,   // 0x1560 (5472) pixels
0x0000, 0x0000, 0x0000, 0x0000, 0x0000, 0x0000, 0x0000, 0x0000, 0x0000, 0x0000, 0x0000, 0x0000, 0x0000, 0x0000, 0x0000, 0x0000,   // 0x1570 (5488) pixels
0x0000, 0x0000, 0x0000, 0x0000, 0x0000, 0x0000, 0x0000, 0x0000, 0x0000, 0x0000, 0x0000, 0x0000, 0x0000, 0x0000, 0x0000, 0x0000,   // 0x1580 (5504) pixels
0x0000, 0x0000, 0x0000, 0x0000, 0x0000, 0x0000, 0x0000, 0x0000, 0x0000, 0x0000, 0x0000, 0x0000, 0x0000, 0x0000, 0x0000, 0x0000,   // 0x1590 (5520) pixels
0x0000, 0x0000, 0x0000, 0x0000, 0x0000, 0x0000, 0x0000, 0x0000, 0x0000, 0x0000, 0x0000, 0x0000, 0x0000, 0x0000, 0x0000, 0x0000,   // 0x15A0 (5536) pixels
0x0000, 0x0000, 0x0000, 0x0000, 0x0000, 0x0000, 0x0000, 0x0000, 0x0000, 0x0000, 0x0000, 0x0000, 0x0000, 0x0000, 0x0000, 0x0000,   // 0x15B0 (5552) pixels
0x0000, 0x0000, 0x0000, 0x0000, 0x0000, 0x0000, 0x0000, 0x0000, 0x0000, 0x0000, 0x0000, 0x0000, 0x0000, 0x0000, 0x0000, 0x0000,   // 0x15C0 (5568) pixels
0x0000, 0x0000, 0x0000, 0x0000, 0x0000, 0x0000, 0x0000, 0x0000, 0x0000, 0x0000, 0x0000, 0x0000, 0x0000, 0x0000, 0x0000, 0x0000,   // 0x15D0 (5584) pixels
0x0000, 0x0000, 0x0000, 0x0000, 0x0000, 0x0000, 0x0000, 0x0000, 0x0000, 0x0000, 0x0000, 0x0000, 0x0000, 0x0000, 0x0000, 0x0000,   // 0x15E0 (5600) pixels
0x0000, 0x0000, 0x0000, 0x0000, 0x0000, 0x0000, 0x0000, 0x0000, 0x0000, 0x0000, 0x0000, 0x0000, 0x0000, 0x0000, 0x0000, 0x0000,   // 0x15F0 (5616) pixels
0x0000, 0x0000, 0x0000, 0x0000, 0x0000, 0x0000, 0x0000, 0x0000, 0x0000, 0x0000, 0x0000, 0x08A3, 0x1125, 0x1186, 0x1166, 0x1166,   // 0x1600 (5632) pixels
0x1166, 0x1166, 0x1104, 0x0863, 0x0000, 0x0000, 0x0000, 0x0000, 0x0000, 0x0000, 0x0000, 0x0000, 0x0000, 0x0000, 0x0000, 0x0000,   // 0x1610 (5648) pixels
0x0000, 0x0000, 0x0000, 0x0000, 0x0000, 0x0000, 0x0000, 0x0000, 0x0000, 0x0000, 0x0000, 0x0000, 0x0000, 0x0000, 0x0000, 0x0000,   // 0x1620 (5664) pixels
0x0000, 0x0000, 0x0000, 0x0000, 0x0000, 0x0000, 0x0000, 0x0000, 0x0000, 0x0000, 0x0000, 0x0000, 0x0000, 0x0000, 0x0000, 0x0000,   // 0x1630 (5680) pixels
0x0000, 0x0000, 0x0000, 0x0000, 0x0000, 0x0000, 0x0000, 0x0000, 0x0000, 0x0000, 0x0000, 0x0000, 0x0000, 0x0000, 0x0000, 0x0000,   // 0x1640 (5696) pixels
0x0000, 0x0000, 0x0000, 0x0000, 0x0000, 0x0000, 0x0000, 0x0000, 0x0000, 0x0000, 0x0000, 0x0000, 0x0000, 0x0000, 0x0000, 0x0000,   // 0x1650 (5712) pixels
0x0000, 0x0000, 0x0000, 0x0000, 0x0000, 0x0000, 0x0000, 0x0861, 0x08E3, 0x08C3, 0x08C3, 0x08C3, 0x0000, 0x0000, 0x0000, 0x0000,   // 0x1660 (5728) pixels
0x0000, 0x0000, 0x0000, 0x0000, 0x0000, 0x0000, 0x0000, 0x0000, 0x0000, 0x0000, 0x0000, 0x0000, 0x0000, 0x0000, 0x0000, 0x0000,   // 0x1670 (5744) pixels
0x0000, 0x0000, 0x0000, 0x0000, 0x0000, 0x0000, 0x0000, 0x0000, 0x0000, 0x0000, 0x0000, 0x0000, 0x0000, 0x0000, 0x0000, 0x0000,   // 0x1680 (5760) pixels
0x0000, 0x0000, 0x0000, 0x0000, 0x0000, 0x0000, 0x0000, 0x0000, 0x0000, 0x0000, 0x0000, 0x0000, 0x0000, 0x0000, 0x0000, 0x0000,   // 0x1690 (5776) pixels
0x0000, 0x0000, 0x0000, 0x0000, 0x0000, 0x0000, 0x0000, 0x0000, 0x0000, 0x0000, 0x0000, 0x0000, 0x0000, 0x0000, 0x0000, 0x0000,   // 0x16A0 (5792) pixels
0x0000, 0x0000, 0x0000, 0x0000, 0x0000, 0x0000, 0x0000, 0x0000, 0x0000, 0x0000, 0x0000, 0x0000, 0x0000, 0x0000, 0x0000, 0x0000,   // 0x16B0 (5808) pixels
0x0000, 0x0000, 0x0000, 0x0000, 0x0000, 0x0000, 0x0000, 0x0000, 0x0000, 0x0000, 0x0000, 0x0000, 0x0000, 0x0000, 0x0000, 0x0000,   // 0x16C0 (5824) pixels
0x0861, 0x22AC, 0x33B0, 0x3C12, 0x3C33, 0x3C33, 0x3C33, 0x3C33, 0x3C33, 0x3C33, 0x3C32, 0x3BF1, 0x336F, 0x19C8, 0x0000, 0x0000,   // 0x16D0 (5840) pixels
0x0000, 0x0000, 0x0000, 0x0000, 0x0000, 0x0000, 0x0000, 0x0000, 0x0000, 0x0000, 0x0000, 0x0000, 0x0000, 0x0000, 0x0000, 0x0000,   // 0x16E0 (5856) pixels
0x0000, 0x0000, 0x0000, 0x0000, 0x0000, 0x0000, 0x0000, 0x0000, 0x0000, 0x0000, 0x0000, 0x0000, 0x0000, 0x0000, 0x0000, 0x0000,   // 0x16F0 (5872) pixels
0x0000, 0x0000, 0x0000, 0x0000, 0x0000, 0x0000, 0x0000, 0x0000, 0x0000, 0x0000, 0x0000, 0x0000, 0x0000, 0x0000, 0x0000, 0x0000,   // 0x1700 (5888) pixels
0x0000, 0x0000, 0x0000, 0x0000, 0x0000, 0x0000, 0x0000, 0x0000, 0x0000, 0x0000, 0x0000, 0x0000, 0x0000, 0x0000, 0x0000, 0x0000,   // 0x1710 (5904) pixels
0x0000, 0x0000, 0x0000, 0x0000, 0x0000, 0x0000, 0x0000, 0x0000, 0x0000, 0x0000, 0x0000, 0x0000, 0x0000, 0x0000, 0x0000, 0x226B,   // 0x1720 (5920) pixels
0x3C53, 0x3BF2, 0x3C11, 0x3C33, 0x1145, 0x0000, 0x0000, 0x0000, 0x0000, 0x0000, 0x0000, 0x0000, 0x0000, 0x0000, 0x0000, 0x0000,   // 0x1730 (5936) pixels
0x0000, 0x0000, 0x0000, 0x0000, 0x0000, 0x0000, 0x0000, 0x0000, 0x0000, 0x0000, 0x0000, 0x0000, 0x0000, 0x0000, 0x0000, 0x0000,   // 0x1740 (5952) pixels
0x0000, 0x0000, 0x0000, 0x0000, 0x0000, 0x0000, 0x0000, 0x0000, 0x0000, 0x0000, 0x0000, 0x0000, 0x0000, 0x0000, 0x0000, 0x0000,   // 0x1750 (5968) pixels
0x0000, 0x0000, 0x0000, 0x0000, 0x0000, 0x0000, 0x0000, 0x0000, 0x0000, 0x0000, 0x0000, 0x0000, 0x0000, 0x0000, 0x0000, 0x0000,   // 0x1760 (5984) pixels
0x0000, 0x0000, 0x0000, 0x0000, 0x0000, 0x0000, 0x0000, 0x0000, 0x0000, 0x0000, 0x0000, 0x0000, 0x0000, 0x0000, 0x0000, 0x0000,   // 0x1770 (6000) pixels
0x0000, 0x0000, 0x0000, 0x0000, 0x0000, 0x0000, 0x0000, 0x0000, 0x0000, 0x0000, 0x0000, 0x0000, 0x0000, 0x0000, 0x0000, 0x0000,   // 0x1780 (6016) pixels
0x0000, 0x0000, 0x0000, 0x0000, 0x0000, 0x0000, 0x0000, 0x08A2, 0x3BD1, 0x3C53, 0x3C12, 0x3BF2, 0x3BF1, 0x3BD1, 0x3BF1, 0x3BF1,   // 0x1790 (6032) pixels
0x3BF1, 0x3BF1, 0x3BF1, 0x3BF2, 0x3C12, 0x4474, 0x1A2A, 0x0000, 0x0000, 0x0000, 0x0000, 0x0000, 0x0000, 0x0000, 0x0000, 0x0000,   // 0x17A0 (6048) pixels
0x0000, 0x0000, 0x0000, 0x0000, 0x0000, 0x0000, 0x0000, 0x0000, 0x0000, 0x0000, 0x0000, 0x0000, 0x0000, 0x0000, 0x0000, 0x0000,   // 0x17B0 (6064) pixels
0x0000, 0x0000, 0x0000, 0x0000, 0x0000, 0x0000, 0x0000, 0x0000, 0x0000, 0x0000, 0x0000, 0x0000, 0x0000, 0x0000, 0x0000, 0x0000,   // 0x17C0 (6080) pixels
0x0000, 0x0000, 0x0000, 0x0000, 0x0000, 0x0000, 0x0000, 0x0000, 0x0000, 0x0000, 0x0000, 0x0000, 0x0000, 0x0000, 0x0000, 0x0000,   // 0x17D0 (6096) pixels
0x0000, 0x0000, 0x0000, 0x0000, 0x0000, 0x0000, 0x0000, 0x0000, 0x0000, 0x0000, 0x0000, 0x0000, 0x0000, 0x0000, 0x0000, 0x0000,   // 0x17E0 (6112) pixels
0x0000, 0x0000, 0x0000, 0x0000, 0x0000, 0x0000, 0x0000, 0x228B, 0x4494, 0x3C33, 0x3C33, 0x4474, 0x0925, 0x0000, 0x0000, 0x0000,   // 0x17F0 (6128) pixels
0x0000, 0x0000, 0x0000, 0x0000, 0x0000, 0x0000, 0x0000, 0x0000, 0x0000, 0x0000, 0x0000, 0x0000, 0x0000, 0x0000, 0x0000, 0x0000,   // 0x1800 (6144) pixels
0x0000, 0x0000, 0x0000, 0x0000, 0x0000, 0x0000, 0x0000, 0x0000, 0x0000, 0x0000, 0x0000, 0x0000, 0x0000, 0x0000, 0x0000, 0x0000,   // 0x1810 (6160) pixels
0x0000, 0x0000, 0x0000, 0x0000, 0x0000, 0x0000, 0x0000, 0x0000, 0x0000, 0x0000, 0x0000, 0x0000, 0x0000, 0x0000, 0x0000, 0x0000,   // 0x1820 (6176) pixels
0x0000, 0x0000, 0x0000, 0x0000, 0x0000, 0x0000, 0x0000, 0x0000, 0x0000, 0x0000, 0x0000, 0x0000, 0x0000, 0x0000, 0x0000, 0x0000,   // 0x1830 (6192) pixels
0x0000, 0x0000, 0x0000, 0x0000, 0x0000, 0x0000, 0x0000, 0x0000, 0x0000, 0x0000, 0x0000, 0x0000, 0x0000, 0x0000, 0x0000, 0x0000,   // 0x1840 (6208) pixels
0x0000, 0x0000, 0x0000, 0x0000, 0x0000, 0x0000, 0x0000, 0x0000, 0x0000, 0x0000, 0x0000, 0x0000, 0x0000, 0x0000, 0x0000, 0x2ACD,   // 0x1850 (6224) pixels
0x3C53, 0x3BD1, 0x3BF1, 0x3BF1, 0x3C12, 0x3C33, 0x3C32, 0x3C32, 0x3C32, 0x3C32, 0x3BF1, 0x3C12, 0x3BF1, 0x3BF1, 0x3C12, 0x08A2,   // 0x1860 (6240) pixels
0x0000, 0x0000, 0x0000, 0x0000, 0x0000, 0x0000, 0x0000, 0x0000, 0x0000, 0x0000, 0x0000, 0x0000, 0x0000, 0x0000, 0x0000, 0x0000,   // 0x1870 (6256) pixels
0x0000, 0x0000, 0x0000, 0x0000, 0x0000, 0x0000, 0x0000, 0x0000, 0x0000, 0x0000, 0x0000, 0x0000, 0x0000, 0x0000, 0x0000, 0x0000,   // 0x1880 (6272) pixels
0x0000, 0x0000, 0x0000, 0x0000, 0x0000, 0x0000, 0x0000, 0x0000, 0x0000, 0x0000, 0x0000, 0x0000, 0x0000, 0x0000, 0x0000, 0x0000,   // 0x1890 (6288) pixels
0x0000, 0x0000, 0x0000, 0x0000, 0x0000, 0x0000, 0x0000, 0x0000, 0x0000, 0x0000, 0x0000, 0x0000, 0x0000, 0x0000, 0x0000, 0x0000,   // 0x18A0 (6304) pixels
0x0000, 0x0000, 0x0000, 0x0000, 0x0000, 0x0000, 0x0000, 0x0000, 0x0000, 0x0000, 0x0000, 0x0000, 0x0000, 0x0000, 0x0000, 0x1166,   // 0x18B0 (6320) pixels
0x226A, 0x2229, 0x2249, 0x224A, 0x0082, 0x0000, 0x0000, 0x0000, 0x0000, 0x0000, 0x0000, 0x0000, 0x0000, 0x0000, 0x0000, 0x0000,   // 0x18C0 (6336) pixels
0x0000, 0x0000, 0x0000, 0x0000, 0x0000, 0x0000, 0x0000, 0x0000, 0x0000, 0x0000, 0x0000, 0x0000, 0x0000, 0x0000, 0x0000, 0x0000,   // 0x18D0 (6352) pixels
0x0000, 0x0000, 0x0000, 0x0000, 0x0000, 0x0000, 0x0000, 0x0000, 0x0000, 0x0000, 0x0000, 0x0000, 0x0000, 0x0000, 0x0000, 0x0000,   // 0x18E0 (6368) pixels
0x0000, 0x0000, 0x0000, 0x0000, 0x0000, 0x0000, 0x0000, 0x0000, 0x0000, 0x0000, 0x0000, 0x0000, 0x0000, 0x0000, 0x0000, 0x0000,   // 0x18F0 (6384) pixels
0x0000, 0x0000, 0x0000, 0x0000, 0x0000, 0x0000, 0x0000, 0x0000, 0x0000, 0x0000, 0x0000, 0x0000, 0x0000, 0x0000, 0x0000, 0x0000,   // 0x1900 (6400) pixels
0x0000, 0x0000, 0x0000, 0x0000, 0x0000, 0x0000, 0x0000, 0x0000, 0x0000, 0x0000, 0x0000, 0x0000, 0x0000, 0x0000, 0x0000, 0x0000,   // 0x1910 (6416) pixels
0x0000, 0x0000, 0x0000, 0x0000, 0x0000, 0x0000, 0x0000, 0x3BD1, 0x3C12, 0x3BF2, 0x3BF1, 0x3C12, 0x3BF1, 0x19E8, 0x1104, 0x0904,   // 0x1920 (6432) pixels
0x1125, 0x2AED, 0x3C12, 0x3BF1, 0x3BF1, 0x3BD1, 0x3C33, 0x19C7, 0x0000, 0x0000, 0x0000, 0x0000, 0x0000, 0x0000, 0x0000, 0x0000,   // 0x1930 (6448) pixels
0x0000, 0x0000, 0x0000, 0x0000, 0x0000, 0x0000, 0x0000, 0x0000, 0x0000, 0x0000, 0x0000, 0x0000, 0x0000, 0x0000, 0x0000, 0x0000,   // 0x1940 (6464) pixels
0x0000, 0x0082, 0x0000, 0x0000, 0x0000, 0x0000, 0x0000, 0x0000, 0x0000, 0x0000, 0x0000, 0x00A2, 0x0082, 0x0082, 0x0082, 0x0003,   // 0x1950 (6480) pixels
0x0000, 0x0000, 0x0000, 0x0000, 0x0000, 0x0000, 0x0000, 0x0000, 0x0000, 0x0000, 0x0000, 0x0000, 0x0000, 0x0000, 0x0000, 0x0082,   // 0x1960 (6496) pixels
0x00C3, 0x0000, 0x0000, 0x0000, 0x0000, 0x0000, 0x0000, 0x0000, 0x0000, 0x0000, 0x0000, 0x0082, 0x0082, 0x0082, 0x0082, 0x00A2,   // 0x1970 (6512) pixels
0x0000, 0x0000, 0x0000, 0x0000, 0x0000, 0x0000, 0x0000, 0x0000, 0x0000, 0x0000, 0x0000, 0x0000, 0x0000, 0x0000, 0x0000, 0x0000,   // 0x1980 (6528) pixels
0x0000, 0x0000, 0x0000, 0x0000, 0x0082, 0x0082, 0x0082, 0x0082, 0x0000, 0x0000, 0x0000, 0x0000, 0x0000, 0x0000, 0x0000, 0x0000,   // 0x1990 (6544) pixels
0x0000, 0x0000, 0x0000, 0x0082, 0x0082, 0x0082, 0x0082, 0x00A2, 0x0000, 0x0000, 0x0000, 0x0000, 0x0000, 0x0000, 0x0000, 0x0000,   // 0x19A0 (6560) pixels
0x0000, 0x0000, 0x0000, 0x0000, 0x0000, 0x0000, 0x0000, 0x0000, 0x0000, 0x0000, 0x0000, 0x0000, 0x0000, 0x0000, 0x0000, 0x0000,   // 0x19B0 (6576) pixels
0x0000, 0x0000, 0x0000, 0x0000, 0x0000, 0x0000, 0x0000, 0x0000, 0x0000, 0x0000, 0x0000, 0x0000, 0x0000, 0x0000, 0x0000, 0x0000,   // 0x19C0 (6592) pixels
0x0000, 0x0000, 0x0000, 0x0000, 0x0000, 0x0000, 0x0000, 0x0000, 0x0000, 0x0000, 0x0000, 0x0000, 0x0000, 0x0000, 0x0000, 0x0000,   // 0x19D0 (6608) pixels
0x0000, 0x0000, 0x0000, 0x0000, 0x0000, 0x0000, 0x0000, 0x0000, 0x0000, 0x0000, 0x0000, 0x0000, 0x0000, 0x0000, 0x08A3, 0x3C12,   // 0x19E0 (6624) pixels
0x3BF2, 0x3C12, 0x3BF1, 0x3C33, 0x228B, 0x0000, 0x0000, 0x0000, 0x0000, 0x0000, 0x3BF2, 0x3C53, 0x3C33, 0x3C32, 0x4494, 0x19E8,   // 0x19F0 (6640) pixels
0x0000, 0x334F, 0x336F, 0x336F, 0x3390, 0x2AED, 0x0000, 0x0000, 0x0000, 0x0000, 0x19E8, 0x33B0, 0x336F, 0x336F, 0x33B0, 0x11A7,   // 0x1A00 (6656) pixels
0x0000, 0x1104, 0x3390, 0x336F, 0x336F, 0x334F, 0x1166, 0x2AED, 0x3BD1, 0x3BF1, 0x33B0, 0x334E, 0x0904, 0x0000, 0x0000, 0x0000,   // 0x1A10 (6672) pixels
0x1166, 0x2B0D, 0x3390, 0x3BD1, 0x3BD1, 0x3BD1, 0x3BD1, 0x3BD1, 0x336F, 0x2AED, 0x1125, 0x0000, 0x0000, 0x0000, 0x0000, 0x2ACC,   // 0x1A20 (6688) pixels
0x3390, 0x334F, 0x33B0, 0x19E9, 0x1986, 0x334E, 0x3BB1, 0x3BF1, 0x3BD1, 0x336F, 0x2229, 0x0000, 0x0000, 0x0000, 0x0000, 0x0000,   // 0x1A30 (6704) pixels
0x1145, 0x2B0E, 0x3390, 0x3BD1, 0x3BD1, 0x3BD1, 0x3BD1, 0x3BD1, 0x3390, 0x2B0E, 0x1186, 0x0000, 0x0000, 0x0000, 0x0000, 0x1A09,   // 0x1A40 (6720) pixels
0x33B0, 0x336F, 0x336F, 0x33B0, 0x10E4, 0x0000, 0x0000, 0x0000, 0x08C3, 0x22AB, 0x336F, 0x3BD1, 0x3BD1, 0x3BD1, 0x3BD1, 0x3BD1,   // 0x1A50 (6736) pixels
0x33B0, 0x332E, 0x19E9, 0x0000, 0x0000, 0x0000, 0x0000, 0x0000, 0x1186, 0x2B2E, 0x33B0, 0x3BD1, 0x3BD1, 0x3BD1, 0x3BD1, 0x3BD1,   // 0x1A60 (6752) pixels
0x3390, 0x2AED, 0x1146, 0x0000, 0x0000, 0x0000, 0x0000, 0x0000, 0x0000, 0x0000, 0x0000, 0x0000, 0x0000, 0x0000, 0x0000, 0x0000,   // 0x1A70 (6768) pixels
0x0000, 0x0000, 0x0000, 0x0000, 0x0000, 0x0000, 0x0000, 0x0000, 0x0000, 0x0000, 0x0000, 0x0000, 0x0000, 0x0000, 0x0000, 0x0000,   // 0x1A80 (6784) pixels
0x0000, 0x0000, 0x0000, 0x0000, 0x0000, 0x0000, 0x0000, 0x0000, 0x0000, 0x0000, 0x0000, 0x0000, 0x0000, 0x0000, 0x0000, 0x0000,   // 0x1A90 (6800) pixels
0x0000, 0x0000, 0x0000, 0x0000, 0x0000, 0x0000, 0x0000, 0x0000, 0x0000, 0x0000, 0x0000, 0x0000, 0x0000, 0x0000, 0x0000, 0x0000,   // 0x1AA0 (6816) pixels
0x0000, 0x0000, 0x0000, 0x0000, 0x0000, 0x0000, 0x1146, 0x3C33, 0x3BF1, 0x3BF2, 0x3BF1, 0x3C53, 0x19E8, 0x0000, 0x0000, 0x0000,   // 0x1AB0 (6832) pixels
0x0000, 0x0000, 0x08E4, 0x1145, 0x1125, 0x1125, 0x1145, 0x0883, 0x0000, 0x2ACC, 0x4453, 0x3C12, 0x3C12, 0x3C33, 0x08C4, 0x0000,   // 0x1AC0 (6848) pixels
0x0000, 0x0000, 0x336F, 0x3C53, 0x3C12, 0x3C32, 0x3C12, 0x0863, 0x0000, 0x1125, 0x4453, 0x3C12, 0x3C32, 0x3C12, 0x3C12, 0x4453,   // 0x1AD0 (6864) pixels
0x3C12, 0x3BF2, 0x3C12, 0x4453, 0x3390, 0x0000, 0x0000, 0x1A09, 0x4453, 0x3C32, 0x3C12, 0x3C32, 0x3C32, 0x3C12, 0x3C32, 0x3C32,   // 0x1AE0 (6880) pixels
0x3C12, 0x3C33, 0x3C33, 0x1145, 0x0000, 0x0000, 0x0000, 0x336F, 0x3C53, 0x3C12, 0x3C32, 0x3BF1, 0x3C33, 0x4453, 0x3C32, 0x3C12,   // 0x1AF0 (6896) pixels
0x3C12, 0x3C12, 0x4474, 0x224A, 0x0000, 0x0000, 0x0000, 0x0905, 0x4473, 0x4453, 0x3C53, 0x3C33, 0x3C32, 0x3C12, 0x3C12, 0x3C12,   // 0x1B00 (6912) pixels
0x3C12, 0x3C32, 0x4473, 0x1A09, 0x0000, 0x0000, 0x0000, 0x226B, 0x4473, 0x3C12, 0x3C12, 0x4453, 0x0925, 0x0000, 0x0000, 0x08E3,   // 0x1B10 (6928) pixels
0x3BF1, 0x4453, 0x3C12, 0x3C12, 0x3C33, 0x4453, 0x4453, 0x3C12, 0x3C12, 0x3C12, 0x4473, 0x2B2E, 0x0000, 0x0000, 0x0000, 0x1187,   // 0x1B20 (6944) pixels
0x4494, 0x4453, 0x3C33, 0x3C33, 0x3C32, 0x3C12, 0x3C32, 0x3C12, 0x3C12, 0x3C33, 0x3C53, 0x1146, 0x0000, 0x0000, 0x0000, 0x0000,   // 0x1B30 (6960) pixels
0x0000, 0x0000, 0x0000, 0x0000, 0x0000, 0x0000, 0x0000, 0x0000, 0x0000, 0x0000, 0x0000, 0x0000, 0x0000, 0x0000, 0x0000, 0x0000,   // 0x1B40 (6976) pixels
0x0000, 0x0000, 0x0000, 0x0000, 0x0000, 0x0000, 0x0000, 0x0000, 0x0000, 0x0000, 0x0000, 0x0000, 0x0000, 0x0000, 0x0000, 0x0000,   // 0x1B50 (6992) pixels
0x0000, 0x0000, 0x0000, 0x0000, 0x0000, 0x0000, 0x0000, 0x0000, 0x0000, 0x0000, 0x0000, 0x0000, 0x0000, 0x0000, 0x0000, 0x0000,   // 0x1B60 (7008) pixels
0x0000, 0x0000, 0x0000, 0x0000, 0x0000, 0x0000, 0x0000, 0x0000, 0x0000, 0x0000, 0x0000, 0x0000, 0x0000, 0x0000, 0x1146, 0x3C33,   // 0x1B70 (7024) pixels
0x3BF1, 0x3BF2, 0x3BF1, 0x3C53, 0x1A09, 0x0000, 0x0000, 0x0000, 0x0000, 0x0000, 0x0000, 0x0000, 0x0000, 0x0000, 0x0000, 0x0000,   // 0x1B80 (7040) pixels
0x0000, 0x1125, 0x3C32, 0x3BF1, 0x3BF1, 0x3C33, 0x2229, 0x0000, 0x0000, 0x08A3, 0x3C12, 0x3BF1, 0x3BF1, 0x3C32, 0x2ACC, 0x0000,   // 0x1B90 (7056) pixels
0x0000, 0x1125, 0x3C32, 0x3BF1, 0x3BF1, 0x3BF2, 0x3BD1, 0x334E, 0x33B0, 0x3C12, 0x3BF1, 0x3BF1, 0x3C12, 0x0883, 0x0000, 0x3BD1,   // 0x1BA0 (7072) pixels
0x3C12, 0x3BF1, 0x3C12, 0x2B2E, 0x08E4, 0x08C3, 0x08E4, 0x334F, 0x3C12, 0x3BD1, 0x3C32, 0x2B2E, 0x0000, 0x0000, 0x0000, 0x334E,   // 0x1BB0 (7088) pixels
0x3C12, 0x3BF1, 0x3BF1, 0x3C12, 0x336F, 0x2B4E, 0x336F, 0x3C12, 0x3BF1, 0x3BF1, 0x3C12, 0x336F, 0x0000, 0x0000, 0x0000, 0x19C7,   // 0x1BC0 (7104) pixels
0x3390, 0x2B2E, 0x2B2E, 0x2B2E, 0x1145, 0x08C3, 0x08E3, 0x336F, 0x3C12, 0x3BF1, 0x3C12, 0x336F, 0x0000, 0x0000, 0x0000, 0x226A,   // 0x1BD0 (7120) pixels
0x3C33, 0x3BF1, 0x3BF1, 0x3C32, 0x1145, 0x0000, 0x0000, 0x226B, 0x4453, 0x3BD1, 0x3BF1, 0x3C12, 0x2B0D, 0x1A09, 0x224A, 0x3390,   // 0x1BE0 (7136) pixels
0x3C12, 0x3BF1, 0x3BF1, 0x3C33, 0x1104, 0x0000, 0x0000, 0x222A, 0x3390, 0x2B2E, 0x2B2E, 0x2B2D, 0x1124, 0x08C3, 0x08E4, 0x33B0,   // 0x1BF0 (7152) pixels
0x3C12, 0x3BD1, 0x3C32, 0x2B0E, 0x0000, 0x0000, 0x0000, 0x0000, 0x0000, 0x0000, 0x0000, 0x0000, 0x0000, 0x0000, 0x0000, 0x0000,   // 0x1C00 (7168) pixels
0x0000, 0x0000, 0x0000, 0x0000, 0x0000, 0x0000, 0x0000, 0x0000, 0x0000, 0x0000, 0x0000, 0x0000, 0x0000, 0x0000, 0x0000, 0x0000,   // 0x1C10 (7184) pixels
0x0000, 0x0000, 0x0000, 0x0000, 0x0000, 0x0000, 0x0000, 0x0000, 0x0000, 0x0000, 0x0000, 0x0000, 0x0000, 0x0000, 0x0000, 0x0000,   // 0x1C20 (7200) pixels
0x0000, 0x0000, 0x0000, 0x0000, 0x0000, 0x0000, 0x0000, 0x0000, 0x0000, 0x0000, 0x0000, 0x0000, 0x0000, 0x0000, 0x0000, 0x0000,   // 0x1C30 (7216) pixels
0x0000, 0x0000, 0x0000, 0x0000, 0x0000, 0x0000, 0x1146, 0x3C33, 0x3BF1, 0x3BF2, 0x3BF1, 0x3C53, 0x1A08, 0x0000, 0x0000, 0x0000,   // 0x1C40 (7232) pixels
0x0000, 0x0000, 0x0000, 0x0000, 0x0000, 0x0000, 0x0000, 0x0000, 0x0000, 0x0000, 0x336F, 0x3C12, 0x3BF1, 0x3C12, 0x336F, 0x0000,   // 0x1C50 (7248) pixels
0x0000, 0x19E8, 0x3C53, 0x3BF1, 0x3BF1, 0x3C33, 0x1125, 0x0000, 0x0000, 0x1125, 0x3C33, 0x3BF1, 0x3BF1, 0x3C53, 0x19E8, 0x0000,   // 0x1C60 (7264) pixels
0x08C4, 0x3C53, 0x3C33, 0x3C32, 0x4474, 0x1104, 0x08C3, 0x3C32, 0x3BF1, 0x3BF1, 0x3C53, 0x19C8, 0x0000, 0x0000, 0x0000, 0x222A,   // 0x1C70 (7280) pixels
0x3C33, 0x3BD1, 0x3C12, 0x336F, 0x0000, 0x0000, 0x0000, 0x334E, 0x3C32, 0x3BF1, 0x3C12, 0x338F, 0x0000, 0x0000, 0x0000, 0x2B2E,   // 0x1C80 (7296) pixels
0x3C32, 0x3BF1, 0x3C12, 0x33D0, 0x0000, 0x0000, 0x0000, 0x0000, 0x0000, 0x0000, 0x0000, 0x0104, 0x0000, 0x0000, 0x0000, 0x2B0D,   // 0x1C90 (7312) pixels
0x3C33, 0x3BF1, 0x3C12, 0x336F, 0x0000, 0x0000, 0x0000, 0x226B, 0x3C53, 0x3BF1, 0x3BF1, 0x3C33, 0x1146, 0x0000, 0x0000, 0x2B2E,   // 0x1CA0 (7328) pixels
0x3C32, 0x3BF1, 0x3C12, 0x3BD1, 0x0000, 0x0000, 0x0000, 0x1125, 0x3C12, 0x3BD1, 0x3BD1, 0x3C12, 0x19A7, 0x0000, 0x0000, 0x0000,   // 0x1CB0 (7344) pixels
0x0000, 0x0000, 0x0000, 0x0004, 0x0000, 0x0000, 0x0000, 0x2B0E, 0x3C32, 0x3BF1, 0x3C12, 0x334E, 0x0000, 0x0000, 0x0000, 0x0000,   // 0x1CC0 (7360) pixels
0x0000, 0x0000, 0x0000, 0x0000, 0x0000, 0x0000, 0x0000, 0x0000, 0x0000, 0x0000, 0x0000, 0x0000, 0x0000, 0x0000, 0x0000, 0x0000,   // 0x1CD0 (7376) pixels
0x0000, 0x0000, 0x0000, 0x0000, 0x0000, 0x0000, 0x0000, 0x0000, 0x0000, 0x0000, 0x0000, 0x0000, 0x0000, 0x0000, 0x0000, 0x0000,   // 0x1CE0 (7392) pixels
0x0000, 0x0000, 0x0000, 0x0000, 0x0000, 0x0000, 0x0000, 0x0000, 0x0000, 0x0000, 0x0000, 0x0000, 0x0000, 0x0000, 0x0000, 0x0000,   // 0x1CF0 (7408) pixels
0x0000, 0x0000, 0x0000, 0x0000, 0x0000, 0x0000, 0x0000, 0x0000, 0x0000, 0x0000, 0x0000, 0x0000, 0x0000, 0x0000, 0x1146, 0x3C53,   // 0x1D00 (7424) pixels
0x3BF1, 0x3BF2, 0x3BF1, 0x3C53, 0x19E8, 0x0000, 0x0000, 0x0000, 0x0000, 0x0000, 0x08E4, 0x1125, 0x10E4, 0x08E4, 0x1125, 0x08A4,   // 0x1D10 (7440) pixels
0x0000, 0x0000, 0x1A29, 0x3C53, 0x3BF1, 0x3BF1, 0x3C32, 0x08E4, 0x0000, 0x2B0E, 0x3C32, 0x3BF1, 0x3C12, 0x3390, 0x0000, 0x0000,   // 0x1D20 (7456) pixels
0x0000, 0x1125, 0x3C33, 0x3BF1, 0x3BF1, 0x3C32, 0x1125, 0x0000, 0x0000, 0x2ACC, 0x2AED, 0x2ACC, 0x332E, 0x0924, 0x00A2, 0x3C32,   // 0x1D30 (7472) pixels
0x3BF1, 0x3BF2, 0x3BF2, 0x3BD1, 0x33B1, 0x33D0, 0x33B1, 0x3BF1, 0x3C12, 0x3C12, 0x3C12, 0x3C12, 0x00C3, 0x0000, 0x0000, 0x334E,   // 0x1D40 (7488) pixels
0x3C32, 0x3BF1, 0x3C33, 0x22AB, 0x0000, 0x0000, 0x0000, 0x228B, 0x3C33, 0x3BF1, 0x3C12, 0x33B0, 0x0000, 0x0000, 0x0000, 0x00A2,   // 0x1D50 (7504) pixels
0x228B, 0x3390, 0x3BD1, 0x3BF2, 0x3BD1, 0x33B0, 0x2AAC, 0x336F, 0x3C12, 0x3BF1, 0x3C12, 0x336F, 0x0000, 0x0000, 0x0000, 0x226B,   // 0x1D60 (7520) pixels
0x3C53, 0x3BF1, 0x3BF1, 0x3C33, 0x1146, 0x0000, 0x0000, 0x338F, 0x3C12, 0x3BF1, 0x3C12, 0x33B1, 0x0000, 0x0000, 0x0000, 0x0000,   // 0x1D70 (7536) pixels
0x0061, 0x0061, 0x0082, 0x0061, 0x0000, 0x0000, 0x0000, 0x08A2, 0x22AC, 0x3390, 0x3BD1, 0x3BF2, 0x3BD1, 0x33B0, 0x226B, 0x334F,   // 0x1D80 (7552) pixels
0x3C12, 0x3BF1, 0x3C32, 0x334E, 0x0000, 0x0000, 0x0000, 0x0000, 0x0000, 0x0000, 0x0000, 0x0000, 0x0000, 0x0000, 0x0000, 0x0000,   // 0x1D90 (7568) pixels
0x0000, 0x0000, 0x0000, 0x0000, 0x0000, 0x0000, 0x0000, 0x0000, 0x0000, 0x0000, 0x0000, 0x0000, 0x0000, 0x0000, 0x0000, 0x0000,   // 0x1DA0 (7584) pixels
0x0000, 0x0000, 0x0000, 0x0000, 0x0000, 0x0000, 0x0000, 0x0000, 0x0000, 0x0000, 0x0000, 0x0000, 0x0000, 0x0000, 0x0000, 0x0000,   // 0x1DB0 (7600) pixels
0x0000, 0x0000, 0x0000, 0x0000, 0x0000, 0x0000, 0x0000, 0x0000, 0x0000, 0x0000, 0x0000, 0x0000, 0x0000, 0x0000, 0x0000, 0x0000,   // 0x1DC0 (7616) pixels
0x0000, 0x0000, 0x0000, 0x0000, 0x0000, 0x0000, 0x08E4, 0x3C12, 0x3BF1, 0x3C12, 0x3BF1, 0x3C53, 0x1A29, 0x0000, 0x0000, 0x0000,   // 0x1DD0 (7632) pixels
0x0000, 0x0000, 0x33B0, 0x3C53, 0x3C32, 0x3C12, 0x4473, 0x2AEC, 0x0000, 0x0000, 0x08C3, 0x3C12, 0x3BF2, 0x3BF1, 0x3C53, 0x224A,   // 0x1DE0 (7648) pixels
0x0000, 0x3BF2, 0x3C12, 0x3BF1, 0x3C53, 0x224A, 0x0000, 0x0000, 0x0000, 0x1125, 0x3C33, 0x3BF1, 0x3BF2, 0x3BF2, 0x0882, 0x0000,   // 0x1DF0 (7664) pixels
0x0000, 0x0000, 0x0000, 0x0000, 0x0000, 0x0000, 0x08E4, 0x3C12, 0x3BF1, 0x3BF2, 0x3C12, 0x33D1, 0x33B0, 0x33B0, 0x33B0, 0x33B0,   // 0x1E00 (7680) pixels
0x3390, 0x3390, 0x3390, 0x3390, 0x00E3, 0x0000, 0x0000, 0x334E, 0x3C32, 0x3BF1, 0x3C53, 0x224A, 0x0000, 0x0000, 0x0000, 0x2AAC,   // 0x1E10 (7696) pixels
0x3C33, 0x3BF1, 0x3C12, 0x33B0, 0x0000, 0x0000, 0x0000, 0x334E, 0x4473, 0x3C12, 0x3C12, 0x3C32, 0x3C12, 0x3C12, 0x3C53, 0x3C32,   // 0x1E20 (7712) pixels
0x3BF1, 0x3BF1, 0x3C12, 0x336F, 0x0000, 0x0000, 0x0000, 0x226B, 0x3C53, 0x3BF1, 0x3BF1, 0x3C33, 0x1146, 0x0000, 0x0000, 0x336F,   // 0x1E30 (7728) pixels
0x3C12, 0x3BF1, 0x3C12, 0x33D0, 0x0000, 0x0000, 0x0000, 0x0000, 0x0000, 0x0000, 0x0000, 0x0000, 0x0000, 0x0000, 0x0003, 0x33B0,   // 0x1E40 (7744) pixels
0x4453, 0x3C12, 0x3C12, 0x3C32, 0x3C12, 0x3C12, 0x4453, 0x3C12, 0x3BF1, 0x3BF1, 0x3C32, 0x334E, 0x0000, 0x0000, 0x0000, 0x0000,   // 0x1E50 (7760) pixels
0x0000, 0x0000, 0x0000, 0x0000, 0x0000, 0x0000, 0x0000, 0x0000, 0x0000, 0x0000, 0x0000, 0x0000, 0x0000, 0x0000, 0x0000, 0x0000,   // 0x1E60 (7776) pixels
0x0000, 0x0000, 0x0000, 0x0000, 0x0000, 0x0000, 0x0000, 0x0000, 0x0000, 0x0000, 0x0000, 0x0000, 0x0000, 0x0000, 0x0000, 0x0000,   // 0x1E70 (7792) pixels
0x0000, 0x0000, 0x0000, 0x0000, 0x0000, 0x0000, 0x0000, 0x0000, 0x0000, 0x0000, 0x0000, 0x0000, 0x0000, 0x0000, 0x0000, 0x0000,   // 0x1E80 (7808) pixels
0x0000, 0x0000, 0x0000, 0x0000, 0x0000, 0x0000, 0x0000, 0x0000, 0x0000, 0x0000, 0x0000, 0x0000, 0x0000, 0x0000, 0x0861, 0x3BF1,   // 0x1E90 (7824) pixels
0x3C12, 0x3C12, 0x3BF1, 0x3C12, 0x3390, 0x08A3, 0x0000, 0x0000, 0x0000, 0x19E8, 0x3C12, 0x3BF1, 0x3BF1, 0x3BF1, 0x3C33, 0x1A09,   // 0x1EA0 (7840) pixels
0x0000, 0x0000, 0x0000, 0x2AED, 0x3C33, 0x3BF1, 0x3C12, 0x336F, 0x19C8, 0x3C32, 0x3BF1, 0x3BF1, 0x3C12, 0x08C3, 0x0000, 0x0000,   // 0x1EB0 (7856) pixels
0x0000, 0x1125, 0x3C33, 0x3BF1, 0x3BF2, 0x3C12, 0x08A2, 0x0000, 0x0000, 0x0000, 0x0000, 0x0000, 0x0000, 0x0000, 0x08E3, 0x3C12,   // 0x1EC0 (7872) pixels
0x3BF1, 0x3BF1, 0x3C53, 0x19C8, 0x0000, 0x0000, 0x0000, 0x0000, 0x0000, 0x0000, 0x0000, 0x0000, 0x0000, 0x0000, 0x0000, 0x334E,   // 0x1ED0 (7888) pixels
0x3C32, 0x3BF1, 0x3C53, 0x224A, 0x0000, 0x0000, 0x0000, 0x2AAB, 0x3C33, 0x3BF1, 0x3C12, 0x33B0, 0x0000, 0x0000, 0x08E3, 0x3C32,   // 0x1EE0 (7904) pixels
0x3BF1, 0x3BF1, 0x3C32, 0x2ACC, 0x08C3, 0x08A2, 0x08A2, 0x336F, 0x3C12, 0x3BF1, 0x3C12, 0x336F, 0x0000, 0x0000, 0x0000, 0x226B,   // 0x1EF0 (7920) pixels
0x3C53, 0x3BF1, 0x3BF1, 0x3C33, 0x1146, 0x0000, 0x0000, 0x336F, 0x3C12, 0x3BF1, 0x3C12, 0x33B0, 0x0000, 0x0000, 0x0000, 0x08A2,   // 0x1F00 (7936) pixels
0x2B0D, 0x2ACC, 0x2ACC, 0x2B0D, 0x1145, 0x0000, 0x1104, 0x3C33, 0x3BF1, 0x3BF1, 0x3C32, 0x226B, 0x0883, 0x08A2, 0x0904, 0x33B0,   // 0x1F10 (7952) pixels
0x3C12, 0x3BF1, 0x3C32, 0x334E, 0x0000, 0x0000, 0x0000, 0x0000, 0x0000, 0x0000, 0x0000, 0x0000, 0x0000, 0x0000, 0x0000, 0x0000,   // 0x1F20 (7968) pixels
0x0000, 0x0000, 0x0000, 0x0000, 0x0000, 0x0000, 0x0000, 0x0000, 0x0000, 0x0000, 0x0000, 0x0000, 0x0000, 0x0000, 0x0000, 0x0000,   // 0x1F30 (7984) pixels
0x0000, 0x0000, 0x0000, 0x0000, 0x0000, 0x0000, 0x0000, 0x0000, 0x0000, 0x0000, 0x0000, 0x0000, 0x0000, 0x0000, 0x0000, 0x0000,   // 0x1F40 (8000) pixels
0x0000, 0x0000, 0x0000, 0x0000, 0x0000, 0x0000, 0x0000, 0x0000, 0x0000, 0x0000, 0x0000, 0x0000, 0x0000, 0x0000, 0x0000, 0x0000,   // 0x1F50 (8016) pixels
0x0000, 0x0000, 0x0000, 0x0000, 0x0000, 0x0000, 0x0000, 0x334E, 0x3C32, 0x3BF1, 0x3BF2, 0x3BF1, 0x3C12, 0x3BF1, 0x336F, 0x334F,   // 0x1F60 (8032) pixels
0x3390, 0x3C12, 0x3BF2, 0x3C12, 0x3BF2, 0x3BF1, 0x3C53, 0x1145, 0x0000, 0x0000, 0x0000, 0x1166, 0x3C33, 0x3BF1, 0x3BF2, 0x3BF1,   // 0x1F70 (8048) pixels
0x33D1, 0x3C12, 0x3BF1, 0x3C32, 0x2B2E, 0x0000, 0x0000, 0x0000, 0x0000, 0x1125, 0x3C33, 0x3BF1, 0x3BF2, 0x3C12, 0x08A2, 0x0000,   // 0x1F80 (8064) pixels
0x0000, 0x0000, 0x0000, 0x0000, 0x0000, 0x0000, 0x08A4, 0x3C12, 0x3BF1, 0x3BF1, 0x3C33, 0x222A, 0x0000, 0x0000, 0x0000, 0x1A09,   // 0x1F90 (8080) pixels
0x2ACC, 0x22AC, 0x2AAC, 0x224A, 0x0000, 0x0000, 0x0000, 0x334E, 0x3C32, 0x3BF1, 0x3C53, 0x224A, 0x0000, 0x0000, 0x0000, 0x2AAB,   // 0x1FA0 (8096) pixels
0x3C33, 0x3BF1, 0x3C12, 0x33B0, 0x0000, 0x0000, 0x08E4, 0x3C12, 0x3BF1, 0x3BF1, 0x3C53, 0x19E8, 0x0000, 0x0000, 0x0000, 0x2B0D,   // 0x1FB0 (8112) pixels
0x3C32, 0x3BF1, 0x3C12, 0x336F, 0x0000, 0x0000, 0x0000, 0x226B, 0x3C53, 0x3BF1, 0x3BF1, 0x3C33, 0x1145, 0x0000, 0x0000, 0x2B0D,   // 0x1FC0 (8128) pixels
0x3C32, 0x3BF1, 0x3BF2, 0x3BF1, 0x08E4, 0x0000, 0x0000, 0x222A, 0x4474, 0x3C32, 0x3C32, 0x4474, 0x19C8, 0x0000, 0x0925, 0x3C12,   // 0x1FD0 (8144) pixels
0x3BF1, 0x3BF1, 0x3C53, 0x19A7, 0x0000, 0x0000, 0x0000, 0x334F, 0x3C32, 0x3BF1, 0x3C32, 0x334E, 0x0000, 0x0000, 0x0000, 0x0000,   // 0x1FE0 (8160) pixels
0x0000, 0x0000, 0x0000, 0x0000, 0x0000, 0x0000, 0x0000, 0x0000, 0x0000, 0x0000, 0x0000, 0x0000, 0x0000, 0x0000, 0x0000, 0x0000,   // 0x1FF0 (8176) pixels
0x0000, 0x0000, 0x0000, 0x0000, 0x0000, 0x0000, 0x0000, 0x0000, 0x0000, 0x0000, 0x0000, 0x0000, 0x0000, 0x0000, 0x0000, 0x0000,   // 0x2000 (8192) pixels
0x0000, 0x0000, 0x0000, 0x0000, 0x0000, 0x0000, 0x0000, 0x0000, 0x0000, 0x0000, 0x0000, 0x0000, 0x0000, 0x0000, 0x0000, 0x0000,   // 0x2010 (8208) pixels
0x0000, 0x0000, 0x0000, 0x0000, 0x0000, 0x0000, 0x0000, 0x0000, 0x0000, 0x0000, 0x0000, 0x0000, 0x0000, 0x0000, 0x0000, 0x1166,   // 0x2020 (8224) pixels
0x3C53, 0x3C12, 0x3BF1, 0x3BF1, 0x3BF1, 0x3BF1, 0x3C12, 0x3C12, 0x3C12, 0x3BF1, 0x3BF1, 0x3BF1, 0x3BF1, 0x4453, 0x2B0D, 0x0000,   // 0x2030 (8240) pixels
0x0000, 0x0000, 0x0000, 0x0000, 0x33B0, 0x3C12, 0x3BF1, 0x3BF2, 0x3C12, 0x3BF2, 0x3BF1, 0x3C53, 0x19A8, 0x0000, 0x0000, 0x0000,   // 0x2040 (8256) pixels
0x0000, 0x1105, 0x3C32, 0x3BD1, 0x3BF1, 0x3BF2, 0x08C3, 0x0000, 0x0000, 0x0000, 0x0000, 0x0000, 0x0000, 0x0000, 0x0000, 0x334F,   // 0x2050 (8272) pixels
0x3C33, 0x3BD1, 0x3BF1, 0x3BF1, 0x2AED, 0x228B, 0x2AED, 0x3C12, 0x3C33, 0x3C12, 0x4494, 0x2AED, 0x0000, 0x0000, 0x0000, 0x332E,   // 0x2060 (8288) pixels
0x3C12, 0x3BD1, 0x3C32, 0x224A, 0x0000, 0x0000, 0x0000, 0x22AB, 0x3C32, 0x3BD1, 0x3BF2, 0x33B0, 0x0000, 0x0000, 0x08C3, 0x3C12,   // 0x2070 (8304) pixels
0x3BF1, 0x3BF1, 0x3BF1, 0x3BF1, 0x2AED, 0x228B, 0x2B0D, 0x3BF1, 0x3BF1, 0x3BF1, 0x3C12, 0x334F, 0x0000, 0x0000, 0x0000, 0x226B,   // 0x2080 (8320) pixels
0x3C32, 0x3BD1, 0x3BF1, 0x3C32, 0x1105, 0x0000, 0x0000, 0x19C8, 0x4473, 0x3BF1, 0x3BF1, 0x3BF1, 0x3BF1, 0x3370, 0x33B0, 0x3C12,   // 0x2090 (8336) pixels
0x3BD1, 0x3BD1, 0x3BF1, 0x3C12, 0x0883, 0x0000, 0x08E4, 0x3C33, 0x3BF1, 0x3BF1, 0x3BF2, 0x33B0, 0x2ACC, 0x228B, 0x2B0E, 0x3C12,   // 0x20A0 (8352) pixels
0x3BF1, 0x3BF1, 0x3C12, 0x332E, 0x0000, 0x0000, 0x0000, 0x0000, 0x0000, 0x0000, 0x0000, 0x0000, 0x0000, 0x0000, 0x0000, 0x0000,   // 0x20B0 (8368) pixels
0x0000, 0x0000, 0x0000, 0x0000, 0x0000, 0x0000, 0x0000, 0x0000, 0x0000, 0x0000, 0x0000, 0x0000, 0x0000, 0x0000, 0x0000, 0x0000,   // 0x20C0 (8384) pixels
0x0000, 0x0000, 0x0000, 0x0000, 0x0000, 0x0000, 0x0000, 0x0000, 0x0000, 0x0000, 0x0000, 0x0000, 0x0000, 0x0000, 0x0000, 0x0000,   // 0x20D0 (8400) pixels
0x0000, 0x0000, 0x0000, 0x0000, 0x0000, 0x0000, 0x0000, 0x0000, 0x0000, 0x0000, 0x0000, 0x0000, 0x0000, 0x0000, 0x0000, 0x0000,   // 0x20E0 (8416) pixels
0x0000, 0x0000, 0x0000, 0x0000, 0x0000, 0x0000, 0x0000, 0x0000, 0x11A7, 0x33D1, 0x3C33, 0x3C53, 0x3C53, 0x3C33, 0x3C32, 0x3C32,   // 0x20F0 (8432) pixels
0x3C32, 0x3C33, 0x3C53, 0x3C33, 0x3C12, 0x2ACC, 0x0000, 0x0000, 0x0000, 0x0000, 0x0000, 0x0000, 0x224B, 0x4494, 0x3C32, 0x3BF1,   // 0x2100 (8448) pixels
0x3BF2, 0x3BF2, 0x3C12, 0x3BD1, 0x0003, 0x0000, 0x0000, 0x0000, 0x0000, 0x1145, 0x4494, 0x3C33, 0x3C53, 0x4453, 0x08A3, 0x0000,   // 0x2110 (8464) pixels
0x0000, 0x0000, 0x0000, 0x0000, 0x0000, 0x0000, 0x0000, 0x08E4, 0x33B0, 0x3C53, 0x3C53, 0x3C33, 0x4474, 0x4474, 0x4473, 0x3C33,   // 0x2120 (8480) pixels
0x3C33, 0x3C33, 0x336F, 0x0082, 0x0000, 0x0000, 0x0000, 0x3390, 0x4474, 0x3C32, 0x4494, 0x228B, 0x0000, 0x0000, 0x0000, 0x2ACC,   // 0x2130 (8496) pixels
0x4494, 0x3C32, 0x4453, 0x3C12, 0x0000, 0x0000, 0x0000, 0x226A, 0x4453, 0x3C33, 0x3C33, 0x3C33, 0x4474, 0x4494, 0x3C33, 0x3C12,   // 0x2140 (8512) pixels
0x4453, 0x3C33, 0x4474, 0x33B0, 0x0000, 0x0000, 0x0000, 0x228B, 0x4494, 0x3C33, 0x3C33, 0x4494, 0x0925, 0x0000, 0x0000, 0x0000,   // 0x2150 (8528) pixels
0x2AED, 0x3C33, 0x3C53, 0x3C53, 0x3C33, 0x4453, 0x3C53, 0x3C33, 0x3C53, 0x3C53, 0x3C12, 0x19C8, 0x0000, 0x0000, 0x0000, 0x2AED,   // 0x2160 (8544) pixels
0x4453, 0x3C33, 0x3C32, 0x3C53, 0x4474, 0x4494, 0x3C32, 0x3C12, 0x4453, 0x3C33, 0x4474, 0x3370, 0x0000, 0x0000, 0x0000, 0x0000,   // 0x2170 (8560) pixels
0x0000, 0x0000, 0x0000, 0x0000, 0x0000, 0x0000, 0x0000, 0x0000, 0x0000, 0x0000, 0x0000, 0x0000, 0x0000, 0x0000, 0x0000, 0x0000,   // 0x2180 (8576) pixels
0x0000, 0x0000, 0x0000, 0x0000, 0x0000, 0x0000, 0x0000, 0x0000, 0x0000, 0x0000, 0x0000, 0x0000, 0x0000, 0x0000, 0x0000, 0x0000,   // 0x2190 (8592) pixels
0x0000, 0x0000, 0x0000, 0x0000, 0x0000, 0x0000, 0x0000, 0x0000, 0x0000, 0x0000, 0x0000, 0x0000, 0x0000, 0x0000, 0x0000, 0x0000,   // 0x21A0 (8608) pixels
0x0000, 0x0000, 0x0000, 0x0000, 0x0000, 0x0000, 0x0000, 0x0000, 0x0000, 0x0000, 0x0000, 0x0000, 0x0000, 0x0000, 0x0000, 0x0000,   // 0x21B0 (8624) pixels
0x0000, 0x0000, 0x1146, 0x1A09, 0x228B, 0x2AED, 0x2AED, 0x2AED, 0x2AED, 0x2ACC, 0x224A, 0x19A8, 0x08C3, 0x0000, 0x0000, 0x0000,   // 0x21C0 (8640) pixels
0x0000, 0x0000, 0x0000, 0x0000, 0x0082, 0x1987, 0x19A8, 0x3BF2, 0x3C12, 0x3BF1, 0x3C33, 0x22AB, 0x0000, 0x0000, 0x0000, 0x0000,   // 0x21D0 (8656) pixels
0x0000, 0x00A2, 0x226A, 0x224A, 0x224A, 0x224A, 0x0061, 0x0000, 0x0000, 0x0000, 0x0000, 0x0000, 0x0000, 0x0000, 0x0000, 0x0000,   // 0x21E0 (8672) pixels
0x0000, 0x1186, 0x224A, 0x228B, 0x2AED, 0x2ACC, 0x2AED, 0x226A, 0x2229, 0x1145, 0x0000, 0x0000, 0x0000, 0x0000, 0x0000, 0x19E8,   // 0x21F0 (8688) pixels
0x224A, 0x2229, 0x226B, 0x1146, 0x0000, 0x0000, 0x0000, 0x1187, 0x226B, 0x222A, 0x224A, 0x2209, 0x0000, 0x0000, 0x0000, 0x0000,   // 0x2200 (8704) pixels
0x1145, 0x226B, 0x2AED, 0x2AED, 0x2ACC, 0x1A29, 0x08E3, 0x19A7, 0x224A, 0x222A, 0x224A, 0x19E8, 0x0000, 0x0000, 0x0000, 0x1166,   // 0x2210 (8720) pixels
0x226B, 0x224A, 0x222A, 0x226A, 0x1082, 0x0000, 0x0000, 0x0000, 0x0000, 0x1124, 0x1A09, 0x224A, 0x2AEC, 0x2AED, 0x2AED, 0x2AAC,   // 0x2220 (8736) pixels
0x224A, 0x19E8, 0x08A2, 0x0000, 0x0000, 0x0000, 0x0000, 0x0000, 0x1166, 0x226A, 0x2AED, 0x2AED, 0x228B, 0x1A09, 0x08E3, 0x19C8,   // 0x2230 (8752) pixels
0x224A, 0x222A, 0x224A, 0x19E8, 0x0000, 0x0000, 0x0000, 0x0000, 0x0000, 0x0000, 0x0000, 0x0000, 0x0000, 0x0000, 0x0000, 0x0000,   // 0x2240 (8768) pixels
0x0000, 0x0000, 0x0000, 0x0000, 0x0000, 0x0000, 0x0000, 0x0000, 0x0000, 0x0000, 0x0000, 0x0000, 0x0000, 0x0000, 0x0000, 0x0000,   // 0x2250 (8784) pixels
0x0000, 0x0000, 0x0000, 0x0000, 0x0000, 0x0000, 0x0000, 0x0000, 0x0000, 0x0000, 0x0000, 0x0000, 0x0000, 0x0000, 0x0000, 0x0000,   // 0x2260 (8800) pixels
0x0000, 0x0000, 0x0000, 0x0000, 0x0000, 0x0000, 0x0000, 0x0000, 0x0000, 0x0000, 0x0000, 0x0000, 0x0000, 0x0000, 0x0000, 0x0000,   // 0x2270 (8816) pixels
0x0000, 0x0000, 0x0000, 0x0000, 0x0000, 0x0000, 0x0000, 0x0000, 0x0000, 0x0000, 0x0000, 0x0000, 0x0000, 0x0000, 0x0000, 0x0000,   // 0x2280 (8832) pixels
0x0000, 0x0000, 0x0000, 0x0000, 0x0000, 0x0000, 0x0000, 0x0000, 0x0000, 0x0000, 0x0000, 0x0000, 0x00A2, 0x0000, 0x222A, 0x3C32,   // 0x2290 (8848) pixels
0x3BF1, 0x3BF1, 0x3C32, 0x1104, 0x0000, 0x0000, 0x0000, 0x0000, 0x0000, 0x0000, 0x0000, 0x0000, 0x0000, 0x0000, 0x0000, 0x0000,   // 0x22A0 (8864) pixels
0x0000, 0x0000, 0x0000, 0x0000, 0x0000, 0x0000, 0x0000, 0x0000, 0x0000, 0x0000, 0x0000, 0x0000, 0x0000, 0x0000, 0x0000, 0x0000,   // 0x22B0 (8880) pixels
0x0000, 0x0000, 0x0000, 0x0000, 0x0000, 0x0000, 0x0000, 0x0000, 0x0000, 0x0000, 0x0000, 0x0000, 0x0000, 0x0000, 0x0000, 0x0000,   // 0x22C0 (8896) pixels
0x0000, 0x0000, 0x0000, 0x0000, 0x0000, 0x0000, 0x0000, 0x0000, 0x0000, 0x0000, 0x0000, 0x0000, 0x0000, 0x0000, 0x0000, 0x0000,   // 0x22D0 (8912) pixels
0x0000, 0x0000, 0x0000, 0x0000, 0x0000, 0x0000, 0x0000, 0x0000, 0x0000, 0x0000, 0x0000, 0x0000, 0x0000, 0x0000, 0x0000, 0x0000,   // 0x22E0 (8928) pixels
0x0000, 0x0000, 0x0000, 0x0000, 0x0000, 0x0000, 0x0000, 0x0000, 0x0000, 0x0000, 0x0000, 0x0000, 0x0000, 0x0000, 0x0000, 0x0000,   // 0x22F0 (8944) pixels
0x0000, 0x0000, 0x0000, 0x0000, 0x0000, 0x0000, 0x0000, 0x0000, 0x0000, 0x0000, 0x0000, 0x0000, 0x0000, 0x0000, 0x0000, 0x0000,   // 0x2300 (8960) pixels
0x0000, 0x0000, 0x0000, 0x0000, 0x0000, 0x0000, 0x0000, 0x0000, 0x0000, 0x0000, 0x0000, 0x0000, 0x0000, 0x0000, 0x0000, 0x0000,   // 0x2310 (8976) pixels
0x0000, 0x0000, 0x0000, 0x0000, 0x0000, 0x0000, 0x0000, 0x0000, 0x0000, 0x0000, 0x0000, 0x0000, 0x0000, 0x0000, 0x0000, 0x0000,   // 0x2320 (8992) pixels
0x0000, 0x0000, 0x0000, 0x0000, 0x0000, 0x0000, 0x0000, 0x0000, 0x0000, 0x0000, 0x0000, 0x0000, 0x0000, 0x0000, 0x0000, 0x0000,   // 0x2330 (9008) pixels
0x0000, 0x0000, 0x0000, 0x0000, 0x0000, 0x0000, 0x0000, 0x0000, 0x0000, 0x0000, 0x0000, 0x0000, 0x0000, 0x0000, 0x0000, 0x0000,   // 0x2340 (9024) pixels
0x0000, 0x0000, 0x0000, 0x0000, 0x0000, 0x0000, 0x0000, 0x0000, 0x0000, 0x0000, 0x0000, 0x0000, 0x0000, 0x0000, 0x0000, 0x0000,   // 0x2350 (9040) pixels
0x0000, 0x0000, 0x0000, 0x00A2, 0x33B0, 0x3BF1, 0x3C32, 0x3BF1, 0x3BD1, 0x4453, 0x334F, 0x0000, 0x0000, 0x0000, 0x0000, 0x0000,   // 0x2360 (9056) pixels
0x0000, 0x0000, 0x0000, 0x0000, 0x0000, 0x0000, 0x0000, 0x0000, 0x0000, 0x0000, 0x0000, 0x0000, 0x0000, 0x0000, 0x0000, 0x0000,   // 0x2370 (9072) pixels
0x0000, 0x0000, 0x0000, 0x0000, 0x0000, 0x0000, 0x0000, 0x0000, 0x0000, 0x0000, 0x0000, 0x0000, 0x0000, 0x0000, 0x0000, 0x0000,   // 0x2380 (9088) pixels
0x0000, 0x0000, 0x0000, 0x0000, 0x0000, 0x0000, 0x0000, 0x0000, 0x0000, 0x0000, 0x0000, 0x0000, 0x0000, 0x0000, 0x0000, 0x0000,   // 0x2390 (9104) pixels
0x0000, 0x0000, 0x0000, 0x0000, 0x0000, 0x0000, 0x0000, 0x0000, 0x0000, 0x0000, 0x0000, 0x0000, 0x0000, 0x0000, 0x0000, 0x0000,   // 0x23A0 (9120) pixels
0x0000, 0x0000, 0x0000, 0x0000, 0x0000, 0x0000, 0x0000, 0x0000, 0x0000, 0x0000, 0x0000, 0x0000, 0x0000, 0x0000, 0x0000, 0x0000,   // 0x23B0 (9136) pixels
0x0000, 0x0000, 0x0000, 0x0000, 0x0000, 0x0000, 0x0000, 0x0000, 0x0000, 0x0000, 0x0000, 0x0000, 0x0000, 0x0000, 0x0000, 0x0000,   // 0x23C0 (9152) pixels
0x0000, 0x0000, 0x0000, 0x0000, 0x0000, 0x0000, 0x0000, 0x0000, 0x0000, 0x0000, 0x0000, 0x0000, 0x0000, 0x0000, 0x0000, 0x0000,   // 0x23D0 (9168) pixels
0x0000, 0x0000, 0x0000, 0x0000, 0x0000, 0x0000, 0x0000, 0x0000, 0x0000, 0x0000, 0x0000, 0x0000, 0x0000, 0x0000, 0x0000, 0x0000,   // 0x23E0 (9184) pixels
0x0000, 0x0000, 0x0000, 0x0000, 0x0000, 0x0000, 0x0000, 0x0000, 0x0000, 0x0000, 0x0000, 0x0000, 0x0000, 0x0000, 0x0000, 0x0000,   // 0x23F0 (9200) pixels
0x0000, 0x0000, 0x0000, 0x0000, 0x0000, 0x0000, 0x0000, 0x0000, 0x0000, 0x0000, 0x0000, 0x0000, 0x0000, 0x0000, 0x0000, 0x0000,   // 0x2400 (9216) pixels
0x0000, 0x0000, 0x0000, 0x0000, 0x0000, 0x0000, 0x0000, 0x0000, 0x0000, 0x0000, 0x0000, 0x0000, 0x0000, 0x0000, 0x0000, 0x0000,   // 0x2410 (9232) pixels
0x0000, 0x0000, 0x0000, 0x0000, 0x0000, 0x0000, 0x0000, 0x0000, 0x0000, 0x0000, 0x0000, 0x0082, 0x3C32, 0x4453, 0x3C33, 0x3C53,   // 0x2420 (9248) pixels
0x3C53, 0x3390, 0x08C3, 0x0000, 0x0000, 0x0000, 0x0000, 0x0000, 0x0000, 0x0000, 0x0000, 0x0000, 0x0000, 0x0000, 0x0000, 0x0000,   // 0x2430 (9264) pixels
0x0000, 0x0000, 0x0000, 0x0000, 0x0000, 0x0000, 0x0000, 0x0000, 0x0000, 0x0000, 0x0000, 0x0000, 0x0000, 0x0000, 0x0000, 0x0000,   // 0x2440 (9280) pixels
0x0000, 0x0000, 0x0000, 0x0000, 0x0000, 0x0000, 0x0000, 0x0000, 0x0000, 0x0000, 0x0000, 0x0000, 0x0000, 0x0000, 0x0000, 0x0000,   // 0x2450 (9296) pixels
0x0000, 0x0000, 0x0000, 0x0000, 0x0000, 0x0000, 0x0000, 0x0000, 0x0000, 0x0000, 0x0000, 0x0000, 0x0000, 0x0000, 0x0000, 0x0000,   // 0x2460 (9312) pixels
0x0000, 0x0000, 0x0000, 0x0000, 0x0000, 0x0000, 0x0000, 0x0000, 0x0000, 0x0000, 0x0000, 0x0000, 0x0000, 0x0000, 0x0000, 0x0000,   // 0x2470 (9328) pixels
0x0000, 0x0000, 0x0000, 0x0000, 0x0000, 0x0000, 0x0000, 0x0000, 0x0000, 0x0000, 0x0000, 0x0000, 0x0000, 0x0000, 0x0000, 0x0000,   // 0x2480 (9344) pixels
0x0000, 0x0000, 0x0000, 0x0000, 0x0000, 0x0000, 0x0000, 0x0000, 0x0000, 0x0000, 0x0000, 0x0000, 0x0000, 0x0000, 0x0000, 0x0000,   // 0x2490 (9360) pixels
0x0000, 0x0000, 0x0000, 0x0000, 0x0000, 0x0000, 0x0000, 0x0000, 0x0000, 0x0000, 0x0000, 0x0000, 0x0000, 0x0000, 0x0000, 0x0000,   // 0x24A0 (9376) pixels
0x0000, 0x0000, 0x0000, 0x0000, 0x0000, 0x0000, 0x0000, 0x0000, 0x0000, 0x0000, 0x0000, 0x0000, 0x0000, 0x0000, 0x0000, 0x0000,   // 0x24B0 (9392) pixels
0x0000, 0x0000, 0x0000, 0x0000, 0x0000, 0x0000, 0x0000, 0x0000, 0x0000, 0x0000, 0x0000, 0x0000, 0x0000, 0x0000, 0x0000, 0x0000,   // 0x24C0 (9408) pixels
0x0000, 0x0000, 0x0000, 0x0000, 0x0000, 0x0000, 0x0000, 0x0000, 0x0000, 0x0000, 0x0000, 0x0000, 0x0000, 0x0000, 0x0000, 0x0000,   // 0x24D0 (9424) pixels
0x0000, 0x0000, 0x0000, 0x0000, 0x0000, 0x0000, 0x0000, 0x0000, 0x0000, 0x0000, 0x0000, 0x0000, 0x0000, 0x0000, 0x0000, 0x0000,   // 0x24E0 (9440) pixels
0x0000, 0x0000, 0x0000, 0x0000, 0x19E8, 0x1A09, 0x1A09, 0x1A09, 0x1186, 0x0000, 0x0000, 0x0000, 0x0000, 0x0000, 0x0000, 0x0000,   // 0x24F0 (9456) pixels
0x0000, 0x0000, 0x0000, 0x0000, 0x0000, 0x0000, 0x0000, 0x0000, 0x0000, 0x0000, 0x0000, 0x0000, 0x0000, 0x0000, 0x0000, 0x0000,   // 0x2500 (9472) pixels
0x0000, 0x0000, 0x0000, 0x0000, 0x0000, 0x0000, 0x0000, 0x0000, 0x0000, 0x0000, 0x0000, 0x0000, 0x0000, 0x0000, 0x0000, 0x0000,   // 0x2510 (9488) pixels
0x0000, 0x0000, 0x0000, 0x0000, 0x0000, 0x0000, 0x0000, 0x0000, 0x0000, 0x0000, 0x0000, 0x0000, 0x0000, 0x0000, 0x0000, 0x0000,   // 0x2520 (9504) pixels
0x0000, 0x0000, 0x0000, 0x0000, 0x0000, 0x0000, 0x0000, 0x0000, 0x0000, 0x0000, 0x0000, 0x0000, 0x0000, 0x0000, 0x0000, 0x0000,   // 0x2530 (9520) pixels
0x0000, 0x0000, 0x0000, 0x0000, 0x0000, 0x0000, 0x0000, 0x0000, 0x0000, 0x0000, 0x0000, 0x0000, 0x0000, 0x0000, 0x0000, 0x0000,   // 0x2540 (9536) pixels
0x0000, 0x0000, 0x0000, 0x0000, 0x0000, 0x0000, 0x0000, 0x0000, 0x0000, 0x0000, 0x0000, 0x0000, 0x0000, 0x0000, 0x0000, 0x0000,   // 0x2550 (9552) pixels
0x0000, 0x0000, 0x0000, 0x0000, 0x0000, 0x0000, 0x0000, 0x0000, 0x0000, 0x0000, 0x0000, 0x0000, 0x0000, 0x0000, 0x0000, 0x0000,   // 0x2560 (9568) pixels
0x0000, 0x0000, 0x0000, 0x0000, 0x0000, 0x0000, 0x0000, 0x0000, 0x0000, 0x0000, 0x0000, 0x0000, 0x0000, 0x0000, 0x0000, 0x0000,   // 0x2570 (9584) pixels
0x0000, 0x0000, 0x0000, 0x0000, 0x0000, 0x0000, 0x0000, 0x0000, 0x0000, 0x0000, 0x0000, 0x0000, 0x0000, 0x0000, 0x0000, 0x0000,   // 0x2580 (9600) pixels
0x0000, 0x0000, 0x0000, 0x0000, 0x0000, 0x0000, 0x0000, 0x0000, 0x0000, 0x0000, 0x0000, 0x0000, 0x0000, 0x0000, 0x0000, 0x0000,   // 0x2590 (9616) pixels
0x0000, 0x0000, 0x0000, 0x0000, 0x0000, 0x0000, 0x0000, 0x0000, 0x0000, 0x0000, 0x0000, 0x0000, 0x0000, 0x0000, 0x0000, 0x0000,   // 0x25A0 (9632) pixels
0x0000, 0x0000, 0x0000, 0x0000, 0x0000, 0x0000, 0x0000, 0x0000, 0x0000, 0x0000, 0x0000, 0x0000, 0x0000, 0x0000, 0x0000, 0x0000,   // 0x25B0 (9648) pixels
0x0000, 0x0000, 0x0000, 0x0000, 0x0000, 0x0000, 0x0000, 0x0000, 0x0000, 0x0000, 0x0000, 0x0000, 0x0000, 0x0000, 0x0000, 0x0000,   // 0x25C0 (9664) pixels
0x0000, 0x0000, 0x0000, 0x0000, 0x0000, 0x0000, 0x0000, 0x0000, 0x0000, 0x0000, 0x0000, 0x0000, 0x0000, 0x0000, 0x0000, 0x0000,   // 0x25D0 (9680) pixels
0x0000, 0x0000, 0x0000, 0x0000, 0x0000, 0x0000, 0x0000, 0x0000, 0x0000, 0x0000, 0x0000, 0x0000, 0x0000, 0x0000, 0x0000, 0x0000,   // 0x25E0 (9696) pixels
0x0000, 0x0000, 0x0000, 0x0000, 0x0000, 0x0000, 0x0000, 0x0000, 0x0000, 0x0000, 0x0000, 0x0000, 0x0000, 0x0000, 0x0000, 0x0000,   // 0x25F0 (9712) pixels
0x0000, 0x0000, 0x0000, 0x0000, 0x0000, 0x0000, 0x0000, 0x0000, 0x0000, 0x0000, 0x0000, 0x0000, 0x0000, 0x0000, 0x0000, 0x0000,   // 0x2600 (9728) pixels
0x0000, 0x0000, 0x0000, 0x0000, 0x0000, 0x0000, 0x0000, 0x0000, 0x0000, 0x0000, 0x0000, 0x0000, 0x0000, 0x0000, 0x0000, 0x0000,   // 0x2610 (9744) pixels
0x0000, 0x0000, 0x0000, 0x0000, 0x0000, 0x0000, 0x0000, 0x0000, 0x0000, 0x0000, 0x0000, 0x0000, 0x0000, 0x0000, 0x0000, 0x0000,   // 0x2620 (9760) pixels
0x0000, 0x0000, 0x0000, 0x0000, 0x0000, 0x0000, 0x0000, 0x0000, 0x0000, 0x0000, 0x0000, 0x0000, 0x0000, 0x0000, 0x0000, 0x0000,   // 0x2630 (9776) pixels
0x0000, 0x0000, 0x0000, 0x0000, 0x0000, 0x0000, 0x0000, 0x0000, 0x0000, 0x0000, 0x0000, 0x0000, 0x0000, 0x0000, 0x0000, 0x0000,   // 0x2640 (9792) pixels
0x0000, 0x0000, 0x0000, 0x0000, 0x0000, 0x0000, 0x0000, 0x0000, 0x0000, 0x0000, 0x0000, 0x0000, 0x0000, 0x0000, 0x0000, 0x0000,   // 0x2650 (9808) pixels
0x0000, 0x0000, 0x0000, 0x0000, 0x0000, 0x0000, 0x0000, 0x0000, 0x0000, 0x0000, 0x0000, 0x0000, 0x0000, 0x0000, 0x0000, 0x0000,   // 0x2660 (9824) pixels
0x0000, 0x0000, 0x0000, 0x0000, 0x0000, 0x0000, 0x0000, 0x0000, 0x0000, 0x0000, 0x0000, 0x0000, 0x0000, 0x0000, 0x0000, 0x0000,   // 0x2670 (9840) pixels
0x0000, 0x0000, 0x0000, 0x0000, 0x0000, 0x0000, 0x0000, 0x0000, 0x0000, 0x0000, 0x0000, 0x0000, 0x0000, 0x0000, 0x0000, 0x0000,   // 0x2680 (9856) pixels
0x0000, 0x0000, 0x0000, 0x0000, 0x0000, 0x0000, 0x0000, 0x0000, 0x0000, 0x0000, 0x0000, 0x0000, 0x0000, 0x0000, 0x0000, 0x0000,   // 0x2690 (9872) pixels
0x0000, 0x0000, 0x0000, 0x0000, 0x0000, 0x0000, 0x0000, 0x0000, 0x0000, 0x0000, 0x0000, 0x0000, 0x0000, 0x0000, 0x0000, 0x0000,   // 0x26A0 (9888) pixels
0x0000, 0x0000, 0x0000, 0x0000, 0x0000, 0x0000, 0x0000, 0x0000, 0x0000, 0x0000, 0x0000, 0x0000, 0x0000, 0x0000, 0x0000, 0x0000,   // 0x26B0 (9904) pixels
0x0000, 0x0000, 0x0000, 0x0000, 0x0000, 0x0000, 0x0000, 0x0000, 0x0000, 0x0000, 0x0000, 0x0000, 0x0000, 0x0000, 0x0000, 0x0000,   // 0x26C0 (9920) pixels
0x0000, 0x0000, 0x0000, 0x0000, 0x0000, 0x0000, 0x0000, 0x0000, 0x0000, 0x0000, 0x0000, 0x0000, 0x0000, 0x0000, 0x0000, 0x0000,   // 0x26D0 (9936) pixels
0x0000, 0x0000, 0x0000, 0x0000, 0x0000, 0x0000, 0x0000, 0x0000, 0x0000, 0x0000, 0x0000, 0x0000, 0x0000, 0x0000, 0x0000, 0x0000,   // 0x26E0 (9952) pixels
0x0000, 0x0000, 0x0000, 0x0000, 0x0000, 0x0000, 0x0000, 0x0000, 0x0000, 0x0000, 0x0000, 0x0000, 0x0000, 0x0000, 0x0000, 0x0000,   // 0x26F0 (9968) pixels
0x0000, 0x0000, 0x0000, 0x0000, 0x0000, 0x0000, 0x0000, 0x0000, 0x0000, 0x0000, 0x0000, 0x0000, 0x0000, 0x0000, 0x0000, 0x0000,   // 0x2700 (9984) pixels
0x0000, 0x0000, 0x0000, 0x0000, 0x0000, 0x0000, 0x0000, 0x0000, 0x0000, 0x0000, 0x0000, 0x0000, 0x0000, 0x0000, 0x0000, 0x0000,   // 0x2710 (10000) pixels
0x0000, 0x0000, 0x0000, 0x0000, 0x0000, 0x0000, 0x0000, 0x0000, 0x0000, 0x0000, 0x0000, 0x0000, 0x0000, 0x0000, 0x0000, 0x0000,   // 0x2720 (10016) pixels
0x0000, 0x0000, 0x0000, 0x0000, 0x0000, 0x0000, 0x1A08, 0x3BD1, 0x2B2E, 0x0082, 0x0000, 0x0000, 0x2B0E, 0x3BD1, 0x2209, 0x0000,   // 0x2730 (10032) pixels
0x0000, 0x0000, 0x0000, 0x0000, 0x0000, 0x0000, 0x0000, 0x0000, 0x0000, 0x0000, 0x0000, 0x0000, 0x0000, 0x0000, 0x0000, 0x0000,   // 0x2740 (10048) pixels
0x0000, 0x0000, 0x0000, 0x0000, 0x0000, 0x0000, 0x0000, 0x0000, 0x0000, 0x0000, 0x224A, 0x2B0D, 0x2AED, 0x2B0D, 0x2B0E, 0x22AC,   // 0x2750 (10064) pixels
0x19E8, 0x00A2, 0x0000, 0x0000, 0x0000, 0x0000, 0x0000, 0x0000, 0x0000, 0x0000, 0x0000, 0x0000, 0x0000, 0x0000, 0x0000, 0x0000,   // 0x2760 (10080) pixels
0x0000, 0x0000, 0x0000, 0x0000, 0x0000, 0x0000, 0x0000, 0x0000, 0x0000, 0x0000, 0x0000, 0x0000, 0x0000, 0x0000, 0x0000, 0x0000,   // 0x2770 (10096) pixels
0x0000, 0x0000, 0x0000, 0x0000, 0x0000, 0x0000, 0x0000, 0x0000, 0x0000, 0x0000, 0x0000, 0x0000, 0x2B0E, 0x336F, 0x08C4, 0x0000,   // 0x2780 (10112) pixels
0x0000, 0x0000, 0x0000, 0x0000, 0x0000, 0x0000, 0x0000, 0x0000, 0x0000, 0x0000, 0x0000, 0x0000, 0x0000, 0x0000, 0x0000, 0x0000,   // 0x2790 (10128) pixels
0x0000, 0x0000, 0x0000, 0x0000, 0x0000, 0x0000, 0x0000, 0x0000, 0x0000, 0x0000, 0x0000, 0x0000, 0x0000, 0x0000, 0x0000, 0x0000,   // 0x27A0 (10144) pixels
0x0000, 0x0000, 0x0000, 0x0000, 0x0000, 0x0000, 0x0000, 0x0000, 0x0000, 0x0000, 0x0000, 0x0000, 0x0000, 0x0000, 0x0000, 0x0000,   // 0x27B0 (10160) pixels
0x0000, 0x0000, 0x0000, 0x0000, 0x0000, 0x0000, 0x0000, 0x0000, 0x0000, 0x0000, 0x0000, 0x0000, 0x0000, 0x0000, 0x0000, 0x0000,   // 0x27C0 (10176) pixels
0x0000, 0x0000, 0x0000, 0x0000, 0x0000, 0x0000, 0x0000, 0x0000, 0x0000, 0x0000, 0x0000, 0x0000, 0x0000, 0x0000, 0x0000, 0x0000,   // 0x27D0 (10192) pixels
0x0000, 0x0000, 0x0000, 0x0000, 0x0000, 0x0000, 0x0000, 0x0000, 0x0000, 0x0000, 0x0000, 0x0000, 0x0000, 0x0000, 0x0000, 0x0000,   // 0x27E0 (10208) pixels
0x0000, 0x0000, 0x0000, 0x0000, 0x0000, 0x0000, 0x0000, 0x0000, 0x0000, 0x0000, 0x0000, 0x0000, 0x0000, 0x0000, 0x224A, 0x4474,   // 0x27F0 (10224) pixels
0x33B0, 0x0000, 0x0000, 0x0000, 0x3390, 0x4474, 0x226B, 0x0000, 0x0000, 0x0000, 0x0000, 0x0000, 0x0000, 0x0000, 0x0000, 0x0000,   // 0x2800 (10240) pixels
0x0000, 0x0000, 0x0000, 0x0000, 0x0000, 0x0000, 0x0000, 0x0000, 0x0000, 0x0000, 0x0000, 0x0003, 0x0082, 0x0000, 0x0000, 0x0000,   // 0x2810 (10256) pixels
0x0000, 0x0000, 0x334F, 0x4473, 0x3C32, 0x3BF1, 0x3BF1, 0x3C53, 0x3C74, 0x334F, 0x0000, 0x0000, 0x0000, 0x0000, 0x0000, 0x0000,   // 0x2820 (10272) pixels
0x0000, 0x0000, 0x0000, 0x0000, 0x0000, 0x0000, 0x0000, 0x0000, 0x0000, 0x2ACC, 0x2AED, 0x0000, 0x0000, 0x0000, 0x0000, 0x0000,   // 0x2830 (10288) pixels
0x0000, 0x0000, 0x0000, 0x0000, 0x0000, 0x0000, 0x0000, 0x0000, 0x0000, 0x0000, 0x0000, 0x0000, 0x0000, 0x1084, 0x2B0E, 0x226B,   // 0x2840 (10304) pixels
0x0000, 0x0000, 0x0000, 0x0000, 0x224A, 0x2AAB, 0x08C3, 0x0000, 0x0000, 0x0000, 0x0000, 0x0000, 0x0000, 0x0000, 0x0000, 0x0000,   // 0x2850 (10320) pixels
0x0000, 0x0000, 0x0000, 0x0000, 0x0000, 0x0000, 0x0000, 0x0000, 0x0000, 0x0000, 0x0000, 0x0000, 0x0000, 0x0000, 0x0000, 0x0000,   // 0x2860 (10336) pixels
0x0000, 0x0000, 0x0000, 0x0000, 0x0000, 0x0000, 0x0000, 0x0000, 0x0000, 0x0000, 0x0000, 0x0000, 0x0000, 0x0000, 0x0000, 0x0000,   // 0x2870 (10352) pixels
0x0000, 0x0000, 0x0000, 0x0000, 0x0000, 0x0000, 0x0000, 0x0000, 0x0000, 0x0000, 0x0000, 0x0000, 0x0000, 0x0000, 0x0000, 0x0000,   // 0x2880 (10368) pixels
0x0000, 0x0000, 0x0000, 0x0000, 0x0000, 0x0000, 0x0000, 0x0000, 0x0000, 0x0000, 0x0000, 0x0000, 0x0000, 0x0000, 0x0000, 0x0000,   // 0x2890 (10384) pixels
0x0000, 0x0000, 0x0000, 0x0000, 0x0000, 0x0000, 0x0000, 0x0000, 0x0000, 0x0000, 0x0000, 0x0000, 0x0000, 0x0000, 0x0000, 0x0000,   // 0x28A0 (10400) pixels
0x0000, 0x0000, 0x0000, 0x0000, 0x0000, 0x0000, 0x0000, 0x0000, 0x0000, 0x0000, 0x0000, 0x0000, 0x0000, 0x0000, 0x0000, 0x0000,   // 0x28B0 (10416) pixels
0x0000, 0x0000, 0x0000, 0x0000, 0x0000, 0x0000, 0x224A, 0x3C33, 0x3BB0, 0x2229, 0x1A08, 0x1A29, 0x3BB0, 0x3C53, 0x226A, 0x0000,   // 0x28C0 (10432) pixels
0x224A, 0x33D1, 0x3BF1, 0x3BF1, 0x33B0, 0x19C8, 0x0000, 0x2ACC, 0x3BF1, 0x336F, 0x3BD1, 0x33B0, 0x228B, 0x3390, 0x3BF1, 0x2AED,   // 0x28D0 (10448) pixels
0x0000, 0x0883, 0x334F, 0x33B0, 0x336F, 0x3BD1, 0x2ACC, 0x0000, 0x0000, 0x0000, 0x2B2E, 0x3C32, 0x3390, 0x0000, 0x0000, 0x228B,   // 0x28E0 (10464) pixels
0x3C32, 0x3C12, 0x00A2, 0x19C8, 0x2AED, 0x224A, 0x2B0D, 0x2AED, 0x08C4, 0x0000, 0x224A, 0x332E, 0x3BB0, 0x2B0D, 0x2229, 0x0000,   // 0x28F0 (10480) pixels
0x2AAC, 0x4453, 0x3C33, 0x332E, 0x2B0D, 0x2ACC, 0x0000, 0x0904, 0x2ACC, 0x334F, 0x3390, 0x2ACD, 0x1986, 0x0000, 0x08A3, 0x2A8B,   // 0x2900 (10496) pixels
0x334F, 0x3390, 0x2AED, 0x19E8, 0x0000, 0x334F, 0x4453, 0x3C12, 0x2B0D, 0x2B2E, 0x222A, 0x0000, 0x224A, 0x228B, 0x08C3, 0x0000,   // 0x2910 (10512) pixels
0x19E8, 0x2AED, 0x3390, 0x334E, 0x226B, 0x08A2, 0x0000, 0x224A, 0x2ACC, 0x226A, 0x2B2E, 0x332E, 0x19C8, 0x0000, 0x0000, 0x0000,   // 0x2920 (10528) pixels
0x0000, 0x0000, 0x0000, 0x0000, 0x0000, 0x0000, 0x0000, 0x0000, 0x0000, 0x0000, 0x0000, 0x0000, 0x0000, 0x0000, 0x0000, 0x0000,   // 0x2930 (10544) pixels
0x0000, 0x0000, 0x0000, 0x0000, 0x0000, 0x0000, 0x0000, 0x0000, 0x0000, 0x0000, 0x0000, 0x0000, 0x0000, 0x0000, 0x0000, 0x0000,   // 0x2940 (10560) pixels
0x0000, 0x0000, 0x0000, 0x0000, 0x0000, 0x0000, 0x0000, 0x0000, 0x0000, 0x0000, 0x0000, 0x0000, 0x0000, 0x0000, 0x0000, 0x0000,   // 0x2950 (10576) pixels
0x0000, 0x0000, 0x0000, 0x0000, 0x0000, 0x0000, 0x0000, 0x0000, 0x0000, 0x0000, 0x0000, 0x0000, 0x0000, 0x0000, 0x0000, 0x0000,   // 0x2960 (10592) pixels
0x0000, 0x0000, 0x0000, 0x0000, 0x0000, 0x0000, 0x0000, 0x0000, 0x0000, 0x0000, 0x0000, 0x0000, 0x0000, 0x0000, 0x0000, 0x0000,   // 0x2970 (10608) pixels
0x0000, 0x0000, 0x0000, 0x0000, 0x0000, 0x0000, 0x0000, 0x0000, 0x0000, 0x0000, 0x0000, 0x0000, 0x0000, 0x0000, 0x222A, 0x3C33,   // 0x2980 (10624) pixels
0x3BF1, 0x4453, 0x4453, 0x4453, 0x3BF1, 0x3C33, 0x224A, 0x0000, 0x3BF1, 0x3C53, 0x1186, 0x19E8, 0x4494, 0x338F, 0x0000, 0x2AED,   // 0x2990 (10640) pixels
0x4474, 0x224A, 0x226B, 0x4453, 0x3BD1, 0x19C8, 0x3BD1, 0x3C33, 0x00A2, 0x226A, 0x44B5, 0x2B0D, 0x1145, 0x33B0, 0x44F5, 0x1186,   // 0x29A0 (10656) pixels
0x0000, 0x0000, 0x2B2E, 0x3C33, 0x33B0, 0x1166, 0x1105, 0x2B0D, 0x3C32, 0x3C12, 0x0000, 0x2ACC, 0x44B5, 0x3390, 0x334E, 0x4CF6,   // 0x29B0 (10672) pixels
0x2ACC, 0x1A09, 0x44B5, 0x33B0, 0x222A, 0x3BD1, 0x4494, 0x1187, 0x19E8, 0x3C12, 0x3BF1, 0x22AC, 0x226A, 0x1A09, 0x0000, 0x336F,   // 0x29C0 (10688) pixels
0x4494, 0x222A, 0x1987, 0x4453, 0x4453, 0x0004, 0x2AED, 0x44B5, 0x334E, 0x224A, 0x3C32, 0x4494, 0x1145, 0x228B, 0x3C32, 0x3BD1,   // 0x29D0 (10704) pixels
0x224A, 0x226A, 0x19A7, 0x0000, 0x3C12, 0x4494, 0x08E4, 0x08E3, 0x4474, 0x3C32, 0x224A, 0x334E, 0x44B5, 0x2AEC, 0x0000, 0x336F,   // 0x29E0 (10720) pixels
0x4494, 0x336F, 0x2AED, 0x4453, 0x3C32, 0x0861, 0x0000, 0x0000, 0x0000, 0x0000, 0x0000, 0x0000, 0x0000, 0x0000, 0x0000, 0x0000,   // 0x29F0 (10736) pixels
0x0000, 0x0000, 0x0000, 0x0000, 0x0000, 0x0000, 0x0000, 0x0000, 0x0000, 0x0000, 0x0000, 0x0000, 0x0000, 0x0000, 0x0000, 0x0000,   // 0x2A00 (10752) pixels
0x0000, 0x0000, 0x0000, 0x0000, 0x0000, 0x0000, 0x0000, 0x0000, 0x0000, 0x0000, 0x0000, 0x0000, 0x0000, 0x0000, 0x0000, 0x0000,   // 0x2A10 (10768) pixels
0x0000, 0x0000, 0x0000, 0x0000, 0x0000, 0x0000, 0x0000, 0x0000, 0x0000, 0x0000, 0x0000, 0x0000, 0x0000, 0x0000, 0x0000, 0x0000,   // 0x2A20 (10784) pixels
0x0000, 0x0000, 0x0000, 0x0000, 0x0000, 0x0000, 0x0000, 0x0000, 0x0000, 0x0000, 0x0000, 0x0000, 0x0000, 0x0000, 0x0000, 0x0000,   // 0x2A30 (10800) pixels
0x0000, 0x0000, 0x0000, 0x0000, 0x0000, 0x0000, 0x0000, 0x0000, 0x0000, 0x0000, 0x0000, 0x0000, 0x0000, 0x0000, 0x0000, 0x0000,   // 0x2A40 (10816) pixels
0x0000, 0x0000, 0x0000, 0x0000, 0x0000, 0x0000, 0x222A, 0x3C33, 0x33B0, 0x08E4, 0x08C3, 0x08E4, 0x3390, 0x4453, 0x224A, 0x0000,   // 0x2A50 (10832) pixels
0x33B0, 0x3C12, 0x0000, 0x0861, 0x3C53, 0x332E, 0x0000, 0x2ACC, 0x4474, 0x08C4, 0x1166, 0x4474, 0x2AED, 0x0000, 0x3390, 0x3C12,   // 0x2A60 (10848) pixels
0x0061, 0x2AAC, 0x3C53, 0x334F, 0x228B, 0x228B, 0x2ACC, 0x1124, 0x0000, 0x0000, 0x2B2E, 0x3C32, 0x3BF2, 0x4474, 0x4494, 0x3C53,   // 0x2A70 (10864) pixels
0x3C33, 0x226B, 0x0000, 0x2AAC, 0x4474, 0x1A29, 0x0000, 0x226B, 0x11A7, 0x228B, 0x4474, 0x228B, 0x0000, 0x228B, 0x4474, 0x222A,   // 0x2A80 (10880) pixels
0x0000, 0x3C12, 0x3C12, 0x0000, 0x0000, 0x0000, 0x0000, 0x3BD1, 0x3C12, 0x2AED, 0x2AAC, 0x336F, 0x33B0, 0x08A4, 0x2AED, 0x4474,   // 0x2A90 (10896) pixels
0x19A7, 0x0000, 0x0082, 0x08C3, 0x0000, 0x1105, 0x4453, 0x3390, 0x0000, 0x0000, 0x0000, 0x0000, 0x3BB0, 0x4433, 0x08C3, 0x1104,   // 0x2AA0 (10912) pixels
0x4453, 0x332E, 0x0000, 0x1A09, 0x4474, 0x2AED, 0x0000, 0x2B2E, 0x4453, 0x08C3, 0x0000, 0x3BF1, 0x3C32, 0x08E5, 0x0000, 0x0000,   // 0x2AB0 (10928) pixels
0x0000, 0x0000, 0x0000, 0x0000, 0x0000, 0x0000, 0x0000, 0x0000, 0x0000, 0x0000, 0x0000, 0x0000, 0x0000, 0x0000, 0x0000, 0x0000,   // 0x2AC0 (10944) pixels
0x0000, 0x0000, 0x0000, 0x0000, 0x0000, 0x0000, 0x0000, 0x0000, 0x0000, 0x0000, 0x0000, 0x0000, 0x0000, 0x0000, 0x0000, 0x0000,   // 0x2AD0 (10960) pixels
0x0000, 0x0000, 0x0000, 0x0000, 0x0000, 0x0000, 0x0000, 0x0000, 0x0000, 0x0000, 0x0000, 0x0000, 0x0000, 0x0000, 0x0000, 0x0000,   // 0x2AE0 (10976) pixels
0x0000, 0x0000, 0x0000, 0x0000, 0x0000, 0x0000, 0x0000, 0x0000, 0x0000, 0x0000, 0x0000, 0x0000, 0x0000, 0x0000, 0x0000, 0x0000,   // 0x2AF0 (10992) pixels
0x0000, 0x0000, 0x0000, 0x0000, 0x0000, 0x0000, 0x0000, 0x0000, 0x0000, 0x0000, 0x0000, 0x0000, 0x0000, 0x0000, 0x0000, 0x0000,   // 0x2B00 (11008) pixels
0x0000, 0x0000, 0x0000, 0x0000, 0x0000, 0x0000, 0x0000, 0x0000, 0x0000, 0x0000, 0x0000, 0x0000, 0x0000, 0x0000, 0x226A, 0x4494,   // 0x2B10 (11024) pixels
0x3BD1, 0x0000, 0x0000, 0x0000, 0x33B0, 0x4494, 0x226B, 0x0000, 0x3C11, 0x4473, 0x1A29, 0x228B, 0x4494, 0x336F, 0x0000, 0x2B0D,   // 0x2B20 (11040) pixels
0x44B5, 0x1105, 0x19A7, 0x44B5, 0x334F, 0x0000, 0x3BD1, 0x4453, 0x0061, 0x222A, 0x44D5, 0x2B0E, 0x1104, 0x228B, 0x334E, 0x08E3,   // 0x2B30 (11056) pixels
0x0000, 0x0000, 0x2B2E, 0x3C33, 0x33D1, 0x19A7, 0x1187, 0x1166, 0x08C4, 0x0000, 0x0000, 0x2ACC, 0x4474, 0x226B, 0x0000, 0x0000,   // 0x2B40 (11072) pixels
0x0000, 0x228B, 0x4494, 0x2AED, 0x0861, 0x2B0D, 0x4494, 0x19E8, 0x0000, 0x3C33, 0x3C12, 0x08E4, 0x226B, 0x3C12, 0x0904, 0x3390,   // 0x2B50 (11088) pixels
0x4453, 0x1187, 0x10C4, 0x2229, 0x224A, 0x0000, 0x332E, 0x4474, 0x222A, 0x0863, 0x228B, 0x334E, 0x08C4, 0x1166, 0x4474, 0x3390,   // 0x2B60 (11104) pixels
0x08E3, 0x332E, 0x3370, 0x0000, 0x3BB1, 0x4453, 0x08E3, 0x0904, 0x4474, 0x3390, 0x0861, 0x226A, 0x4494, 0x2B0D, 0x0000, 0x334E,   // 0x2B70 (11120) pixels
0x4453, 0x08C4, 0x0000, 0x3BF1, 0x3C32, 0x0904, 0x0000, 0x0000, 0x0000, 0x0000, 0x0000, 0x0000, 0x0000, 0x0000, 0x0000, 0x0000,   // 0x2B80 (11136) pixels
0x0000, 0x0000, 0x0000, 0x0000, 0x0000, 0x0000, 0x0000, 0x0000, 0x0000, 0x0000, 0x0000, 0x0000, 0x0000, 0x0000, 0x0000, 0x0000,   // 0x2B90 (11152) pixels
0x0000, 0x0000, 0x0000, 0x0000, 0x0000, 0x0000, 0x0000, 0x0000, 0x0000, 0x0000, 0x0000, 0x0000, 0x0000, 0x0000, 0x0000, 0x0000,   // 0x2BA0 (11168) pixels
0x0000, 0x0000, 0x0000, 0x0000, 0x0000, 0x0000, 0x0000, 0x0000, 0x0000, 0x0000, 0x0000, 0x0000, 0x0000, 0x0000, 0x0000, 0x0000,   // 0x2BB0 (11184) pixels
0x0000, 0x0000, 0x0000, 0x0000, 0x0000, 0x0000, 0x0000, 0x0000, 0x0000, 0x0000, 0x0000, 0x0000, 0x0000, 0x0000, 0x0000, 0x0000,   // 0x2BC0 (11200) pixels
0x0000, 0x0000, 0x0000, 0x0000, 0x0000, 0x0000, 0x0000, 0x0000, 0x0000, 0x0000, 0x0000, 0x0000, 0x0000, 0x0000, 0x0000, 0x0000,   // 0x2BD0 (11216) pixels
0x0000, 0x0000, 0x0000, 0x0000, 0x0000, 0x0000, 0x19A7, 0x334E, 0x2ACC, 0x0000, 0x0000, 0x0000, 0x2AAC, 0x334E, 0x19E8, 0x0000,   // 0x2BE0 (11232) pixels
0x19C8, 0x2B2E, 0x33D1, 0x33B0, 0x2B0D, 0x0925, 0x0000, 0x222A, 0x336F, 0x08C3, 0x1145, 0x336F, 0x226B, 0x0000, 0x2ACC, 0x2B0E,   // 0x2BF0 (11248) pixels
0x0061, 0x0082, 0x2ACC, 0x336F, 0x3BD1, 0x3390, 0x22AB, 0x0000, 0x0000, 0x0000, 0x2B2E, 0x3C33, 0x3390, 0x0000, 0x0000, 0x0000,   // 0x2C00 (11264) pixels
0x0000, 0x0000, 0x0000, 0x2AAC, 0x4474, 0x226B, 0x0000, 0x0000, 0x0000, 0x1145, 0x3BF1, 0x3C12, 0x3C12, 0x3C32, 0x3BD1, 0x08E3,   // 0x2C10 (11280) pixels
0x0000, 0x2B0D, 0x4433, 0x3C12, 0x3C33, 0x336F, 0x0000, 0x224A, 0x3C33, 0x3BB0, 0x33B0, 0x4453, 0x334E, 0x0000, 0x19C8, 0x3C12,   // 0x2C20 (11296) pixels
0x3C32, 0x3C12, 0x4453, 0x3BD1, 0x0082, 0x0082, 0x33B0, 0x3C32, 0x3C12, 0x4453, 0x228B, 0x0000, 0x3BD1, 0x4433, 0x0904, 0x0000,   // 0x2C30 (11312) pixels
0x336F, 0x3C32, 0x3C12, 0x3C12, 0x3C12, 0x19A7, 0x0000, 0x334E, 0x4453, 0x08E4, 0x0000, 0x3BF1, 0x3C12, 0x0904, 0x0000, 0x0000,   // 0x2C40 (11328) pixels
0x0000, 0x0000, 0x0000, 0x0000, 0x0000, 0x0000, 0x0000, 0x0000, 0x0000, 0x0000, 0x0000, 0x0000, 0x0000, 0x0000, 0x0000, 0x0000,   // 0x2C50 (11344) pixels
0x0000, 0x0000, 0x0000, 0x0000, 0x0000, 0x0000, 0x0000, 0x0000, 0x0000, 0x0000, 0x0000, 0x0000, 0x0000, 0x0000, 0x0000, 0x0000,   // 0x2C60 (11360) pixels
0x0000, 0x0000, 0x0000, 0x0000, 0x0000, 0x0000, 0x0000, 0x0000, 0x0000, 0x0000, 0x0000, 0x0000, 0x0000, 0x0000, 0x0000, 0x0000,   // 0x2C70 (11376) pixels
0x0000, 0x0000, 0x0000, 0x0000, 0x0000, 0x0000, 0x0000, 0x0000, 0x0000, 0x0000, 0x0000, 0x0000, 0x0000, 0x0000, 0x0000, 0x0000,   // 0x2C80 (11392) pixels
0x0000, 0x0000, 0x0000, 0x0000, 0x0000, 0x0000, 0x0000, 0x0000, 0x0000, 0x0000, 0x0000, 0x0000, 0x0000, 0x0000, 0x0000, 0x0000,   // 0x2C90 (11408) pixels
0x0000, 0x0000, 0x0000, 0x0000, 0x0000, 0x0000, 0x0000, 0x0000, 0x0000, 0x0000, 0x0000, 0x0000, 0x0000, 0x0000, 0x0000, 0x0000,   // 0x2CA0 (11424) pixels
0x0000, 0x0000, 0x0000, 0x0000, 0x0000, 0x0000, 0x0000, 0x0000, 0x0000, 0x0000, 0x0000, 0x0000, 0x0000, 0x0000, 0x0000, 0x0000,   // 0x2CB0 (11440) pixels
0x0000, 0x0000, 0x0000, 0x0000, 0x0000, 0x0000, 0x0000, 0x0000, 0x0000, 0x0000, 0x0000, 0x0000, 0x0000, 0x0000, 0x0000, 0x0000,   // 0x2CC0 (11456) pixels
0x0000, 0x0000, 0x0861, 0x00A2, 0x0882, 0x0000, 0x0000, 0x0000, 0x0000, 0x0000, 0x0000, 0x0061, 0x00A3, 0x0082, 0x0000, 0x0000,   // 0x2CD0 (11472) pixels
0x0000, 0x0000, 0x0000, 0x0904, 0x1125, 0x08C4, 0x0000, 0x0000, 0x0000, 0x0000, 0x08E4, 0x1125, 0x08E3, 0x0000, 0x0000, 0x0000,   // 0x2CE0 (11488) pixels
0x0863, 0x1125, 0x1145, 0x0882, 0x0000, 0x0000, 0x0000, 0x0082, 0x1124, 0x1125, 0x08A3, 0x0000, 0x0000, 0x0000, 0x0000, 0x1104,   // 0x2CF0 (11504) pixels
0x1125, 0x0883, 0x0000, 0x0000, 0x0882, 0x00A2, 0x0000, 0x0000, 0x0000, 0x08E3, 0x1125, 0x08E4, 0x0082, 0x0000, 0x0000, 0x0842,   // 0x2D00 (11520) pixels
0x00A2, 0x0000, 0x0000, 0x0883, 0x08A2, 0x0000, 0x0000, 0x0000, 0x0000, 0x0000, 0x0000, 0x0000, 0x0000, 0x0000, 0x0000, 0x0000,   // 0x2D10 (11536) pixels
0x0000, 0x0000, 0x0000, 0x0000, 0x0000, 0x0000, 0x0000, 0x0000, 0x0000, 0x0000, 0x0000, 0x0000, 0x0000, 0x0000, 0x0000, 0x0000,   // 0x2D20 (11552) pixels
0x0000, 0x0000, 0x0000, 0x0000, 0x0000, 0x0000, 0x0000, 0x0000, 0x0000, 0x0000, 0x0000, 0x0000, 0x0000, 0x0000, 0x0000, 0x0000,   // 0x2D30 (11568) pixels
0x0000, 0x0000, 0x0000, 0x0000, 0x0000, 0x0000, 0x0000, 0x0000, 0x0000, 0x0000, 0x0000, 0x0000, 0x0000, 0x0000, 0x0000, 0x0000,   // 0x2D40 (11584) pixels
0x0000, 0x0000, 0x0000, 0x0000, 0x0000, 0x0000, 0x0000, 0x0000, 0x0000, 0x0000, 0x0000, 0x0000, 0x0000, 0x0000, 0x0000, 0x0000,   // 0x2D50 (11600) pixels
0x0000, 0x0000, 0x0000, 0x0000, 0x0000, 0x0000, 0x0000, 0x0000, 0x0000, 0x0000, 0x0000, 0x0000, 0x0000, 0x0000, 0x0000, 0x0000,   // 0x2D60 (11616) pixels
0x0000, 0x0000, 0x0000, 0x0000, 0x0000, 0x0000, 0x0000, 0x0000, 0x0000, 0x0000, 0x0000, 0x0000, 0x0000, 0x0000, 0x0000, 0x0000,   // 0x2D70 (11632) pixels
0x0000, 0x0000, 0x0000, 0x0000, 0x0000, 0x0000, 0x0000, 0x0000, 0x0000, 0x0000, 0x0000, 0x0000, 0x0000, 0x0000, 0x0000, 0x0000,   // 0x2D80 (11648) pixels
0x0000, 0x0000, 0x0000, 0x0000, 0x0000, 0x0000, 0x0000, 0x0000, 0x0000, 0x0000, 0x0000, 0x0000, 0x0000, 0x0000, 0x0000, 0x0000,   // 0x2D90 (11664) pixels
0x0000, 0x0000, 0x0000, 0x0000, 0x0000, 0x0000, 0x0000, 0x0000, 0x0000, 0x0000, 0x0000, 0x0000, 0x0000, 0x0000, 0x0000, 0x0000,   // 0x2DA0 (11680) pixels
0x0000, 0x0000, 0x0000, 0x0000, 0x0000, 0x0000, 0x0000, 0x0000, 0x0000, 0x0000, 0x0000, 0x0000, 0x0000, 0x0000, 0x0000, 0x0000,   // 0x2DB0 (11696) pixels
0x0000, 0x0000, 0x0000, 0x0000, 0x0000, 0x0000, 0x0000, 0x0000, 0x0000, 0x0000, 0x0000, 0x0000, 0x0000, 0x0000, 0x0000, 0x0000,   // 0x2DC0 (11712) pixels
0x0000, 0x0000, 0x0000, 0x0000, 0x0000, 0x0000, 0x0000, 0x0000, 0x0000, 0x0000, 0x0000, 0x0000, 0x0000, 0x0000, 0x0000, 0x0000,   // 0x2DD0 (11728) pixels
0x0000, 0x0000, 0x0000, 0x0000, 0x0000, 0x0000, 0x0000, 0x0000, 0x0000, 0x0000, 0x0000, 0x0000, 0x0000, 0x0000, 0x0000, 0x0000,   // 0x2DE0 (11744) pixels
0x0000, 0x0000, 0x0000, 0x0000, 0x0000, 0x0000, 0x0000, 0x0000, 0x0000, 0x0000, 0x0000, 0x0000, 0x0000, 0x0000, 0x0000, 0x0000,   // 0x2DF0 (11760) pixels
0x0000, 0x0000, 0x0000, 0x0000, 0x0000, 0x0000, 0x0000, 0x0000, 0x0000, 0x0000, 0x0000, 0x0000, 0x0000, 0x0000, 0x0000, 0x0000,   // 0x2E00 (11776) pixels
0x0000, 0x0000, 0x0000, 0x0000, 0x0000, 0x0000, 0x0000, 0x0000, 0x0000, 0x0000, 0x0000, 0x0000, 0x0000, 0x0000, 0x0000, 0x0000,   // 0x2E10 (11792) pixels
0x0000, 0x0000, 0x0000, 0x0000, 0x0000, 0x0000, 0x0000, 0x0000, 0x0000, 0x0000, 0x0000, 0x0000, 0x0000, 0x0000, 0x0000, 0x0000,   // 0x2E20 (11808) pixels
0x0000, 0x0000, 0x0000, 0x0000, 0x0000, 0x0000, 0x0000, 0x0000, 0x0000, 0x0000, 0x0000, 0x0000, 0x0000, 0x0000, 0x0000, 0x0000,   // 0x2E30 (11824) pixels
0x0000, 0x0000, 0x0000, 0x0000, 0x0000, 0x0000, 0x0000, 0x0000, 0x0000, 0x0000, 0x0000, 0x0000, 0x0000, 0x0000, 0x0000, 0x0000,   // 0x2E40 (11840) pixels
0x0000, 0x0000, 0x0000, 0x0000, 0x0000, 0x0000, 0x0000, 0x0000, 0x0000, 0x0000, 0x0000, 0x0000, 0x0000, 0x0000, 0x0000, 0x0000,   // 0x2E50 (11856) pixels
0x0000, 0x0000, 0x0000, 0x0000, 0x0000, 0x0000, 0x0000, 0x0000, 0x0000, 0x0000, 0x0000, 0x0000, 0x0000, 0x0000, 0x0000, 0x0000,   // 0x2E60 (11872) pixels
0x0000, 0x0000, 0x0000, 0x0000, 0x0000, 0x0000, 0x0000, 0x0000, 0x0000, 0x0000, 0x0000, 0x0000, 0x0000, 0x0000, 0x0000, 0x0000,   // 0x2E70 (11888) pixels
0x0000, 0x0000, 0x0000, 0x0000, 0x0000, 0x0000, 0x0000, 0x0000, 0x0000, 0x0000, 0x0000, 0x0000, 0x0000, 0x0000, 0x0000, 0x0000,   // 0x2E80 (11904) pixels
0x0000, 0x0000, 0x0000, 0x0000, 0x0000, 0x0000, 0x0000, 0x0000, 0x0000, 0x0000, 0x0000, 0x0000, 0x0000, 0x0000, 0x0000, 0x0000,   // 0x2E90 (11920) pixels
0x0000, 0x0000, 0x0000, 0x0000, 0x0000, 0x0000, 0x0000, 0x0000, 0x0000, 0x0000, 0x0000, 0x0000, 0x0000, 0x0000, 0x0000, 0x0000,   // 0x2EA0 (11936) pixels
0x0000, 0x0000, 0x0000, 0x0000, 0x0000, 0x0000, 0x0000, 0x0000, 0x0000, 0x0000, 0x0000, 0x0000, 0x0000, 0x0000, 0x0000, 0x0000,   // 0x2EB0 (11952) pixels
0x0000, 0x0000, 0x0000, 0x0000, 0x0000, 0x0000, 0x0000, 0x0000, 0x0000, 0x0000, 0x0000, 0x0000, 0x0000, 0x0000, 0x0000, 0x0000,   // 0x2EC0 (11968) pixels
0x0000, 0x0000, 0x0000, 0x0000, 0x0000, 0x0000, 0x0000, 0x0000, 0x0000, 0x0000, 0x0000, 0x0000, 0x0000, 0x0000, 0x0000, 0x0000,   // 0x2ED0 (11984) pixels
0x0000, 0x0000, 0x0000, 0x0000, 0x0000, 0x0000, 0x0000, 0x0000, 0x0000, 0x0000, 0x0000, 0x0000, 0x0000, 0x0000, 0x0000, 0x0000,   // 0x2EE0 (12000) pixels
0x0000, 0x0000, 0x0000, 0x0000, 0x0000, 0x0000, 0x0000, 0x0000, 0x0000, 0x0000, 0x0000, 0x0000, 0x0000, 0x0000, 0x0000, 0x0000,   // 0x2EF0 (12016) pixels
0x0000, 0x0000, 0x0000, 0x0000, 0x0000, 0x0000, 0x0000, 0x0000, 0x0000, 0x0000, 0x0000, 0x0000, 0x0000, 0x0000, 0x0000, 0x0000,   // 0x2F00 (12032) pixels
0x0000, 0x0000, 0x0000, 0x0000, 0x0000, 0x0000, 0x0000, 0x0000, 0x0000, 0x0000, 0x0000, 0x0000, 0x0000, 0x0000, 0x0000, 0x0000,   // 0x2F10 (12048) pixels
0x0000, 0x0000, 0x0000, 0x0000, 0x0000, 0x0000, 0x0000, 0x0000, 0x0000, 0x0000, 0x0000, 0x0000, 0x0000, 0x0000, 0x0000, 0x0000,   // 0x2F20 (12064) pixels
0x0000, 0x0000, 0x0000, 0x0000, 0x0000, 0x0000, 0x0000, 0x0000, 0x0000, 0x0000, 0x0000, 0x0000, 0x0000, 0x0000, 0x0000, 0x0000,   // 0x2F30 (12080) pixels
0x0000, 0x0000, 0x0000, 0x0000, 0x0000, 0x0000, 0x0000, 0x0000, 0x0000, 0x0000, 0x0000, 0x0000, 0x0000, 0x0000, 0x0000, 0x0000,   // 0x2F40 (12096) pixels
0x0000, 0x0000, 0x0000, 0x0000, 0x0000, 0x0000, 0x0000, 0x0000, 0x0000, 0x0000, 0x0000, 0x0000, 0x0000, 0x0000, 0x0000, 0x0000,   // 0x2F50 (12112) pixels
0x0000, 0x0000, 0x0000, 0x0000, 0x0000, 0x0000, 0x0000, 0x0000, 0x0000, 0x0000, 0x0000, 0x0000, 0x0000, 0x0000, 0x0000, 0x0000,   // 0x2F60 (12128) pixels
0x0000, 0x0000, 0x0000, 0x0000, 0x0000, 0x0000, 0x0000, 0x0000, 0x0000, 0x0000, 0x0000, 0x0000, 0x0000, 0x0000, 0x0000, 0x0000,   // 0x2F70 (12144) pixels
0x0000, 0x0000, 0x0000, 0x0000, 0x0000, 0x0000, 0x0000, 0x0000, 0x0000, 0x0000, 0x0000, 0x0000, 0x0000, 0x0000, 0x0000, 0x0000,   // 0x2F80 (12160) pixels
0x0000, 0x0000, 0x0000, 0x0000, 0x0000, 0x0000, 0x0000, 0x0000, 0x0000, 0x0000, 0x0000, 0x0000, 0x0000, 0x0000, 0x0000, 0x0000,   // 0x2F90 (12176) pixels
0x0000, 0x0000, 0x0000, 0x0000, 0x0000, 0x0000, 0x0000, 0x0000, 0x0000, 0x0000, 0x0000, 0x0000, 0x0000, 0x0000, 0x0000, 0x0000,   // 0x2FA0 (12192) pixels
0x0000, 0x0000, 0x0000, 0x0000, 0x0000, 0x0000, 0x0000, 0x0000, 0x0000, 0x0000, 0x0000, 0x0000, 0x0000, 0x0000, 0x0000, 0x0000,   // 0x2FB0 (12208) pixels
0x0000, 0x0000, 0x0000, 0x0000, 0x0000, 0x0000, 0x0000, 0x0000, 0x0000, 0x0000, 0x0000, 0x0000, 0x0000, 0x0000, 0x0000, 0x0000,   // 0x2FC0 (12224) pixels
0x0000, 0x0000, 0x0000, 0x0000, 0x0000, 0x0000, 0x0000, 0x0000, 0x0000, 0x0000, 0x0000, 0x0000, 0x0000, 0x0000, 0x0000, 0x0000,   // 0x2FD0 (12240) pixels
0x0000, 0x0000, 0x0000, 0x0000, 0x0000, 0x0000, 0x0000, 0x0000, 0x0000, 0x0000, 0x0000, 0x0000, 0x0000, 0x0000, 0x0000, 0x0000,   // 0x2FE0 (12256) pixels
0x0000, 0x0000, 0x0000, 0x0000, 0x0000, 0x0000, 0x0000, 0x0000, 0x0000, 0x0000, 0x0000, 0x0000, 0x0000, 0x0000, 0x0000, 0x0000,   // 0x2FF0 (12272) pixels
0x0000, 0x0000, 0x0000, 0x0000, 0x0000, 0x0000, 0x0000, 0x0000, 0x0000, 0x0000, 0x0000, 0x0000, 0x0000, 0x0000, 0x0000, 0x0000,   // 0x3000 (12288) pixels
0x0000, 0x0000, 0x0000, 0x0000, 0x0000, 0x0000, 0x0000, 0x0000, 0x0000, 0x0000, 0x0000, 0x0000, 0x0000, 0x0000, 0x0000, 0x0000,   // 0x3010 (12304) pixels
0x0000, 0x0000, 0x0000, 0x0000, 0x0000, 0x0000, 0x0000, 0x0000, 0x0000, 0x0000, 0x0000, 0x0000, 0x0000, 0x0000, 0x0000, 0x0000,   // 0x3020 (12320) pixels
0x0000, 0x0000, 0x0000, 0x0000, 0x0000, 0x0000, 0x0000, 0x0000, 0x0000, 0x0000, 0x0000, 0x0000, 0x0000, 0x0000, 0x0000, 0x0000,   // 0x3030 (12336) pixels
0x0000, 0x0000, 0x0000, 0x0000, 0x0000, 0x0000, 0x0000, 0x0000, 0x0000, 0x0000, 0x0000, 0x0000, 0x0000, 0x0000, 0x0000, 0x0000,   // 0x3040 (12352) pixels
0x0000, 0x0000, 0x0000, 0x0000, 0x0000, 0x0000, 0x0000, 0x0000, 0x0000, 0x0000, 0x0000, 0x0000, 0x0000, 0x0000, 0x0000, 0x0000,   // 0x3050 (12368) pixels
0x0000, 0x0000, 0x0000, 0x0000, 0x0000, 0x0000, 0x0000, 0x0000, 0x0000, 0x0000, 0x0000, 0x0000, 0x0000, 0x0000, 0x0000, 0x0000,   // 0x3060 (12384) pixels
0x0000, 0x0000, 0x0000, 0x0000, 0x0000, 0x0000, 0x0000, 0x0000, 0x0000, 0x0000, 0x0000, 0x0000, 0x0000, 0x0000, 0x0000, 0x0000,   // 0x3070 (12400) pixels
0x0000, 0x0000, 0x0000, 0x0000, 0x0000, 0x0000, 0x0000, 0x0000, 0x0000, 0x0000, 0x0000, 0x0000, 0x0000, 0x0000, 0x0000, 0x0000,   // 0x3080 (12416) pixels
0x0000, 0x0000, 0x0000, 0x0000, 0x0000, 0x0000, 0x0000, 0x0000, 0x0000, 0x0000, 0x0000, 0x0000, 0x0000, 0x0000, 0x0000, 0x0000,   // 0x3090 (12432) pixels
0x0000, 0x0000, 0x0000, 0x0000, 0x0000, 0x0000, 0x0000, 0x0000, 0x0000, 0x0000, 0x0000, 0x0000, 0x0000, 0x0000, 0x0000, 0x0000,   // 0x30A0 (12448) pixels
0x0000, 0x0000, 0x0000, 0x0000, 0x0000, 0x0000, 0x0000, 0x0000, 0x0000, 0x0000, 0x0000, 0x0000, 0x0000, 0x0000, 0x0000, 0x0000,   // 0x30B0 (12464) pixels
0x0000, 0x0000, 0x0000, 0x0000, 0x0000, 0x0000, 0x0000, 0x0000, 0x0000, 0x0000, 0x0000, 0x0000, 0x0000, 0x0000, 0x0000, 0x0000,   // 0x30C0 (12480) pixels
0x0000, 0x0000, 0x0000, 0x0000, 0x0000, 0x0000, 0x0000, 0x0000, 0x0000, 0x0000, 0x0000, 0x0000, 0x0000, 0x0000, 0x0000, 0x0000,   // 0x30D0 (12496) pixels
0x0000, 0x0000, 0x0000, 0x0000, 0x0000, 0x0000, 0x0000, 0x0000, 0x0000, 0x0000, 0x0000, 0x0000, 0x0000, 0x0000, 0x0000, 0x0000,   // 0x30E0 (12512) pixels
0x0000, 0x0000, 0x0000, 0x0000, 0x0000, 0x0000, 0x0000, 0x0000, 0x0000, 0x0000, 0x0000, 0x0000, 0x0000, 0x0000, 0x0000, 0x0000,   // 0x30F0 (12528) pixels
0x0000, 0x0000, 0x0000, 0x0000, 0x0000, 0x0000, 0x0000, 0x0000, 0x0000, 0x0000, 0x0000, 0x0000, 0x0000, 0x0000, 0x0000, 0x0000,   // 0x3100 (12544) pixels
0x0000, 0x0000, 0x0000, 0x0000, 0x0000, 0x0000, 0x0000, 0x0000, 0x0000, 0x0000, 0x0000, 0x0000, 0x0000, 0x0000, 0x0000, 0x0000,   // 0x3110 (12560) pixels
0x0000, 0x0000, 0x0000, 0x0000, 0x0000, 0x0000, 0x0000, 0x0000, 0x0000, 0x0000, 0x0000, 0x0000, 0x0000, 0x0000, 0x0000, 0x0000,   // 0x3120 (12576) pixels
0x0000, 0x0000, 0x0000, 0x0000, 0x0000, 0x0000, 0x0000, 0x0000, 0x0000, 0x0000, 0x0000, 0x0000, 0x0000, 0x0000, 0x0000, 0x0000,   // 0x3130 (12592) pixels
0x0000, 0x0000, 0x0000, 0x0000, 0x0000, 0x0000, 0x0000, 0x0000, 0x0000, 0x0000, 0x0000, 0x0000, 0x0000, 0x0000, 0x0000, 0x0000,   // 0x3140 (12608) pixels
0x0000, 0x0000, 0x0000, 0x0000, 0x0000, 0x0000, 0x0000, 0x0000, 0x0000, 0x0000, 0x0000, 0x0000, 0x0000, 0x0000, 0x0000, 0x0000,   // 0x3150 (12624) pixels
0x0000, 0x0000, 0x0000, 0x0000, 0x0000, 0x0000, 0x0000, 0x0000, 0x0000, 0x0000, 0x0000, 0x0000, 0x0000, 0x0000, 0x0000, 0x0000,   // 0x3160 (12640) pixels
0x0000, 0x0000, 0x0000, 0x0000, 0x0000, 0x0000, 0x0000, 0x0000, 0x0000, 0x0000, 0x0000, 0x0000, 0x0000, 0x0000, 0x0000, 0x0000,   // 0x3170 (12656) pixels
0x0000, 0x0000, 0x0000, 0x0000, 0x0000, 0x0000, 0x0000, 0x0000, 0x0000, 0x0000, 0x0000, 0x0000, 0x0000, 0x0000, 0x0000, 0x0000,   // 0x3180 (12672) pixels
0x0000, 0x0000, 0x0000, 0x0000, 0x0000, 0x0000, 0x0000, 0x0000, 0x0000, 0x0000, 0x0000, 0x0000, 0x0000, 0x0000, 0x0000, 0x0000,   // 0x3190 (12688) pixels
0x0000, 0x0000, 0x0000, 0x0000, 0x0000, 0x0000, 0x0000, 0x0000, 0x0000, 0x0000, 0x0000, 0x0000, 0x0000, 0x0000, 0x0000, 0x0000,   // 0x31A0 (12704) pixels
0x0000, 0x0000, 0x0000, 0x0000, 0x0000, 0x0000, 0x0000, 0x0000, 0x0000, 0x0000, 0x0000, 0x0000, 0x0000, 0x0000, 0x0000, 0x0000,   // 0x31B0 (12720) pixels
0x0000, 0x0000, 0x0000, 0x0000, 0x0000, 0x0000, 0x0000, 0x0000, 0x0000, 0x0000, 0x0000, 0x0000, 0x0000, 0x0000, 0x0000, 0x0000,   // 0x31C0 (12736) pixels
0x0000, 0x0000, 0x0000, 0x0000, 0x0000, 0x0000, 0x0000, 0x0000, 0x0000, 0x0000, 0x0000, 0x0000, 0x0000, 0x0000, 0x0000, 0x0000,   // 0x31D0 (12752) pixels
0x0000, 0x0000, 0x0000, 0x0000, 0x0000, 0x0000, 0x0000, 0x0000, 0x0000, 0x0000, 0x0000, 0x0000, 0x0000, 0x0000, 0x0000, 0x0000,   // 0x31E0 (12768) pixels
0x0000, 0x0000, 0x0000, 0x0000, 0x0000, 0x0000, 0x0000, 0x0000, 0x0000, 0x0000, 0x0000, 0x0000, 0x0000, 0x0000, 0x0000, 0x0000,   // 0x31F0 (12784) pixels
0x0000, 0x0000, 0x0000, 0x0000, 0x0000, 0x0000, 0x0000, 0x0000, 0x0000, 0x0000, 0x0000, 0x0000, 0x0000, 0x0000, 0x0000, 0x0000,   // 0x3200 (12800) pixels
0x0000, 0x0000, 0x0000, 0x0000, 0x0000, 0x0000, 0x0000, 0x0000, 0x0000, 0x0000, 0x0000, 0x0000, 0x0000, 0x0000, 0x0000, 0x0000,   // 0x3210 (12816) pixels
0x0000, 0x0000, 0x0000, 0x0000, 0x0000, 0x0000, 0x0000, 0x0000, 0x0000, 0x0000, 0x0000, 0x0000, 0x0000, 0x0000, 0x0000, 0x0000,   // 0x3220 (12832) pixels
0x0000, 0x0000, 0x0000, 0x0000, 0x0000, 0x0000, 0x0000, 0x0000, 0x0000, 0x0000, 0x0000, 0x0000, 0x0000, 0x0000, 0x0000, 0x0000,   // 0x3230 (12848) pixels
0x0000, 0x0000, 0x0000, 0x0000, 0x0000, 0x0000, 0x0000, 0x0000, 0x0000, 0x0000, 0x0000, 0x0000, 0x0000, 0x0000, 0x0000, 0x0000,   // 0x3240 (12864) pixels
0x0000, 0x0000, 0x0000, 0x0000, 0x0000, 0x0000, 0x0000, 0x0000, 0x0000, 0x0000, 0x0000, 0x0000, 0x0000, 0x0000, 0x0000, 0x0000,   // 0x3250 (12880) pixels
0x0000, 0x0000, 0x0000, 0x0000, 0x0000, 0x0000, 0x0000, 0x0000, 0x0000, 0x0000, 0x0000, 0x0000, 0x0000, 0x0000, 0x0000, 0x0000,   // 0x3260 (12896) pixels
0x0000, 0x0000, 0x0000, 0x0000, 0x0000, 0x0000, 0x0000, 0x0000, 0x0000, 0x0000, 0x0000, 0x0000, 0x0000, 0x0000, 0x0000, 0x0000,   // 0x3270 (12912) pixels
0x0000, 0x0000, 0x0000, 0x0000, 0x0000, 0x0000, 0x0000, 0x0000, 0x0000, 0x0000, 0x0000, 0x0000, 0x0000, 0x0000, 0x0000, 0x0000,   // 0x3280 (12928) pixels
0x0000, 0x0000, 0x0000, 0x0000, 0x0000, 0x0000, 0x0000, 0x0000, 0x0000, 0x0000, 0x0000, 0x0000, 0x0000, 0x0000, 0x0000, 0x0000,   // 0x3290 (12944) pixels
0x0000, 0x0000, 0x0000, 0x0000, 0x0000, 0x0000, 0x0000, 0x0000, 0x0000, 0x0000, 0x0000, 0x0000, 0x0000, 0x0000, 0x0000, 0x0000,   // 0x32A0 (12960) pixels
0x0000, 0x0000, 0x0000, 0x0000, 0x0000, 0x0000, 0x0000, 0x0000, 0x0000, 0x0000, 0x0000, 0x0000, 0x0000, 0x0000, 0x0000, 0x0000,   // 0x32B0 (12976) pixels
0x0000, 0x0000, 0x0000, 0x0000, 0x0000, 0x0000, 0x0000, 0x0000, 0x0000, 0x0000, 0x0000, 0x0000, 0x0000, 0x0000, 0x0000, 0x0000,   // 0x32C0 (12992) pixels
0x0000, 0x0000, 0x0000, 0x0000, 0x0000, 0x0000, 0x0000, 0x0000, 0x0000, 0x0000, 0x0000, 0x0000, 0x0000, 0x0000, 0x0000, 0x0000,   // 0x32D0 (13008) pixels
0x0000, 0x0000, 0x0000, 0x0000, 0x0000, 0x0000, 0x0000, 0x0000, 0x0000, 0x0000, 0x0000, 0x0000, 0x0000, 0x0000, 0x0000, 0x0000,   // 0x32E0 (13024) pixels
0x0000, 0x0000, 0x0000, 0x0000, 0x0000, 0x0000, 0x0000, 0x0000, 0x0000, 0x0000, 0x0000, 0x0000, 0x0000, 0x0000, 0x0000, 0x0000,   // 0x32F0 (13040) pixels
0x0000, 0x0000, 0x0000, 0x0000, 0x0000, 0x0000, 0x0000, 0x0000, 0x0000, 0x0000, 0x0000, 0x0000, 0x0000, 0x0000, 0x0000, 0x0000,   // 0x3300 (13056) pixels
0x0000, 0x0000, 0x0000, 0x0000, 0x0000, 0x0000, 0x0000, 0x0000, 0x0000, 0x0000, 0x0000, 0x0000, 0x0000, 0x0000, 0x0000, 0x0000,   // 0x3310 (13072) pixels
0x0000, 0x0000, 0x0000, 0x0000, 0x0000, 0x0000, 0x0000, 0x0000, 0x0000, 0x0000, 0x0000, 0x0000, 0x0000, 0x0000, 0x0000, 0x0000,   // 0x3320 (13088) pixels
0x0000, 0x0000, 0x0000, 0x0000, 0x0000, 0x0000, 0x0000, 0x0000, 0x0000, 0x0000, 0x0000, 0x0000, 0x0000, 0x0000, 0x0000, 0x0000,   // 0x3330 (13104) pixels
0x0000, 0x0000, 0x0000, 0x0000, 0x0000, 0x0000, 0x0000, 0x0000, 0x0000, 0x0000, 0x0000, 0x0000, 0x0000, 0x0000, 0x0000, 0x0000,   // 0x3340 (13120) pixels
0x0000, 0x0000, 0x0000, 0x0000, 0x0000, 0x0000, 0x0000, 0x0000, 0x0000, 0x0000, 0x0000, 0x0000, 0x0000, 0x0000, 0x0000, 0x0000,   // 0x3350 (13136) pixels
0x0000, 0x0000, 0x0000, 0x0000, 0x0000, 0x0000, 0x0000, 0x0000, 0x0000, 0x0000, 0x0000, 0x0000, 0x0000, 0x0000, 0x0000, 0x0000,   // 0x3360 (13152) pixels
0x0000, 0x0000, 0x0000, 0x0000, 0x0000, 0x0000, 0x0000, 0x0000, 0x0000, 0x0000, 0x0000, 0x0000, 0x0000, 0x0000, 0x0000, 0x0000,   // 0x3370 (13168) pixels
0x0000, 0x0000, 0x0000, 0x0000, 0x0000, 0x0000, 0x0000, 0x0000, 0x0000, 0x0000, 0x0000, 0x0000, 0x0000, 0x0000, 0x0000, 0x0000,   // 0x3380 (13184) pixels
0x0000, 0x0000, 0x0000, 0x0000, 0x0000, 0x0000, 0x0000, 0x0000, 0x0000, 0x0000, 0x0000, 0x0000, 0x0000, 0x0000, 0x0000, 0x0000,   // 0x3390 (13200) pixels
0x0000, 0x0000, 0x0000, 0x0000, 0x0000, 0x0000, 0x0000, 0x0000, 0x0000, 0x0000, 0x0000, 0x0000, 0x0000, 0x0000, 0x0000, 0x0000,   // 0x33A0 (13216) pixels
0x0000, 0x0000, 0x0000, 0x0000, 0x0000, 0x0000, 0x0000, 0x0000, 0x0000, 0x0000, 0x0000, 0x0000, 0x0000, 0x0000, 0x0000, 0x0000,   // 0x33B0 (13232) pixels
0x0000, 0x0000, 0x0000, 0x0000, 0x0000, 0x0000, 0x0000, 0x0000, 0x0000, 0x0000, 0x0000, 0x0000, 0x0000, 0x0000, 0x0000, 0x0000,   // 0x33C0 (13248) pixels
0x0000, 0x0000, 0x0000, 0x0000, 0x0000, 0x0000, 0x0000, 0x0000, 0x0000, 0x0000, 0x0000, 0x0000, 0x0000, 0x0000, 0x0000, 0x0000,   // 0x33D0 (13264) pixels
0x0000, 0x0000, 0x0000, 0x0000, 0x0000, 0x0000, 0x0000, 0x0000, 0x0000, 0x0000, 0x0000, 0x0000, 0x0000, 0x0000, 0x0000, 0x0000,   // 0x33E0 (13280) pixels
0x0000, 0x0000, 0x0000, 0x0000, 0x0000, 0x0000, 0x0000, 0x0000, 0x0000, 0x0000, 0x0000, 0x0000, 0x0000, 0x0000, 0x0000, 0x0000,   // 0x33F0 (13296) pixels
0x0000, 0x0000, 0x0000, 0x0000, 0x0000, 0x0000, 0x0000, 0x0000, 0x0000, 0x0000, 0x0000, 0x0000, 0x0000, 0x0000, 0x0000, 0x0000,   // 0x3400 (13312) pixels
0x0000, 0x0000, 0x0000, 0x0000, 0x0000, 0x0000, 0x0000, 0x0000, 0x0000, 0x0000, 0x0000, 0x0000, 0x0000, 0x0000, 0x0000, 0x0000,   // 0x3410 (13328) pixels
0x0000, 0x0000, 0x0000, 0x0000, 0x0000, 0x0000, 0x0000, 0x0000, 0x0000, 0x0000, 0x0000, 0x0000, 0x0000, 0x0000, 0x0000, 0x0000,   // 0x3420 (13344) pixels
0x0000, 0x0000, 0x0000, 0x0000, 0x0000, 0x0000, 0x0000, 0x0000, 0x0000, 0x0000, 0x0000, 0x0000, 0x0000, 0x0000, 0x0000, 0x0000,   // 0x3430 (13360) pixels
0x0000, 0x0000, 0x0000, 0x0000, 0x0000, 0x0000, 0x0000, 0x0000, 0x0000, 0x0000, 0x0000, 0x0000, 0x0000, 0x0000, 0x0000, 0x0000,   // 0x3440 (13376) pixels
0x0000, 0x0000, 0x0000, 0x0000, 0x0000, 0x0000, 0x0000, 0x0000, 0x0000, 0x0000, 0x0000, 0x0000, 0x0000, 0x0000, 0x0000, 0x0000,   // 0x3450 (13392) pixels
0x0000, 0x0000, 0x0000, 0x0000, 0x0000, 0x0000, 0x0000, 0x0000, 0x0000, 0x0000, 0x0000, 0x0000, 0x0000, 0x0000, 0x0000, 0x0000,   // 0x3460 (13408) pixels
0x0000, 0x0000, 0x0000, 0x0000, 0x0000, 0x0000, 0x0000, 0x0000, 0x0000, 0x0000, 0x0000, 0x0000, 0x0000, 0x0000, 0x0000, 0x0000,   // 0x3470 (13424) pixels
0x0000, 0x0000, 0x0000, 0x0000, 0x0000, 0x0000, 0x0000, 0x0000, 0x0000, 0x0000, 0x0000, 0x0000, 0x0000, 0x0000, 0x0000, 0x0000,   // 0x3480 (13440) pixels
0x0000, 0x0000, 0x0000, 0x0000, 0x0000, 0x0000, 0x0000, 0x0000, 0x0000, 0x0000, 0x0000, 0x0000, 0x0000, 0x0000, 0x0000, 0x0000,   // 0x3490 (13456) pixels
0x0000, 0x0000, 0x0000, 0x0000, 0x0000, 0x0000, 0x0000, 0x0000, 0x0000, 0x0000, 0x0000, 0x0000, 0x0000, 0x0000, 0x0000, 0x0000,   // 0x34A0 (13472) pixels
0x0000, 0x0000, 0x0000, 0x0000, 0x0000, 0x0000, 0x0000, 0x0000, 0x0000, 0x0000, 0x0000, 0x0000, 0x0000, 0x0000, 0x0000, 0x0000,   // 0x34B0 (13488) pixels
0x0000, 0x0000, 0x0000, 0x0000, 0x0000, 0x0000, 0x0000, 0x0000, 0x0000, 0x0000, 0x0000, 0x0000, 0x0000, 0x0000, 0x0000, 0x0000,   // 0x34C0 (13504) pixels
0x0000, 0x0000, 0x0000, 0x0000, 0x0000, 0x0000, 0x0000, 0x0000, 0x0000, 0x0000, 0x0000, 0x0000, 0x0000, 0x0000, 0x0000, 0x0000,   // 0x34D0 (13520) pixels
0x0000, 0x0000, 0x0000, 0x0000, 0x0000, 0x0000, 0x0000, 0x0000, 0x0000, 0x0000, 0x0000, 0x0000, 0x0000, 0x0000, 0x0000, 0x0000,   // 0x34E0 (13536) pixels
0x0000, 0x0000, 0x0000, 0x0000, 0x0000, 0x0000, 0x0000, 0x0000, 0x0000, 0x0000, 0x0000, 0x0000, 0x0000, 0x0000, 0x0000, 0x0000,   // 0x34F0 (13552) pixels
0x0000, 0x0000, 0x0000, 0x0000, 0x0000, 0x0000, 0x0000, 0x0000, 0x0000, 0x0000, 0x0000, 0x0000, 0x0000, 0x0000, 0x0000, 0x0000,   // 0x3500 (13568) pixels
0x0000, 0x0000, 0x0000, 0x0000, 0x0000, 0x0000, 0x0000, 0x0000, 0x0000, 0x0000, 0x0000, 0x0000, 0x0000, 0x0000, 0x0000, 0x0000,   // 0x3510 (13584) pixels
0x0000, 0x0000, 0x0000, 0x0000, 0x0000, 0x0000, 0x0000, 0x0000, 0x0000, 0x0000, 0x0000, 0x0000, 0x0000, 0x0000, 0x0000, 0x0000,   // 0x3520 (13600) pixels
0x0000, 0x0000, 0x0000, 0x0000, 0x0000, 0x0000, 0x0000, 0x0000, 0x0000, 0x0000, 0x0000, 0x0000, 0x0000, 0x0000, 0x0000, 0x0000,   // 0x3530 (13616) pixels
0x0000, 0x0000, 0x0000, 0x0000, 0x0000, 0x0000, 0x0000, 0x0000, 0x0000, 0x0000, 0x0000, 0x0000, 0x0000, 0x0000, 0x0000, 0x0000,   // 0x3540 (13632) pixels
0x0000, 0x0000, 0x0000, 0x0000, 0x0000, 0x0000, 0x0000, 0x0000, 0x0000, 0x0000, 0x0000, 0x0000, 0x0000, 0x0000, 0x0000, 0x0000,   // 0x3550 (13648) pixels
0x0000, 0x0000, 0x0000, 0x0000, 0x0000, 0x0000, 0x0000, 0x0000, 0x0000, 0x0000, 0x0000, 0x0000, 0x0000, 0x0000, 0x0000, 0x0000,   // 0x3560 (13664) pixels
0x0000, 0x0000, 0x0000, 0x0000, 0x0000, 0x0000, 0x0000, 0x0000, 0x0000, 0x0000, 0x0000, 0x0000, 0x0000, 0x0000, 0x0000, 0x0000,   // 0x3570 (13680) pixels
0x0000, 0x0000, 0x0000, 0x0000, 0x0000, 0x0000, 0x0000, 0x0000, 0x0000, 0x0000, 0x0000, 0x0000, 0x0000, 0x0000, 0x0000, 0x0000,   // 0x3580 (13696) pixels
0x0000, 0x0000, 0x0000, 0x0000, 0x0000, 0x0000, 0x0000, 0x0000, 0x0000, 0x0000, 0x0000, 0x0000, 0x0000, 0x0000, 0x0000, 0x0000,   // 0x3590 (13712) pixels
0x0000, 0x0000, 0x0000, 0x0000, 0x0000, 0x0000, 0x0000, 0x0000, 0x0000, 0x0000, 0x0000, 0x0000, 0x0000, 0x0000, 0x0000, 0x0000,   // 0x35A0 (13728) pixels
0x0000, 0x0000, 0x0000, 0x0000, 0x0000, 0x0000, 0x0000, 0x0000, 0x0000, 0x0000, 0x0000, 0x0000, 0x0000, 0x0000, 0x0000, 0x0000,   // 0x35B0 (13744) pixels
0x0000, 0x0000, 0x0000, 0x0000, 0x0000, 0x0000, 0x0000, 0x0000, 0x0000, 0x0000, 0x0000, 0x0000, 0x0000, 0x0000, 0x0000, 0x0000,   // 0x35C0 (13760) pixels
0x0000, 0x0000, 0x0000, 0x0000, 0x0000, 0x0000, 0x0000, 0x0000, 0x0000, 0x0000, 0x0000, 0x0000, 0x0000, 0x0000, 0x0000, 0x0000,   // 0x35D0 (13776) pixels
0x0000, 0x0000, 0x0000, 0x0000, 0x0000, 0x0000, 0x0000, 0x0000, 0x0000, 0x0000, 0x0000, 0x0000, 0x0000, 0x0000, 0x0000, 0x0000,   // 0x35E0 (13792) pixels
0x0000, 0x0000, 0x0000, 0x0000, 0x0000, 0x0000, 0x0000, 0x0000, 0x0000, 0x0000, 0x0000, 0x0000, 0x0000, 0x0000, 0x0000, 0x0000,   // 0x35F0 (13808) pixels
0x0000, 0x0000, 0x0000, 0x0000, 0x0000, 0x0000, 0x0000, 0x0000, 0x0000, 0x0000, 0x0000, 0x0000, 0x0000, 0x0000, 0x0000, 0x0000,   // 0x3600 (13824) pixels
0x0000, 0x0000, 0x0000, 0x0000, 0x0000, 0x0000, 0x0000, 0x0000, 0x0000, 0x0000, 0x0000, 0x0000, 0x0000, 0x0000, 0x0000, 0x0000,   // 0x3610 (13840) pixels
0x0000, 0x0000, 0x0000, 0x0000, 0x0000, 0x0000, 0x0000, 0x0000, 0x0000, 0x0000, 0x0000, 0x0000, 0x0000, 0x0000, 0x0000, 0x0000,   // 0x3620 (13856) pixels
0x0000, 0x0000, 0x0000, 0x0000, 0x0000, 0x0000, 0x0000, 0x0000, 0x0000, 0x0000, 0x0000, 0x0000, 0x0000, 0x0000, 0x0000, 0x0000,   // 0x3630 (13872) pixels
0x0000, 0x0000, 0x0000, 0x0000, 0x0000, 0x0000, 0x0000, 0x0000, 0x0000, 0x0000, 0x0000, 0x0000, 0x0000, 0x0000, 0x0000, 0x0000,   // 0x3640 (13888) pixels
0x0000, 0x0000, 0x0000, 0x0000, 0x0000, 0x0000, 0x0000, 0x0000, 0x0000, 0x0000, 0x0000, 0x0000, 0x0000, 0x0000, 0x0000, 0x0000,   // 0x3650 (13904) pixels
0x0000, 0x0000, 0x0000, 0x0000, 0x0000, 0x0000, 0x0000, 0x0000, 0x0000, 0x0000, 0x0000, 0x0000, 0x0000, 0x0000, 0x0000, 0x0000,   // 0x3660 (13920) pixels
0x0000, 0x0000, 0x0000, 0x0000, 0x0000, 0x0000, 0x0000, 0x0000, 0x0000, 0x0000, 0x0000, 0x0000, 0x0000, 0x0000, 0x0000, 0x0000,   // 0x3670 (13936) pixels
0x0000, 0x0000, 0x0000, 0x0000, 0x0000, 0x0000, 0x0000, 0x0000, 0x0000, 0x0000, 0x0000, 0x0000, 0x0000, 0x0000, 0x0000, 0x0000,   // 0x3680 (13952) pixels
0x0000, 0x0000, 0x0000, 0x0000, 0x0000, 0x0000, 0x0000, 0x0000, 0x0000, 0x0000, 0x0000, 0x0000, 0x0000, 0x0000, 0x0000, 0x0000,   // 0x3690 (13968) pixels
0x0000, 0x0000, 0x0000, 0x0000, 0x0000, 0x0000, 0x0000, 0x0000, 0x0000, 0x0000, 0x0000, 0x0000, 0x0000, 0x0000, 0x0000, 0x0000,   // 0x36A0 (13984) pixels
0x0000, 0x0000, 0x0000, 0x0000, 0x0000, 0x0000, 0x0000, 0x0000, 0x0000, 0x0000, 0x0000, 0x0000, 0x0000, 0x0000, 0x0000, 0x0000,   // 0x36B0 (14000) pixels
0x0000, 0x0000, 0x0000, 0x0000, 0x0000, 0x0000, 0x0000, 0x0000, 0x0000, 0x0000, 0x0000, 0x0000, 0x0000, 0x0000, 0x0000, 0x0000,   // 0x36C0 (14016) pixels
0x0000, 0x0000, 0x0000, 0x0000, 0x0000, 0x0000, 0x0000, 0x0000, 0x0000, 0x0000, 0x0000, 0x0000, 0x0000, 0x0000, 0x0000, 0x0000,   // 0x36D0 (14032) pixels
0x0000, 0x0000, 0x0000, 0x0000, 0x0000, 0x0000, 0x0000, 0x0000, 0x0000, 0x0000, 0x0000, 0x0000, 0x0000, 0x0000, 0x0000, 0x0000,   // 0x36E0 (14048) pixels
0x0000, 0x0000, 0x0000, 0x0000, 0x0000, 0x0000, 0x0000, 0x0000, 0x0000, 0x0000, 0x0000, 0x0000, 0x0000, 0x0000, 0x0000, 0x0000,   // 0x36F0 (14064) pixels
0x0000, 0x0000, 0x0000, 0x0000, 0x0000, 0x0000, 0x0000, 0x0000, 0x0000, 0x0000, 0x0000, 0x0000, 0x0000, 0x0000, 0x0000, 0x0000,   // 0x3700 (14080) pixels
0x0000, 0x0000, 0x0000, 0x0000, 0x0000, 0x0000, 0x0000, 0x0000, 0x0000, 0x0000, 0x0000, 0x0000, 0x0000, 0x0000, 0x0000, 0x0000,   // 0x3710 (14096) pixels
0x0000, 0x0000, 0x0000, 0x0000, 0x0000, 0x0000, 0x0000, 0x0000, 0x0000, 0x0000, 0x0000, 0x0000, 0x0000, 0x0000, 0x0000, 0x0000,   // 0x3720 (14112) pixels
0x0000, 0x0000, 0x0000, 0x0000, 0x0000, 0x0000, 0x0000, 0x0000, 0x0000, 0x0000, 0x0000, 0x0000, 0x0000, 0x0000, 0x0000, 0x0000,   // 0x3730 (14128) pixels
0x0000, 0x0000, 0x0000, 0x0000, 0x0000, 0x0000, 0x0000, 0x0000, 0x0000, 0x0000, 0x0000, 0x0000, 0x0000, 0x0000, 0x0000, 0x0000,   // 0x3740 (14144) pixels
0x0000, 0x0000, 0x0000, 0x0000, 0x0000, 0x0000, 0x0000, 0x0000, 0x0000, 0x0000, 0x0000, 0x0000, 0x0000, 0x0000, 0x0000, 0x0000,   // 0x3750 (14160) pixels
0x0000, 0x0000, 0x0000, 0x0000, 0x0000, 0x0000, 0x0000, 0x0000, 0x0000, 0x0000, 0x0000, 0x0000, 0x0000, 0x0000, 0x0000, 0x0000,   // 0x3760 (14176) pixels
0x0000, 0x0000, 0x0000, 0x0000, 0x0000, 0x0000, 0x0000, 0x0000, 0x0000, 0x0000, 0x0000, 0x0000, 0x0000, 0x0000, 0x0000, 0x0000,   // 0x3770 (14192) pixels
0x0000, 0x0000, 0x0000, 0x0000, 0x0000, 0x0000, 0x0000, 0x0000, 0x0000, 0x0000, 0x0000, 0x0000, 0x0000, 0x0000, 0x0000, 0x0000,   // 0x3780 (14208) pixels
0x0000, 0x0000, 0x0000, 0x0000, 0x0000, 0x0000, 0x0000, 0x0000, 0x0000, 0x0000, 0x0000, 0x0000, 0x0000, 0x0000, 0x0000, 0x0000,   // 0x3790 (14224) pixels
0x0000, 0x0000, 0x0000, 0x0000, 0x0000, 0x0000, 0x0000, 0x0000, 0x0000, 0x0000, 0x0000, 0x0000, 0x0000, 0x0000, 0x0000, 0x0000,   // 0x37A0 (14240) pixels
0x0000, 0x0000, 0x0000, 0x0000, 0x0000, 0x0000, 0x0000, 0x0000, 0x0000, 0x0000, 0x0000, 0x0000, 0x0000, 0x0000, 0x0000, 0x0000,   // 0x37B0 (14256) pixels
0x0000, 0x0000, 0x0000, 0x0000, 0x0000, 0x0000, 0x0000, 0x0000, 0x0000, 0x0000, 0x0000, 0x0000, 0x0000, 0x0000, 0x0000, 0x0000,   // 0x37C0 (14272) pixels
0x0000, 0x0000, 0x0000, 0x0000, 0x0000, 0x0000, 0x0000, 0x0000, 0x0000, 0x0000, 0x0000, 0x0000, 0x0000, 0x0000, 0x0000, 0x0000,   // 0x37D0 (14288) pixels
0x0000, 0x0000, 0x0000, 0x0000, 0x0000, 0x0000, 0x0000, 0x0000, 0x0000, 0x0000, 0x0000, 0x0000, 0x0000, 0x0000, 0x0000, 0x0000,   // 0x37E0 (14304) pixels
0x0000, 0x0000, 0x0000, 0x0000, 0x0000, 0x0000, 0x0000, 0x0000, 0x0000, 0x0000, 0x0000, 0x0000, 0x0000, 0x0000, 0x0000, 0x0000,   // 0x37F0 (14320) pixels
0x0000, 0x0000, 0x0000, 0x0000, 0x0000, 0x0000, 0x0000, 0x0000, 0x0000, 0x0000, 0x0000, 0x0000, 0x0000, 0x0000, 0x0000, 0x0000,   // 0x3800 (14336) pixels
0x0000, 0x0000, 0x0000, 0x0000, 0x0000, 0x0000, 0x0000, 0x0000, 0x0000, 0x0000, 0x0000, 0x0000, 0x0000, 0x0000, 0x0000, 0x0000,   // 0x3810 (14352) pixels
0x0000, 0x0000, 0x0000, 0x0000, 0x0000, 0x0000, 0x0000, 0x0000, 0x0000, 0x0000, 0x0000, 0x0000, 0x0000, 0x0000, 0x0000, 0x0000,   // 0x3820 (14368) pixels
0x0000, 0x0000, 0x0000, 0x0000, 0x0000, 0x0000, 0x0000, 0x0000, 0x0000, 0x0000, 0x0000, 0x0000, 0x0000, 0x0000, 0x0000, 0x0000,   // 0x3830 (14384) pixels
0x0000, 0x0000, 0x0000, 0x0000, 0x0000, 0x0000, 0x0000, 0x0000, 0x0000, 0x0000, 0x0000, 0x0000, 0x0000, 0x0000, 0x0000, 0x0000,   // 0x3840 (14400) pixels
0x0000, 0x0000, 0x0000, 0x0000, 0x0000, 0x0000, 0x0000, 0x0000, 0x0000, 0x0000, 0x0000, 0x0000, 0x0000, 0x0000, 0x0000, 0x0000,   // 0x3850 (14416) pixels
0x0000, 0x0000, 0x0000, 0x0000, 0x0000, 0x0000, 0x0000, 0x0000, 0x0000, 0x0000, 0x0000, 0x0000, 0x0000, 0x0000, 0x0000, 0x0000,   // 0x3860 (14432) pixels
0x0000, 0x0000, 0x0000, 0x0000, 0x0000, 0x0000, 0x0000, 0x0000, 0x0000, 0x0000, 0x0000, 0x0000, 0x0000, 0x0000, 0x0000, 0x0000,   // 0x3870 (14448) pixels
0x0000, 0x0000, 0x0000, 0x0000, 0x0000, 0x0000, 0x0000, 0x0000, 0x0000, 0x0000, 0x0000, 0x0000, 0x0000, 0x0000, 0x0000, 0x0000,   // 0x3880 (14464) pixels
0x0000, 0x0000, 0x0000, 0x0000, 0x0000, 0x0000, 0x0000, 0x0000, 0x0000, 0x0000, 0x0000, 0x0000, 0x0000, 0x0000, 0x0000, 0x0000,   // 0x3890 (14480) pixels
0x0000, 0x0000, 0x0000, 0x0000, 0x0000, 0x0000, 0x0000, 0x0000, 0x0000, 0x0000, 0x0000, 0x0000, 0x0000, 0x0000, 0x0000, 0x0000,   // 0x38A0 (14496) pixels
0x0000, 0x0000, 0x0000, 0x0000, 0x0000, 0x0000, 0x0000, 0x0000, 0x0000, 0x0000, 0x0000, 0x0000, 0x0000, 0x0000, 0x0000, 0x0000,   // 0x38B0 (14512) pixels
0x0000, 0x0000, 0x0000, 0x0000, 0x0000, 0x0000, 0x0000, 0x0000, 0x0000, 0x0000, 0x0000, 0x0000, 0x0000, 0x0000, 0x0000, 0x0000,   // 0x38C0 (14528) pixels
0x0000, 0x0000, 0x0000, 0x0000, 0x0000, 0x0000, 0x0000, 0x0000, 0x0000, 0x0000, 0x0000, 0x0000, 0x0000, 0x0000, 0x0000, 0x0000,   // 0x38D0 (14544) pixels
0x0000, 0x0000, 0x0000, 0x0000, 0x0000, 0x0000, 0x0000, 0x0000, 0x0000, 0x0000, 0x0000, 0x0000, 0x0000, 0x0000, 0x0000, 0x0000,   // 0x38E0 (14560) pixels
0x0000, 0x0000, 0x0000, 0x0000, 0x0000, 0x0000, 0x0000, 0x0000, 0x0000, 0x0000, 0x0000, 0x0000, 0x0000, 0x0000, 0x0000, 0x0000,   // 0x38F0 (14576) pixels
0x0000, 0x0000, 0x0000, 0x0000, 0x0000, 0x0000, 0x0000, 0x0000, 0x0000, 0x0000, 0x0000, 0x0000, 0x0000, 0x0000, 0x0000, 0x0000,   // 0x3900 (14592) pixels
0x0000, 0x0000, 0x0000, 0x0000, 0x0000, 0x0000, 0x0000, 0x0000, 0x0000, 0x0000, 0x0000, 0x0000, 0x0000, 0x0000, 0x0000, 0x0000,   // 0x3910 (14608) pixels
0x0000, 0x0000, 0x0000, 0x0000, 0x0000, 0x0000, 0x0000, 0x0000, 0x0000, 0x0000, 0x0000, 0x0000, 0x0000, 0x0000, 0x0000, 0x0000,   // 0x3920 (14624) pixels
0x0000, 0x0000, 0x0000, 0x0000, 0x0000, 0x0000, 0x0000, 0x0000, 0x0000, 0x0000, 0x0000, 0x0000, 0x0000, 0x0000, 0x0000, 0x0000,   // 0x3930 (14640) pixels
0x0000, 0x0000, 0x0000, 0x0000, 0x0000, 0x0000, 0x0000, 0x0000, 0x0000, 0x0000, 0x0000, 0x0000, 0x0000, 0x0000, 0x0000, 0x0000,   // 0x3940 (14656) pixels
0x0000, 0x0000, 0x0000, 0x0000, 0x0000, 0x0000, 0x0000, 0x0000, 0x0000, 0x0000, 0x0000, 0x0000, 0x0000, 0x0000, 0x0000, 0x0000,   // 0x3950 (14672) pixels
0x0000, 0x0000, 0x0000, 0x0000, 0x0000, 0x0000, 0x0000, 0x0000, 0x0000, 0x0000, 0x0000, 0x0000, 0x0000, 0x0000, 0x0000, 0x0000,   // 0x3960 (14688) pixels
0x0000, 0x0000, 0x0000, 0x0000, 0x0000, 0x0000, 0x0000, 0x0000, 0x0000, 0x0000, 0x0000, 0x0000, 0x0000, 0x0000, 0x0000, 0x0000,   // 0x3970 (14704) pixels
0x0000, 0x0000, 0x0000, 0x0000, 0x0000, 0x0000, 0x0000, 0x0000, 0x0000, 0x0000, 0x0000, 0x0000, 0x0000, 0x0000, 0x0000, 0x0000,   // 0x3980 (14720) pixels
0x0000, 0x0000, 0x0000, 0x0000, 0x0000, 0x0000, 0x0000, 0x0000, 0x0000, 0x0000, 0x0000, 0x0000, 0x0000, 0x0000, 0x0000, 0x0000,   // 0x3990 (14736) pixels
0x0000, 0x0000, 0x0000, 0x0000, 0x0000, 0x0000, 0x0000, 0x0000, 0x0000, 0x0000, 0x0000, 0x0000, 0x0000, 0x0000, 0x0000, 0x0000,   // 0x39A0 (14752) pixels
0x0000, 0x0000, 0x0000, 0x0000, 0x0000, 0x0000, 0x0000, 0x0000, 0x0000, 0x0000, 0x0000, 0x0000, 0x0000, 0x0000, 0x0000, 0x0000,   // 0x39B0 (14768) pixels
0x0000, 0x0000, 0x0000, 0x0000, 0x0000, 0x0000, 0x0000, 0x0000, 0x0000, 0x0000, 0x0000, 0x0000, 0x0000, 0x0000, 0x0000, 0x0000,   // 0x39C0 (14784) pixels
0x0000, 0x0000, 0x0000, 0x0000, 0x0000, 0x0000, 0x0000, 0x0000, 0x0000, 0x0000, 0x0000, 0x0000, 0x0000, 0x0000, 0x0000, 0x0000,   // 0x39D0 (14800) pixels
0x0000, 0x0000, 0x0000, 0x0000, 0x0000, 0x0000, 0x0000, 0x0000, 0x0000, 0x0000, 0x0000, 0x0000, 0x0000, 0x0000, 0x0000, 0x0000,   // 0x39E0 (14816) pixels
0x0000, 0x0000, 0x0000, 0x0000, 0x0000, 0x0000, 0x0000, 0x0000, 0x0000, 0x0000, 0x0000, 0x0000, 0x0000, 0x0000, 0x0000, 0x0000,   // 0x39F0 (14832) pixels
0x0000, 0x0000, 0x0000, 0x0000, 0x0000, 0x0000, 0x0000, 0x0000, 0x0000, 0x0000, 0x0000, 0x0000, 0x0000, 0x0000, 0x0000, 0x0000,   // 0x3A00 (14848) pixels
0x0000, 0x0000, 0x0000, 0x0000, 0x0000, 0x0000, 0x0000, 0x0000, 0x0000, 0x0000, 0x0000, 0x0000, 0x0000, 0x0000, 0x0000, 0x0000,   // 0x3A10 (14864) pixels
0x0000, 0x0000, 0x0000, 0x0000, 0x0000, 0x0000, 0x0000, 0x0000, 0x0000, 0x0000, 0x0000, 0x0000, 0x0000, 0x0000, 0x0000, 0x0000,   // 0x3A20 (14880) pixels
0x0000, 0x0000, 0x0000, 0x0000, 0x0000, 0x0000, 0x0000, 0x0000, 0x0000, 0x0000, 0x0000, 0x0000, 0x0000, 0x0000, 0x0000, 0x0000,   // 0x3A30 (14896) pixels
0x0000, 0x0000, 0x0000, 0x0000, 0x0000, 0x0000, 0x0000, 0x0000, 0x0000, 0x0000, 0x0000, 0x0000, 0x0000, 0x0000, 0x0000, 0x0000,   // 0x3A40 (14912) pixels
0x0000, 0x0000, 0x0000, 0x0000, 0x0000, 0x0000, 0x0000, 0x0000, 0x0000, 0x0000, 0x0000, 0x0000, 0x0000, 0x0000, 0x0000, 0x0000,   // 0x3A50 (14928) pixels
0x0000, 0x0000, 0x0000, 0x0000, 0x0000, 0x0000, 0x0000, 0x0000, 0x0000, 0x0000, 0x0000, 0x0000, 0x0000, 0x0000, 0x0000, 0x0000,   // 0x3A60 (14944) pixels
0x0000, 0x0000, 0x0000, 0x0000, 0x0000, 0x0000, 0x0000, 0x0000, 0x0000, 0x0000, 0x0000, 0x0000, 0x0000, 0x0000, 0x0000, 0x0000,   // 0x3A70 (14960) pixels
0x0000, 0x0000, 0x0000, 0x0000, 0x0000, 0x0000, 0x0000, 0x0000, 0x0000, 0x0000, 0x0000, 0x0000, 0x0000, 0x0000, 0x0000, 0x0000,   // 0x3A80 (14976) pixels
0x0000, 0x0000, 0x0000, 0x0000, 0x0000, 0x0000, 0x0000, 0x0000, 0x0000, 0x0000, 0x0000, 0x0000, 0x0000, 0x0000, 0x0000, 0x0000,   // 0x3A90 (14992) pixels
0x0000, 0x0000, 0x0000, 0x0000, 0x0000, 0x0000, 0x0000, 0x0000, 0x0000, 0x0000, 0x0000, 0x0000, 0x0000, 0x0000, 0x0000, 0x0000,   // 0x3AA0 (15008) pixels
0x0000, 0x0000, 0x0000, 0x0000, 0x0000, 0x0000, 0x0000, 0x0000, 0x0000, 0x0000, 0x0000, 0x0000, 0x0000, 0x0000, 0x0000, 0x0000,   // 0x3AB0 (15024) pixels
0x0000, 0x0000, 0x0000, 0x0000, 0x0000, 0x0000, 0x0000, 0x0000, 0x0000, 0x0000, 0x0000, 0x0000, 0x0000, 0x0000, 0x0000, 0x0000,   // 0x3AC0 (15040) pixels
0x0000, 0x0000, 0x0000, 0x0000, 0x0000, 0x0000, 0x0000, 0x0000, 0x0000, 0x0000, 0x0000, 0x0000, 0x0000, 0x0000, 0x0000, 0x0000,   // 0x3AD0 (15056) pixels
0x0000, 0x0000, 0x0000, 0x0000, 0x0000, 0x0000, 0x0000, 0x0000, 0x0000, 0x0000, 0x0000, 0x0000, 0x0000, 0x0000, 0x0000, 0x0000,   // 0x3AE0 (15072) pixels
0x0000, 0x0000, 0x0000, 0x0000, 0x0000, 0x0000, 0x0000, 0x0000, 0x0000, 0x0000, 0x0000, 0x0000, 0x0000, 0x0000, 0x0000, 0x0000,   // 0x3AF0 (15088) pixels
0x0000, 0x0000, 0x0000, 0x0000, 0x0000, 0x0000, 0x0000, 0x0000, 0x0000, 0x0000, 0x0000, 0x0000, 0x0000, 0x0000, 0x0000, 0x0000,   // 0x3B00 (15104) pixels
0x0000, 0x0000, 0x0000, 0x0000, 0x0000, 0x0000, 0x0000, 0x0000, 0x0000, 0x0000, 0x0000, 0x0000, 0x0000, 0x0000, 0x0000, 0x0000,   // 0x3B10 (15120) pixels
0x0000, 0x0000, 0x0000, 0x0000, 0x0000, 0x0000, 0x0000, 0x0000, 0x0000, 0x0000, 0x0000, 0x0000, 0x0000, 0x0000, 0x0000, 0x0000,   // 0x3B20 (15136) pixels
0x0000, 0x0000, 0x0000, 0x0000, 0x0000, 0x0000, 0x0000, 0x0000, 0x0000, 0x0000, 0x0000, 0x0000, 0x0000, 0x0000, 0x0000, 0x0000,   // 0x3B30 (15152) pixels
0x0000, 0x0000, 0x0000, 0x0000, 0x0000, 0x0000, 0x0000, 0x0000, 0x0000, 0x0000, 0x0000, 0x0000, 0x0000, 0x0000, 0x0000, 0x0000,   // 0x3B40 (15168) pixels
0x0000, 0x0000, 0x0000, 0x0000, 0x0000, 0x0000, 0x0000, 0x0000, 0x0000, 0x0000, 0x0000, 0x0000, 0x0000, 0x0000, 0x0000, 0x0000,   // 0x3B50 (15184) pixels
0x0000, 0x0000, 0x0000, 0x0000, 0x0000, 0x0000, 0x0000, 0x0000, 0x0000, 0x0000, 0x0000, 0x0000, 0x0000, 0x0000, 0x0000, 0x0000,   // 0x3B60 (15200) pixels
0x0000, 0x0000, 0x0000, 0x0000, 0x0000, 0x0000, 0x0000, 0x0000, 0x0000, 0x0000, 0x0000, 0x0000, 0x0000, 0x0000, 0x0000, 0x0000,   // 0x3B70 (15216) pixels
0x0000, 0x0000, 0x0000, 0x0000, 0x0000, 0x0000, 0x0000, 0x0000, 0x0000, 0x0000, 0x0000, 0x0000, 0x0000, 0x0000, 0x0000, 0x0000,   // 0x3B80 (15232) pixels
0x0000, 0x0000, 0x0000, 0x0000, 0x0000, 0x0000, 0x0000, 0x0000, 0x0000, 0x0000, 0x0000, 0x0000, 0x0000, 0x0000, 0x0000, 0x0000,   // 0x3B90 (15248) pixels
0x0000, 0x0000, 0x0000, 0x0000, 0x0000, 0x0000, 0x0000, 0x0000, 0x0000, 0x0000, 0x0000, 0x0000, 0x0000, 0x0000, 0x0000, 0x0000,   // 0x3BA0 (15264) pixels
0x0000, 0x0000, 0x0000, 0x0000, 0x0000, 0x0000, 0x0000, 0x0000, 0x0000, 0x0000, 0x0000, 0x0000, 0x0000, 0x0000, 0x0000, 0x0000,   // 0x3BB0 (15280) pixels
0x0000, 0x0000, 0x0000, 0x0000, 0x0000, 0x0000, 0x0000, 0x0000, 0x0000, 0x0000, 0x0000, 0x0000, 0x0000, 0x0000, 0x0000, 0x0000,   // 0x3BC0 (15296) pixels
0x0000, 0x0000, 0x0000, 0x0000, 0x0000, 0x0000, 0x0000, 0x0000, 0x0000, 0x0000, 0x0000, 0x0000, 0x0000, 0x0000, 0x0000, 0x0000,   // 0x3BD0 (15312) pixels
0x0000, 0x0000, 0x0000, 0x0000, 0x0000, 0x0000, 0x0000, 0x0000, 0x0000, 0x0000, 0x0000, 0x0000, 0x0000, 0x0000, 0x0000, 0x0000,   // 0x3BE0 (15328) pixels
0x0000, 0x0000, 0x0000, 0x0000, 0x0000, 0x0000, 0x0000, 0x0000, 0x0000, 0x0000, 0x0000, 0x0000, 0x0000, 0x0000, 0x0000, 0x0000,   // 0x3BF0 (15344) pixels
0x0000, 0x0000, 0x0000, 0x0000, 0x0000, 0x0000, 0x0000, 0x0000, 0x0000, 0x0000, 0x0000, 0x0000, 0x0000, 0x0000, 0x0000, 0x0000,   // 0x3C00 (15360) pixels
0x0000, 0x0000, 0x0000, 0x0000, 0x0000, 0x0000, 0x0000, 0x0000, 0x0000, 0x0000, 0x0000, 0x0000, 0x0000, 0x0000, 0x0000, 0x0000,   // 0x3C10 (15376) pixels
0x0000, 0x0000, 0x0000, 0x0000, 0x0000, 0x0000, 0x0000, 0x0000, 0x0000, 0x0000, 0x0000, 0x0000, 0x0000, 0x0000, 0x0000, 0x0000,   // 0x3C20 (15392) pixels
0x0000, 0x0000, 0x0000, 0x0000, 0x0000, 0x0000, 0x0000, 0x0000, 0x0000, 0x0000, 0x0000, 0x0000, 0x0000, 0x0000, 0x0000, 0x0000,   // 0x3C30 (15408) pixels
0x0000, 0x0000, 0x0000, 0x0000, 0x0000, 0x0000, 0x0000, 0x0000, 0x0000, 0x0000, 0x0000, 0x0000, 0x0000, 0x0000, 0x0000, 0x0000,   // 0x3C40 (15424) pixels
0x0000, 0x0000, 0x0000, 0x0000, 0x0000, 0x0000, 0x0000, 0x0000, 0x0000, 0x0000, 0x0000, 0x0000, 0x0000, 0x0000, 0x0000, 0x0000,   // 0x3C50 (15440) pixels
0x0000, 0x0000, 0x0000, 0x0000, 0x0000, 0x0000, 0x0000, 0x0000, 0x0000, 0x0000, 0x0000, 0x0000, 0x0000, 0x0000, 0x0000, 0x0000,   // 0x3C60 (15456) pixels
0x0000, 0x0000, 0x0000, 0x0000, 0x0000, 0x0000, 0x0000, 0x0000, 0x0000, 0x0000, 0x0000, 0x0000, 0x0000, 0x0000, 0x0000, 0x0000,   // 0x3C70 (15472) pixels
0x0000, 0x0000, 0x0000, 0x0000, 0x0000, 0x0000, 0x0000, 0x0000, 0x0000, 0x0000, 0x0000, 0x0000, 0x0000, 0x0000, 0x0000, 0x0000,   // 0x3C80 (15488) pixels
0x0000, 0x0000, 0x0000, 0x0000, 0x0000, 0x0000, 0x0000, 0x0000, 0x0000, 0x0000, 0x0000, 0x0000, 0x0000, 0x0000, 0x0000, 0x0000,   // 0x3C90 (15504) pixels
0x0000, 0x0000, 0x0000, 0x0000, 0x0000, 0x0000, 0x0000, 0x0000, 0x0000, 0x0000, 0x0000, 0x0000, 0x0000, 0x0000, 0x0000, 0x0000,   // 0x3CA0 (15520) pixels
0x0000, 0x0000, 0x0000, 0x0000, 0x0000, 0x0000, 0x0000, 0x0000, 0x0000, 0x0000, 0x0000, 0x0000, 0x0000, 0x0000, 0x0000, 0x0000,   // 0x3CB0 (15536) pixels
0x0000, 0x0000, 0x0000, 0x0000, 0x0000, 0x0000, 0x0000, 0x0000, 0x0000, 0x0000, 0x0000, 0x0000, 0x0000, 0x0000, 0x0000, 0x0000,   // 0x3CC0 (15552) pixels
0x0000, 0x0000, 0x0000, 0x0000, 0x0000, 0x0000, 0x0000, 0x0000, 0x0000, 0x0000, 0x0000, 0x0000, 0x0000, 0x0000, 0x0000, 0x0000,   // 0x3CD0 (15568) pixels
0x0000, 0x0000, 0x0000, 0x0000, 0x0000, 0x0000, 0x0000, 0x0000, 0x0000, 0x0000, 0x0000, 0x0000, 0x0000, 0x0000, 0x0000, 0x0000,   // 0x3CE0 (15584) pixels
0x0000, 0x0000, 0x0000, 0x0000, 0x0000, 0x0000, 0x0000, 0x0000, 0x0000, 0x0000, 0x0000, 0x0000, 0x0000, 0x0000, 0x0000, 0x0000,   // 0x3CF0 (15600) pixels
0x0000, 0x0000, 0x0000, 0x0000, 0x0000, 0x0000, 0x0000, 0x0000, 0x0000, 0x0000, 0x0000, 0x0000, 0x0000, 0x0000, 0x0000, 0x0000,   // 0x3D00 (15616) pixels
0x0000, 0x0000, 0x0000, 0x0000, 0x0000, 0x0000, 0x0000, 0x0000, 0x0000, 0x0000, 0x0000, 0x0000, 0x0000, 0x0000, 0x0000, 0x0000,   // 0x3D10 (15632) pixels
0x0000, 0x0000, 0x0000, 0x0000, 0x0000, 0x0000, 0x0000, 0x0000, 0x0000, 0x0000, 0x0000, 0x0000, 0x0000, 0x0000, 0x0000, 0x0000,   // 0x3D20 (15648) pixels
0x0000, 0x0000, 0x0000, 0x0000, 0x0000, 0x0000, 0x0000, 0x0000, 0x0000, 0x0000, 0x0000, 0x0000, 0x0000, 0x0000, 0x0000, 0x0000,   // 0x3D30 (15664) pixels
0x0000, 0x0000, 0x0000, 0x0000, 0x0000, 0x0000, 0x0000, 0x0000, 0x0000, 0x0000, 0x0000, 0x0000, 0x0000, 0x0000, 0x0000, 0x0000,   // 0x3D40 (15680) pixels
0x0000, 0x0000, 0x0000, 0x0000, 0x0000, 0x0000, 0x0000, 0x0000, 0x0000, 0x0000, 0x0000, 0x0000, 0x0000, 0x0000, 0x0000, 0x0000,   // 0x3D50 (15696) pixels
0x0000, 0x0000, 0x0000, 0x0000, 0x0000, 0x0000, 0x0000, 0x0000, 0x0000, 0x0000, 0x0000, 0x0000, 0x0000, 0x0000, 0x0000, 0x0000,   // 0x3D60 (15712) pixels
0x0000, 0x0000, 0x0000, 0x0000, 0x0000, 0x0000, 0x0000, 0x0000, 0x0000, 0x0000, 0x0000, 0x0000, 0x0000, 0x0000, 0x0000, 0x0000,   // 0x3D70 (15728) pixels
0x0000, 0x0000, 0x0000, 0x0000, 0x0000, 0x0000, 0x0000, 0x0000, 0x0000, 0x0000, 0x0000, 0x0000, 0x0000, 0x0000, 0x0000, 0x0000,   // 0x3D80 (15744) pixels
0x0000, 0x0000, 0x0000, 0x0000, 0x0000, 0x0000, 0x0000, 0x0000, 0x0000, 0x0000, 0x0000, 0x0000, 0x0000, 0x0000, 0x0000, 0x0000,   // 0x3D90 (15760) pixels
0x0000, 0x0000, 0x0000, 0x0000, 0x0000, 0x0000, 0x0000, 0x0000, 0x0000, 0x0000, 0x0000, 0x0000, 0x0000, 0x0000, 0x0000, 0x0000,   // 0x3DA0 (15776) pixels
0x0000, 0x0000, 0x0000, 0x0000, 0x0000, 0x0000, 0x0000, 0x0000, 0x0000, 0x0000, 0x0000, 0x0000, 0x0000, 0x0000, 0x0000, 0x0000,   // 0x3DB0 (15792) pixels
0x0000, 0x0000, 0x0000, 0x0000, 0x0000, 0x0000, 0x0000, 0x0000, 0x0000, 0x0000, 0x0000, 0x0000, 0x0000, 0x0000, 0x0000, 0x0000,   // 0x3DC0 (15808) pixels
0x0000, 0x0000, 0x0000, 0x0000, 0x0000, 0x0000, 0x0000, 0x0000, 0x0000, 0x0000, 0x0000, 0x0000, 0x0000, 0x0000, 0x0000, 0x0000,   // 0x3DD0 (15824) pixels
0x0000, 0x0000, 0x0000, 0x0000, 0x0000, 0x0000, 0x0000, 0x0000, 0x0000, 0x0000, 0x0000, 0x0000, 0x0000, 0x0000, 0x0000, 0x0000,   // 0x3DE0 (15840) pixels
0x0000, 0x0000, 0x0000, 0x0000, 0x0000, 0x0000, 0x0000, 0x0000, 0x0000, 0x0000, 0x0000, 0x0000, 0x0000, 0x0000, 0x0000, 0x0000,   // 0x3DF0 (15856) pixels
0x0000, 0x0000, 0x0000, 0x0000, 0x0000, 0x0000, 0x0000, 0x0000, 0x0000, 0x0000, 0x0000, 0x0000, 0x0000, 0x0000, 0x0000, 0x0000,   // 0x3E00 (15872) pixels
0x0000, 0x0000, 0x0000, 0x0000, 0x0000, 0x0000, 0x0000, 0x0000, 0x0000, 0x0000, 0x0000, 0x0000, 0x0000, 0x0000, 0x0000, 0x0000,   // 0x3E10 (15888) pixels
0x0000, 0x0000, 0x0000, 0x0000, 0x0000, 0x0000, 0x0000, 0x0000, 0x0000, 0x0000, 0x0000, 0x0000, 0x0000, 0x0000, 0x0000, 0x0000,   // 0x3E20 (15904) pixels
0x0000, 0x0000, 0x0000, 0x0000, 0x0000, 0x0000, 0x0000, 0x0000, 0x0000, 0x0000, 0x0000, 0x0000, 0x0000, 0x0000, 0x0000, 0x0000,   // 0x3E30 (15920) pixels
0x0000, 0x0000, 0x0000, 0x0000, 0x0000, 0x0000, 0x0000, 0x0000, 0x0000, 0x0000, 0x0000, 0x0000, 0x0000, 0x0000, 0x0000, 0x0000,   // 0x3E40 (15936) pixels
0x0000, 0x0000, 0x0000, 0x0000, 0x0000, 0x0000, 0x0000, 0x0000, 0x0000, 0x0000, 0x0000, 0x0000, 0x0000, 0x0000, 0x0000, 0x0000,   // 0x3E50 (15952) pixels
0x0000, 0x0000, 0x0000, 0x0000, 0x0000, 0x0000, 0x0000, 0x0000, 0x0000, 0x0000, 0x0000, 0x0000, 0x0000, 0x0000, 0x0000, 0x0000,   // 0x3E60 (15968) pixels
0x0000, 0x0000, 0x0000, 0x0000, 0x0000, 0x0000, 0x0000, 0x0000, 0x0000, 0x0000, 0x0000, 0x0000, 0x0000, 0x0000, 0x0000, 0x0000,   // 0x3E70 (15984) pixels
0x0000, 0x0000, 0x0000, 0x0000, 0x0000, 0x0000, 0x0000, 0x0000, 0x0000, 0x0000, 0x0000, 0x0000, 0x0000, 0x0000, 0x0000, 0x0000,   // 0x3E80 (16000) pixels
0x0000, 0x0000, 0x0000, 0x0000, 0x0000, 0x0000, 0x0000, 0x0000, 0x0000, 0x0000, 0x0000, 0x0000, 0x0000, 0x0000, 0x0000, 0x0000,   // 0x3E90 (16016) pixels
0x0000, 0x0000, 0x0000, 0x0000, 0x0000, 0x0000, 0x0000, 0x0000, 0x0000, 0x0000, 0x0000, 0x0000, 0x0000, 0x0000, 0x0000, 0x0000,   // 0x3EA0 (16032) pixels
0x0000, 0x0000, 0x0000, 0x0000, 0x0000, 0x0000, 0x0000, 0x0000, 0x0000, 0x0000, 0x0000, 0x0000, 0x0000, 0x0000, 0x0000, 0x0000,   // 0x3EB0 (16048) pixels
0x0000, 0x0000, 0x0000, 0x0000, 0x0000, 0x0000, 0x0000, 0x0000, 0x0000, 0x0000, 0x0000, 0x0000, 0x0000, 0x0000, 0x0000, 0x0000,   // 0x3EC0 (16064) pixels
0x0000, 0x0000, 0x0000, 0x0000, 0x0000, 0x0000, 0x0000, 0x0000, 0x0000, 0x0000, 0x0000, 0x0000, 0x0000, 0x0000, 0x0000, 0x0000,   // 0x3ED0 (16080) pixels
0x0000, 0x0000, 0x0000, 0x0000, 0x0000, 0x0000, 0x0000, 0x0000, 0x0000, 0x0000, 0x0000, 0x0000, 0x0000, 0x0000, 0x0000, 0x0000,   // 0x3EE0 (16096) pixels
0x0000, 0x0000, 0x0000, 0x0000, 0x0000, 0x0000, 0x0000, 0x0000, 0x0000, 0x0000, 0x0000, 0x0000, 0x0000, 0x0000, 0x0000, 0x0000,   // 0x3EF0 (16112) pixels
0x0000, 0x0000, 0x0000, 0x0000, 0x0000, 0x0000, 0x0000, 0x0000, 0x0000, 0x0000, 0x0000, 0x0000, 0x0000, 0x0000, 0x0000, 0x0000,   // 0x3F00 (16128) pixels
0x0000, 0x0000, 0x0000, 0x0000, 0x0000, 0x0000, 0x0000, 0x0000, 0x0000, 0x0000, 0x0000, 0x0000, 0x0000, 0x0000, 0x0000, 0x0000,   // 0x3F10 (16144) pixels
0x0000, 0x0000, 0x0000, 0x0000, 0x0000, 0x0000, 0x0000, 0x0000, 0x0000, 0x0000, 0x0000, 0x0000, 0x0000, 0x0000, 0x0000, 0x0000,   // 0x3F20 (16160) pixels
0x0000, 0x0000, 0x0000, 0x0000, 0x0000, 0x0000, 0x0000, 0x0000, 0x0000, 0x0000, 0x0000, 0x0000, 0x0000, 0x0000, 0x0000, 0x0000,   // 0x3F30 (16176) pixels
0x0000, 0x0000, 0x0000, 0x0000, 0x0000, 0x0000, 0x0000, 0x0000, 0x0000, 0x0000, 0x0000, 0x0000, 0x0000, 0x0000, 0x0000, 0x0000,   // 0x3F40 (16192) pixels
0x0000, 0x0000, 0x0000, 0x0000, 0x0000, 0x0000, 0x0000, 0x0000, 0x0000, 0x0000, 0x0000, 0x0000, 0x0000, 0x0000, 0x0000, 0x0000,   // 0x3F50 (16208) pixels
0x0000, 0x0000, 0x0000, 0x0000, 0x0000, 0x0000, 0x0000, 0x0000, 0x0000, 0x0000, 0x0000, 0x0000, 0x0000, 0x0000, 0x0000, 0x0000,   // 0x3F60 (16224) pixels
0x0000, 0x0000, 0x0000, 0x0000, 0x0000, 0x0000, 0x0000, 0x0000, 0x0000, 0x0000, 0x0000, 0x0000, 0x0000, 0x0000, 0x0000, 0x0000,   // 0x3F70 (16240) pixels
0x0000, 0x0000, 0x0000, 0x0000, 0x0000, 0x0000, 0x0000, 0x0000, 0x0000, 0x0000, 0x0000, 0x0000, 0x0000, 0x0000, 0x0000, 0x0000,   // 0x3F80 (16256) pixels
0x0000, 0x0000, 0x0000, 0x0000, 0x0000, 0x0000, 0x0000, 0x0000, 0x0000, 0x0000, 0x0000, 0x0000, 0x0000, 0x0000, 0x0000, 0x0000,   // 0x3F90 (16272) pixels
0x0000, 0x0000, 0x0000, 0x0000, 0x0000, 0x0000, 0x0000, 0x0000, 0x0000, 0x0000, 0x0000, 0x0000, 0x0000, 0x0000, 0x0000, 0x0000,   // 0x3FA0 (16288) pixels
0x0000, 0x0000, 0x0000, 0x0000, 0x0000, 0x0000, 0x0000, 0x0000, 0x0000, 0x0000, 0x0000, 0x0000, 0x0000, 0x0000, 0x0000, 0x0000,   // 0x3FB0 (16304) pixels
0x0000, 0x0000, 0x0000, 0x0000, 0x0000, 0x0000, 0x0000, 0x0000, 0x0000, 0x0000, 0x0000, 0x0000, 0x0000, 0x0000, 0x0000, 0x0000,   // 0x3FC0 (16320) pixels
0x0000, 0x0000, 0x0000, 0x0000, 0x0000, 0x0000, 0x0000, 0x0000, 0x0000, 0x0000, 0x0000, 0x0000, 0x0000, 0x0000, 0x0000, 0x0000,   // 0x3FD0 (16336) pixels
0x0000, 0x0000, 0x0000, 0x0000, 0x0000, 0x0000, 0x0000, 0x0000, 0x0000, 0x0000, 0x0000, 0x0000, 0x0000, 0x0000, 0x0000, 0x0000,   // 0x3FE0 (16352) pixels
0x0000, 0x0000, 0x0000, 0x0000, 0x0000, 0x0000, 0x0000, 0x0000, 0x0000, 0x0000, 0x0000, 0x0000, 0x0000, 0x0000, 0x0000, 0x0000,   // 0x3FF0 (16368) pixels
0x0000, 0x0000, 0x0000, 0x0000, 0x0000, 0x0000, 0x0000, 0x0000, 0x0000, 0x0000, 0x0000, 0x0000, 0x0000, 0x0000, 0x0000, 0x0000,   // 0x4000 (16384) pixels
0x0000, 0x0000, 0x0000, 0x0000, 0x0000, 0x0000, 0x0000, 0x0000, 0x0000, 0x0000, 0x0000, 0x0000, 0x0000, 0x0000, 0x0000, 0x0000,   // 0x4010 (16400) pixels
0x0000, 0x0000, 0x0000, 0x0000, 0x0000, 0x0000, 0x0000, 0x0000, 0x0000, 0x0000, 0x0000, 0x0000, 0x0000, 0x0000, 0x0000, 0x0000,   // 0x4020 (16416) pixels
0x0000, 0x0000, 0x0000, 0x0000, 0x0000, 0x0000, 0x0000, 0x0000, 0x0000, 0x0000, 0x0000, 0x0000, 0x0000, 0x0000, 0x0000, 0x0000,   // 0x4030 (16432) pixels
0x0000, 0x0000, 0x0000, 0x0000, 0x0000, 0x0000, 0x0000, 0x0000, 0x0000, 0x0000, 0x0000, 0x0000, 0x0000, 0x0000, 0x0000, 0x0000,   // 0x4040 (16448) pixels
0x0000, 0x0000, 0x0000, 0x0000, 0x0000, 0x0000, 0x0000, 0x0000, 0x0000, 0x0000, 0x0000, 0x0000, 0x0000, 0x0000, 0x0000, 0x0000,   // 0x4050 (16464) pixels
0x0000, 0x0000, 0x0000, 0x0000, 0x0000, 0x0000, 0x0000, 0x0000, 0x0000, 0x0000, 0x0000, 0x0000, 0x0000, 0x0000, 0x0000, 0x0000,   // 0x4060 (16480) pixels
0x0000, 0x0000, 0x0000, 0x0000, 0x0000, 0x0000, 0x0000, 0x0000, 0x0000, 0x0000, 0x0000, 0x0000, 0x0000, 0x0000, 0x0000, 0x0000,   // 0x4070 (16496) pixels
0x0000, 0x0000, 0x0000, 0x0000, 0x0000, 0x0000, 0x0000, 0x0000, 0x0000, 0x0000, 0x0000, 0x0000, 0x0000, 0x0000, 0x0000, 0x0000,   // 0x4080 (16512) pixels
0x0000, 0x0000, 0x0000, 0x0000, 0x0000, 0x0000, 0x0000, 0x0000, 0x0000, 0x0000, 0x0000, 0x0000, 0x0000, 0x0000, 0x0000, 0x0000,   // 0x4090 (16528) pixels
0x0000, 0x0000, 0x0000, 0x0000, 0x0000, 0x0000, 0x0000, 0x0000, 0x0000, 0x0000, 0x0000, 0x0000, 0x0000, 0x0000, 0x0000, 0x0000,   // 0x40A0 (16544) pixels
0x0000, 0x0000, 0x0000, 0x0000, 0x0000, 0x0000, 0x0000, 0x0000, 0x0000, 0x0000, 0x0000, 0x0000, 0x0000, 0x0000, 0x0000, 0x0000,   // 0x40B0 (16560) pixels
0x0000, 0x0000, 0x0000, 0x0000, 0x0000, 0x0000, 0x0000, 0x0000, 0x0000, 0x0000, 0x0000, 0x0000, 0x0000, 0x0000, 0x0000, 0x0000,   // 0x40C0 (16576) pixels
0x0000, 0x0000, 0x0000, 0x0000, 0x0000, 0x0000, 0x0000, 0x0000, 0x0000, 0x0000, 0x0000, 0x0000, 0x0000, 0x0000, 0x0000, 0x0000,   // 0x40D0 (16592) pixels
0x0000, 0x0000, 0x0000, 0x0000, 0x0000, 0x0000, 0x0000, 0x0000, 0x0000, 0x0000, 0x0000, 0x0000, 0x0000, 0x0000, 0x0000, 0x0000,   // 0x40E0 (16608) pixels
0x0000, 0x0000, 0x0000, 0x0000, 0x0000, 0x0000, 0x0000, 0x0000, 0x0000, 0x0000, 0x0000, 0x0000, 0x0000, 0x0000, 0x0000, 0x0000,   // 0x40F0 (16624) pixels
0x0000, 0x0000, 0x0000, 0x0000, 0x0000, 0x0000, 0x0000, 0x0000, 0x0000, 0x0000, 0x0000, 0x0000, 0x0000, 0x0000, 0x0000, 0x0000,   // 0x4100 (16640) pixels
0x0000, 0x0000, 0x0000, 0x0000, 0x0000, 0x0000, 0x0000, 0x0000, 0x0000, 0x0000, 0x0000, 0x0000, 0x0000, 0x0000, 0x0000, 0x0000,   // 0x4110 (16656) pixels
0x0000, 0x0000, 0x0000, 0x0000, 0x0000, 0x0000, 0x0000, 0x0000, 0x0000, 0x0000, 0x0000, 0x0000, 0x0000, 0x0000, 0x0000, 0x0000,   // 0x4120 (16672) pixels
0x0000, 0x0000, 0x0000, 0x0000, 0x0000, 0x0000, 0x0000, 0x0000, 0x0000, 0x0000, 0x0000, 0x0000, 0x0000, 0x0000, 0x0000, 0x0000,   // 0x4130 (16688) pixels
0x0000, 0x0000, 0x0000, 0x0000, 0x0000, 0x0000, 0x0000, 0x0000, 0x0000, 0x0000, 0x0000, 0x0000, 0x0000, 0x0000, 0x0000, 0x0000,   // 0x4140 (16704) pixels
0x0000, 0x0000, 0x0000, 0x0000, 0x0000, 0x0000, 0x0000, 0x0000, 0x0000, 0x0000, 0x0000, 0x0000, 0x0000, 0x0000, 0x0000, 0x0000,   // 0x4150 (16720) pixels
0x0000, 0x0000, 0x0000, 0x0000, 0x0000, 0x0000, 0x0000, 0x0000, 0x0000, 0x0000, 0x0000, 0x0000, 0x0000, 0x0000, 0x0000, 0x0000,   // 0x4160 (16736) pixels
0x0000, 0x0000, 0x0000, 0x0000, 0x0000, 0x0000, 0x0000, 0x0000, 0x0000, 0x0000, 0x0000, 0x0000, 0x0000, 0x0000, 0x0000, 0x0000,   // 0x4170 (16752) pixels
0x0000, 0x0000, 0x0000, 0x0000, 0x0000, 0x0000, 0x0000, 0x0000, 0x0000, 0x0000, 0x0000, 0x0000, 0x0000, 0x0000, 0x0000, 0x0000,   // 0x4180 (16768) pixels
0x0000, 0x0000, 0x0000, 0x0000, 0x0000, 0x0000, 0x0000, 0x0000, 0x0000, 0x0000, 0x0000, 0x0000, 0x0000, 0x0000, 0x0000, 0x0000,   // 0x4190 (16784) pixels
0x0000, 0x0000, 0x0000, 0x0000, 0x0000, 0x0000, 0x0000, 0x0000, 0x0000, 0x0000, 0x0000, 0x0000, 0x0000, 0x0000, 0x0000, 0x0000,   // 0x41A0 (16800) pixels
0x0000, 0x0000, 0x0000, 0x0000, 0x0000, 0x0000, 0x0000, 0x0000, 0x0000, 0x0000, 0x0000, 0x0000, 0x0000, 0x0000, 0x0000, 0x0000,   // 0x41B0 (16816) pixels
0x0000, 0x0000, 0x0000, 0x0000, 0x0000, 0x0000, 0x0000, 0x0000, 0x0000, 0x0000, 0x0000, 0x0000, 0x0000, 0x0000, 0x0000, 0x0000,   // 0x41C0 (16832) pixels
0x0000, 0x0000, 0x0000, 0x0000, 0x0000, 0x0000, 0x0000, 0x0000, 0x0000, 0x0000, 0x0000, 0x0000, 0x0000, 0x0000, 0x0000, 0x0000,   // 0x41D0 (16848) pixels
0x0000, 0x0000, 0x0000, 0x0000, 0x0000, 0x0000, 0x0000, 0x0000, 0x0000, 0x0000, 0x0000, 0x0000, 0x0000, 0x0000, 0x0000, 0x0000,   // 0x41E0 (16864) pixels
0x0000, 0x0000, 0x0000, 0x0000, 0x0000, 0x0000, 0x0000, 0x0000, 0x0000, 0x0000, 0x0000, 0x0000, 0x0000, 0x0000, 0x0000, 0x0000,   // 0x41F0 (16880) pixels
0x0000, 0x0000, 0x0000, 0x0000, 0x0000, 0x0000, 0x0000, 0x0000, 0x0000, 0x0000, 0x0000, 0x0000, 0x0000, 0x0000, 0x0000, 0x0000,   // 0x4200 (16896) pixels
0x0000, 0x0000, 0x0000, 0x0000, 0x0000, 0x0000, 0x0000, 0x0000, 0x0000, 0x0000, 0x0000, 0x0000, 0x0000, 0x0000, 0x0000, 0x0000,   // 0x4210 (16912) pixels
0x0000, 0x0000, 0x0000, 0x0000, 0x0000, 0x0000, 0x0000, 0x0000, 0x0000, 0x0000, 0x0000, 0x0000, 0x0000, 0x0000, 0x0000, 0x0000,   // 0x4220 (16928) pixels
0x0000, 0x0000, 0x0000, 0x0000, 0x0000, 0x0000, 0x0000, 0x0000, 0x0000, 0x0000, 0x0000, 0x0000, 0x0000, 0x0000, 0x0000, 0x0000,   // 0x4230 (16944) pixels
0x0000, 0x0000, 0x0000, 0x0000, 0x0000, 0x0000, 0x0000, 0x0000, 0x0000, 0x0000, 0x0000, 0x0000, 0x0000, 0x0000, 0x0000, 0x0000,   // 0x4240 (16960) pixels
0x0000, 0x0000, 0x0000, 0x0000, 0x0000, 0x0000, 0x0000, 0x0000, 0x0000, 0x0000, 0x0000, 0x0000, 0x0000, 0x0000, 0x0000, 0x0000,   // 0x4250 (16976) pixels
0x0000, 0x0000, 0x0000, 0x0000, 0x0000, 0x0000, 0x0000, 0x0000, 0x0000, 0x0000, 0x0000, 0x0000, 0x0000, 0x0000, 0x0000, 0x0000,   // 0x4260 (16992) pixels
0x0000, 0x0000, 0x0000, 0x0000, 0x0000, 0x0000, 0x0000, 0x0000, 0x0000, 0x0000, 0x0000, 0x0000, 0x0000, 0x0000, 0x0000, 0x0000,   // 0x4270 (17008) pixels
0x0000, 0x0000, 0x0000, 0x0000, 0x0000, 0x0000, 0x0000, 0x0000, 0x0000, 0x0000, 0x0000, 0x0000, 0x0000, 0x0000, 0x0000, 0x0000,   // 0x4280 (17024) pixels
0x0000, 0x0000, 0x0000, 0x0000, 0x0000, 0x0000, 0x0000, 0x0000, 0x0000, 0x0000, 0x0000, 0x0000, 0x0000, 0x0000, 0x0000, 0x0000,   // 0x4290 (17040) pixels
0x0000, 0x0000, 0x0000, 0x0000, 0x0000, 0x0000, 0x0000, 0x0000, 0x0000, 0x0000, 0x0000, 0x0000, 0x0000, 0x0000, 0x0000, 0x0000,   // 0x42A0 (17056) pixels
0x0000, 0x0000, 0x0000, 0x0000, 0x0000, 0x0000, 0x0000, 0x0000, 0x0000, 0x0000, 0x0000, 0x0000, 0x0000, 0x0000, 0x0000, 0x0000,   // 0x42B0 (17072) pixels
0x0000, 0x0000, 0x0000, 0x0000, 0x0000, 0x0000, 0x0000, 0x0000, 0x0000, 0x0000, 0x0000, 0x0000, 0x0000, 0x0000, 0x0000, 0x0000,   // 0x42C0 (17088) pixels
0x0000, 0x0000, 0x0000, 0x0000, 0x0000, 0x0000, 0x0000, 0x0000, 0x0000, 0x0000, 0x0000, 0x0000, 0x0000, 0x0000, 0x0000, 0x0000,   // 0x42D0 (17104) pixels
0x0000, 0x0000, 0x0000, 0x0000, 0x0000, 0x0000, 0x0000, 0x0000, 0x0000, 0x0000, 0x0000, 0x0000, 0x0000, 0x0000, 0x0000, 0x0000,   // 0x42E0 (17120) pixels
0x0000, 0x0000, 0x0000, 0x0000, 0x0000, 0x0000, 0x0000, 0x0000, 0x0000, 0x0000, 0x0000, 0x0000, 0x0000, 0x0000, 0x0000, 0x0000,   // 0x42F0 (17136) pixels
0x0000, 0x0000, 0x0000, 0x0000, 0x0000, 0x0000, 0x0000, 0x0000, 0x0000, 0x0000, 0x0000, 0x0000, 0x0000, 0x0000, 0x0000, 0x0000,   // 0x4300 (17152) pixels
0x0000, 0x0000, 0x0000, 0x0000, 0x0000, 0x0000, 0x0000, 0x0000, 0x0000, 0x0000, 0x0000, 0x0000, 0x0000, 0x0000, 0x0000, 0x0000,   // 0x4310 (17168) pixels
0x0000, 0x0000, 0x0000, 0x0000, 0x0000, 0x0000, 0x0000, 0x0000, 0x0000, 0x0000, 0x0000, 0x0000, 0x0000, 0x0000, 0x0000, 0x0000,   // 0x4320 (17184) pixels
0x0000, 0x0000, 0x0000, 0x0000, 0x0000, 0x0000, 0x0000, 0x0000, 0x0000, 0x0000, 0x0000, 0x0000, 0x0000, 0x0000, 0x0000, 0x0000,   // 0x4330 (17200) pixels
0x0000, 0x0000, 0x0000, 0x0000, 0x0000, 0x0000, 0x0000, 0x0000, 0x0000, 0x0000, 0x0000, 0x0000, 0x0000, 0x0000, 0x0000, 0x0000,   // 0x4340 (17216) pixels
0x0000, 0x0000, 0x0000, 0x0000, 0x0000, 0x0000, 0x0000, 0x0000, 0x0000, 0x0000, 0x0000, 0x0000, 0x0000, 0x0000, 0x0000, 0x0000,   // 0x4350 (17232) pixels
0x0000, 0x0000, 0x0000, 0x0000, 0x0000, 0x0000, 0x0000, 0x0000, 0x0000, 0x0000, 0x0000, 0x0000, 0x0000, 0x0000, 0x0000, 0x0000,   // 0x4360 (17248) pixels
0x0000, 0x0000, 0x0000, 0x0000, 0x0000, 0x0000, 0x0000, 0x0000, 0x0000, 0x0000, 0x0000, 0x0000, 0x0000, 0x0000, 0x0000, 0x0000,   // 0x4370 (17264) pixels
0x0000, 0x0000, 0x0000, 0x0000, 0x0000, 0x0000, 0x0000, 0x0000, 0x0000, 0x0000, 0x0000, 0x0000, 0x0000, 0x0000, 0x0000, 0x0000,   // 0x4380 (17280) pixels
0x0000, 0x0000, 0x0000, 0x0000, 0x0000, 0x0000, 0x0000, 0x0000, 0x0000, 0x0000, 0x0000, 0x0000, 0x0000, 0x0000, 0x0000, 0x0000,   // 0x4390 (17296) pixels
0x0000, 0x0000, 0x0000, 0x0000, 0x0000, 0x0000, 0x0000, 0x0000, 0x0000, 0x0000, 0x0000, 0x0000, 0x0000, 0x0000, 0x0000, 0x0000,   // 0x43A0 (17312) pixels
0x0000, 0x0000, 0x0000, 0x0000, 0x0000, 0x0000, 0x0000, 0x0000, 0x0000, 0x0000, 0x0000, 0x0000, 0x0000, 0x0000, 0x0000, 0x0000,   // 0x43B0 (17328) pixels
0x0000, 0x0000, 0x0000, 0x0000, 0x0000, 0x0000, 0x0000, 0x0000, 0x0000, 0x0000, 0x0000, 0x0000, 0x0000, 0x0000, 0x0000, 0x0000,   // 0x43C0 (17344) pixels
0x0000, 0x0000, 0x0000, 0x0000, 0x0000, 0x0000, 0x0000, 0x0000, 0x0000, 0x0000, 0x0000, 0x0000, 0x0000, 0x0000, 0x0000, 0x0000,   // 0x43D0 (17360) pixels
0x0000, 0x0000, 0x0000, 0x0000, 0x0000, 0x0000, 0x0000, 0x0000, 0x0000, 0x0000, 0x0000, 0x0000, 0x0000, 0x0000, 0x0000, 0x0000,   // 0x43E0 (17376) pixels
0x0000, 0x0000, 0x0000, 0x0000, 0x0000, 0x0000, 0x0000, 0x0000, 0x0000, 0x0000, 0x0000, 0x0000, 0x0000, 0x0000, 0x0000, 0x0000,   // 0x43F0 (17392) pixels
0x0000, 0x0000, 0x0000, 0x0000, 0x0000, 0x0000, 0x0000, 0x0000, 0x0000, 0x0000, 0x0000, 0x0000, 0x0000, 0x0000, 0x0000, 0x0000,   // 0x4400 (17408) pixels
0x0000, 0x0000, 0x0000, 0x0000, 0x0000, 0x0000, 0x0000, 0x0000, 0x0000, 0x0000, 0x0000, 0x0000, 0x0000, 0x0000, 0x0000, 0x0000,   // 0x4410 (17424) pixels
0x0000, 0x0000, 0x0000, 0x0000, 0x0000, 0x0000, 0x0000, 0x0000, 0x0000, 0x0000, 0x0000, 0x0000, 0x0000, 0x0000, 0x0000, 0x0000,   // 0x4420 (17440) pixels
0x0000, 0x0000, 0x0000, 0x0000, 0x0000, 0x0000, 0x0000, 0x0000, 0x0000, 0x0000, 0x0000, 0x0000, 0x0000, 0x0000, 0x0000, 0x0000,   // 0x4430 (17456) pixels
0x0000, 0x0000, 0x0000, 0x0000, 0x0000, 0x0000, 0x0000, 0x0000, 0x0000, 0x0000, 0x0000, 0x0000, 0x0000, 0x0000, 0x0000, 0x0000,   // 0x4440 (17472) pixels
0x0000, 0x0000, 0x0000, 0x0000, 0x0000, 0x0000, 0x0000, 0x0000, 0x0000, 0x0000, 0x0000, 0x0000, 0x0000, 0x0000, 0x0000, 0x0000,   // 0x4450 (17488) pixels
0x0000, 0x0000, 0x0000, 0x0000, 0x0000, 0x0000, 0x0000, 0x0000, 0x0000, 0x0000, 0x0000, 0x0000, 0x0000, 0x0000, 0x0000, 0x0000,   // 0x4460 (17504) pixels
0x0000, 0x0000, 0x0000, 0x0000, 0x0000, 0x0000, 0x0000, 0x0000, 0x0000, 0x0000, 0x0000, 0x0000, 0x0000, 0x0000, 0x0000, 0x0000,   // 0x4470 (17520) pixels
0x0000, 0x0000, 0x0000, 0x0000, 0x0000, 0x0000, 0x0000, 0x0000, 0x0000, 0x0000, 0x0000, 0x0000, 0x0000, 0x0000, 0x0000, 0x0000,   // 0x4480 (17536) pixels
0x0000, 0x0000, 0x0000, 0x0000, 0x0000, 0x0000, 0x0000, 0x0000, 0x0000, 0x0000, 0x0000, 0x0000, 0x0000, 0x0000, 0x0000, 0x0000,   // 0x4490 (17552) pixels
0x0000, 0x0000, 0x0000, 0x0000, 0x0000, 0x0000, 0x0000, 0x0000, 0x0000, 0x0000, 0x0000, 0x0000, 0x0000, 0x0000, 0x0000, 0x0000,   // 0x44A0 (17568) pixels
0x0000, 0x0000, 0x0000, 0x0000, 0x0000, 0x0000, 0x0000, 0x0000, 0x0000, 0x0000, 0x0000, 0x0000, 0x0000, 0x0000, 0x0000, 0x0000,   // 0x44B0 (17584) pixels
0x0000, 0x0000, 0x0000, 0x0000, 0x0000, 0x0000, 0x0000, 0x0000, 0x0000, 0x0000, 0x0000, 0x0000, 0x0000, 0x0000, 0x0000, 0x0000,   // 0x44C0 (17600) pixels
0x0000, 0x0000, 0x0000, 0x0000, 0x0000, 0x0000, 0x0000, 0x0000, 0x0000, 0x0000, 0x0000, 0x0000, 0x0000, 0x0000, 0x0000, 0x0000,   // 0x44D0 (17616) pixels
0x0000, 0x0000, 0x0000, 0x0000, 0x0000, 0x0000, 0x0000, 0x0000, 0x0000, 0x0000, 0x0000, 0x0000, 0x0000, 0x0000, 0x0000, 0x0000,   // 0x44E0 (17632) pixels
0x0000, 0x0000, 0x0000, 0x0000, 0x0000, 0x0000, 0x0000, 0x0000, 0x0000, 0x0000, 0x0000, 0x0000, 0x0000, 0x0000, 0x0000, 0x0000,   // 0x44F0 (17648) pixels
0x0000, 0x0000, 0x0000, 0x0000, 0x0000, 0x0000, 0x0000, 0x0000, 0x0000, 0x0000, 0x0000, 0x0000, 0x0000, 0x0000, 0x0000, 0x0000,   // 0x4500 (17664) pixels
0x0000, 0x0000, 0x0000, 0x0000, 0x0000, 0x0000, 0x0000, 0x0000, 0x0000, 0x0000, 0x0000, 0x0000, 0x0000, 0x0000, 0x0000, 0x0000,   // 0x4510 (17680) pixels
0x0000, 0x0000, 0x0000, 0x0000, 0x0000, 0x0000, 0x0000, 0x0000, 0x0000, 0x0000, 0x0000, 0x0000, 0x0000, 0x0000, 0x0000, 0x0000,   // 0x4520 (17696) pixels
0x0000, 0x0000, 0x0000, 0x0000, 0x0000, 0x0000, 0x0000, 0x0000, 0x0000, 0x0000, 0x0000, 0x0000, 0x0000, 0x0000, 0x0000, 0x0000,   // 0x4530 (17712) pixels
0x0000, 0x0000, 0x0000, 0x0000, 0x0000, 0x0000, 0x0000, 0x0000, 0x0000, 0x0000, 0x0000, 0x0000, 0x0000, 0x0000, 0x0000, 0x0000,   // 0x4540 (17728) pixels
0x0000, 0x0000, 0x0000, 0x0000, 0x0000, 0x0000, 0x0000, 0x0000, 0x0000, 0x0000, 0x0000, 0x0000, 0x0000, 0x0000, 0x0000, 0x0000,   // 0x4550 (17744) pixels
0x0000, 0x0000, 0x0000, 0x0000, 0x0000, 0x0000, 0x0000, 0x0000, 0x0000, 0x0000, 0x0000, 0x0000, 0x0000, 0x0000, 0x0000, 0x0000,   // 0x4560 (17760) pixels
0x0000, 0x0000, 0x0000, 0x0000, 0x0000, 0x0000, 0x0000, 0x0000, 0x0000, 0x0000, 0x0000, 0x0000, 0x0000, 0x0000, 0x0000, 0x0000,   // 0x4570 (17776) pixels
0x0000, 0x0000, 0x0000, 0x0000, 0x0000, 0x0000, 0x0000, 0x0000, 0x0000, 0x0000, 0x0000, 0x0000, 0x0000, 0x0000, 0x0000, 0x0000,   // 0x4580 (17792) pixels
0x0000, 0x0000, 0x0000, 0x0000, 0x0000, 0x0000, 0x0000, 0x0000, 0x0000, 0x0000, 0x0000, 0x0000, 0x0000, 0x0000, 0x0000, 0x0000,   // 0x4590 (17808) pixels
0x0000, 0x0000, 0x0000, 0x0000, 0x0000, 0x0000, 0x0000, 0x0000, 0x0000, 0x0000, 0x0000, 0x0000, 0x0000, 0x0000, 0x0000, 0x0000,   // 0x45A0 (17824) pixels
0x0000, 0x0000, 0x0000, 0x0000, 0x0000, 0x0000, 0x0000, 0x0000, 0x0000, 0x0000, 0x0000, 0x0000, 0x0000, 0x0000, 0x0000, 0x0000,   // 0x45B0 (17840) pixels
0x0000, 0x0000, 0x0000, 0x0000, 0x0000, 0x0000, 0x0000, 0x0000, 0x0000, 0x0000, 0x0000, 0x0000, 0x0000, 0x0000, 0x0000, 0x0000,   // 0x45C0 (17856) pixels
0x0000, 0x0000, 0x0000, 0x0000, 0x0000, 0x0000, 0x0000, 0x0000, 0x0000, 0x0000, 0x0000, 0x0000, 0x0000, 0x0000, 0x0000, 0x0000,   // 0x45D0 (17872) pixels
0x0000, 0x0000, 0x0000, 0x0000, 0x0000, 0x0000, 0x0000, 0x0000, 0x0000, 0x0000, 0x0000, 0x0000, 0x0000, 0x0000, 0x0000, 0x0000,   // 0x45E0 (17888) pixels
0x0000, 0x0000, 0x0000, 0x0000, 0x0000, 0x0000, 0x0000, 0x0000, 0x0000, 0x0000, 0x0000, 0x0000, 0x0000, 0x0000, 0x0000, 0x0000,   // 0x45F0 (17904) pixels
0x0000, 0x0000, 0x0000, 0x0000, 0x0000, 0x0000, 0x0000, 0x0000, 0x0000, 0x0000, 0x0000, 0x0000, 0x0000, 0x0000, 0x0000, 0x0000,   // 0x4600 (17920) pixels
0x0000, 0x0000, 0x0000, 0x0000, 0x0000, 0x0000, 0x0000, 0x0000, 0x0000, 0x0000, 0x0000, 0x0000, 0x0000, 0x0000, 0x0000, 0x0000,   // 0x4610 (17936) pixels
0x0000, 0x0000, 0x0000, 0x0000, 0x0000, 0x0000, 0x0000, 0x0000, 0x0000, 0x0000, 0x0000, 0x0000, 0x0000, 0x0000, 0x0000, 0x0000,   // 0x4620 (17952) pixels
0x0000, 0x0000, 0x0000, 0x0000, 0x0000, 0x0000, 0x0000, 0x0000, 0x0000, 0x0000, 0x0000, 0x0000, 0x0000, 0x0000, 0x0000, 0x0000,   // 0x4630 (17968) pixels
0x0000, 0x0000, 0x0000, 0x0000, 0x0000, 0x0000, 0x0000, 0x0000, 0x0000, 0x0000, 0x0000, 0x0000, 0x0000, 0x0000, 0x0000, 0x0000,   // 0x4640 (17984) pixels
0x0000, 0x0000, 0x0000, 0x0000, 0x0000, 0x0000, 0x0000, 0x0000, 0x0000, 0x0000, 0x0000, 0x0000, 0x0000, 0x0000, 0x0000, 0x0000,   // 0x4650 (18000) pixels
0x0000, 0x0000, 0x0000, 0x0000, 0x0000, 0x0000, 0x0000, 0x0000, 0x0000, 0x0000, 0x0000, 0x0000, 0x0000, 0x0000, 0x0000, 0x0000,   // 0x4660 (18016) pixels
0x0000, 0x0000, 0x0000, 0x0000, 0x0000, 0x0000, 0x0000, 0x0000, 0x0000, 0x0000, 0x0000, 0x0000, 0x0000, 0x0000, 0x0000, 0x0000,   // 0x4670 (18032) pixels
0x0000, 0x0000, 0x0000, 0x0000, 0x0000, 0x0000, 0x0000, 0x0000, 0x0000, 0x0000, 0x0000, 0x0000, 0x0000, 0x0000, 0x0000, 0x0000,   // 0x4680 (18048) pixels
0x0000, 0x0000, 0x0000, 0x0000, 0x0000, 0x0000, 0x0000, 0x0000, 0x0000, 0x0000, 0x0000, 0x0000, 0x0000, 0x0000, 0x0000, 0x0000,   // 0x4690 (18064) pixels
0x0000, 0x0000, 0x0000, 0x0000, 0x0000, 0x0000, 0x0000, 0x0000, 0x0000, 0x0000, 0x0000, 0x0000, 0x0000, 0x0000, 0x0000, 0x0000,   // 0x46A0 (18080) pixels
0x0000, 0x0000, 0x0000, 0x0000, 0x0000, 0x0000, 0x0000, 0x0000, 0x0000, 0x0000, 0x0000, 0x0000, 0x0000, 0x0000, 0x0000, 0x0000,   // 0x46B0 (18096) pixels
0x0000, 0x0000, 0x0000, 0x0000, 0x0000, 0x0000, 0x0000, 0x0000, 0x0000, 0x0000, 0x0000, 0x0000, 0x0000, 0x0000, 0x0000, 0x0000,   // 0x46C0 (18112) pixels
0x0000, 0x0000, 0x0000, 0x0000, 0x0000, 0x0000, 0x0000, 0x0000, 0x0000, 0x0000, 0x0000, 0x0000, 0x0000, 0x0000, 0x0000, 0x0000,   // 0x46D0 (18128) pixels
0x0000, 0x0000, 0x0000, 0x0000, 0x0000, 0x0000, 0x0000, 0x0000, 0x0000, 0x0000, 0x0000, 0x0000, 0x0000, 0x0000, 0x0000, 0x0000,   // 0x46E0 (18144) pixels
0x0000, 0x0000, 0x0000, 0x0000, 0x0000, 0x0000, 0x0000, 0x0000, 0x0000, 0x0000, 0x0000, 0x0000, 0x0000, 0x0000, 0x0000, 0x0000,   // 0x46F0 (18160) pixels
0x0000, 0x0000, 0x0000, 0x0000, 0x0000, 0x0000, 0x0000, 0x0000, 0x0000, 0x0000, 0x0000, 0x0000, 0x0000, 0x0000, 0x0000, 0x0000,   // 0x4700 (18176) pixels
0x0000, 0x0000, 0x0000, 0x0000, 0x0000, 0x0000, 0x0000, 0x0000, 0x0000, 0x0000, 0x0000, 0x0000, 0x0000, 0x0000, 0x0000, 0x0000,   // 0x4710 (18192) pixels
0x0000, 0x0000, 0x0000, 0x0000, 0x0000, 0x0000, 0x0000, 0x0000, 0x0000, 0x0000, 0x0000, 0x0000, 0x0000, 0x0000, 0x0000, 0x0000,   // 0x4720 (18208) pixels
0x0000, 0x0000, 0x0000, 0x0000, 0x0000, 0x0000, 0x0000, 0x0000, 0x0000, 0x0000, 0x0000, 0x0000, 0x0000, 0x0000, 0x0000, 0x0000,   // 0x4730 (18224) pixels
0x0000, 0x0000, 0x0000, 0x0000, 0x0000, 0x0000, 0x0000, 0x0000, 0x0000, 0x0000, 0x0000, 0x0000, 0x0000, 0x0000, 0x0000, 0x0000,   // 0x4740 (18240) pixels
0x0000, 0x0000, 0x0000, 0x0000, 0x0000, 0x0000, 0x0000, 0x0000, 0x0000, 0x0000, 0x0000, 0x0000, 0x0000, 0x0000, 0x0000, 0x0000,   // 0x4750 (18256) pixels
0x0000, 0x0000, 0x0000, 0x0000, 0x0000, 0x0000, 0x0000, 0x0000, 0x0000, 0x0000, 0x0000, 0x0000, 0x0000, 0x0000, 0x0000, 0x0000,   // 0x4760 (18272) pixels
0x0000, 0x0000, 0x0000, 0x0000, 0x0000, 0x0000, 0x0000, 0x0000, 0x0000, 0x0000, 0x0000, 0x0000, 0x0000, 0x0000, 0x0000, 0x0000,   // 0x4770 (18288) pixels
0x0000, 0x0000, 0x0000, 0x0000, 0x0000, 0x0000, 0x0000, 0x0000, 0x0000, 0x0000, 0x0000, 0x0000, 0x0000, 0x0000, 0x0000, 0x0000,   // 0x4780 (18304) pixels
0x0000, 0x0000, 0x0000, 0x0000, 0x0000, 0x0000, 0x0000, 0x0000, 0x0000, 0x0000, 0x0000, 0x0000, 0x0000, 0x0000, 0x0000, 0x0000,   // 0x4790 (18320) pixels
0x0000, 0x0000, 0x0000, 0x0000, 0x0000, 0x0000, 0x0000, 0x0000, 0x0000, 0x0000, 0x0000, 0x0000, 0x0000, 0x0000, 0x0000, 0x0000,   // 0x47A0 (18336) pixels
0x0000, 0x0000, 0x0000, 0x0000, 0x0000, 0x0000, 0x0000, 0x0000, 0x0000, 0x0000, 0x0000, 0x0000, 0x0000, 0x0000, 0x0000, 0x0000,   // 0x47B0 (18352) pixels
0x0000, 0x0000, 0x0000, 0x0000, 0x0000, 0x0000, 0x0000, 0x0000, 0x0000, 0x0000, 0x0000, 0x0000, 0x0000, 0x0000, 0x0000, 0x0000,   // 0x47C0 (18368) pixels
0x0000, 0x0000, 0x0000, 0x0000, 0x0000, 0x0000, 0x0000, 0x0000, 0x0000, 0x0000, 0x0000, 0x0000, 0x0000, 0x0000, 0x0000, 0x0000,   // 0x47D0 (18384) pixels
0x0000, 0x0000, 0x0000, 0x0000, 0x0000, 0x0000, 0x0000, 0x0000, 0x0000, 0x0000, 0x0000, 0x0000, 0x0000, 0x0000, 0x0000, 0x0000,   // 0x47E0 (18400) pixels
0x0000, 0x0000, 0x0000, 0x0000, 0x0000, 0x0000, 0x0000, 0x0000, 0x0000, 0x0000, 0x0000, 0x0000, 0x0000, 0x0000, 0x0000, 0x0000,   // 0x47F0 (18416) pixels
0x0000, 0x0000, 0x0000, 0x0000, 0x0000, 0x0000, 0x0000, 0x0000, 0x0000, 0x0000, 0x0000, 0x0000, 0x0000, 0x0000, 0x0000, 0x0000,   // 0x4800 (18432) pixels
0x0000, 0x0000, 0x0000, 0x0000, 0x0000, 0x0000, 0x0000, 0x0000, 0x0000, 0x0000, 0x0000, 0x0000, 0x0000, 0x0000, 0x0000, 0x0000,   // 0x4810 (18448) pixels
0x0000, 0x0000, 0x0000, 0x0000, 0x0000, 0x0000, 0x0000, 0x0000, 0x0000, 0x0000, 0x0000, 0x0000, 0x0000, 0x0000, 0x0000, 0x0000,   // 0x4820 (18464) pixels
0x0000, 0x0000, 0x0000, 0x0000, 0x0000, 0x0000, 0x0000, 0x0000, 0x0000, 0x0000, 0x0000, 0x0000, 0x0000, 0x0000, 0x0000, 0x0000,   // 0x4830 (18480) pixels
0x0000, 0x0000, 0x0000, 0x0000, 0x0000, 0x0000, 0x0000, 0x0000, 0x0000, 0x0000, 0x0000, 0x0000, 0x0000, 0x0000, 0x0000, 0x0000,   // 0x4840 (18496) pixels
0x0000, 0x0000, 0x0000, 0x0000, 0x0000, 0x0000, 0x0000, 0x0000, 0x0000, 0x0000, 0x0000, 0x0000, 0x0000, 0x0000, 0x0000, 0x0000,   // 0x4850 (18512) pixels
0x0000, 0x0000, 0x0000, 0x0000, 0x0000, 0x0000, 0x0000, 0x0000, 0x0000, 0x0000, 0x0000, 0x0000, 0x0000, 0x0000, 0x0000, 0x0000,   // 0x4860 (18528) pixels
0x0000, 0x0000, 0x0000, 0x0000, 0x0000, 0x0000, 0x0000, 0x0000, 0x0000, 0x0000, 0x0000, 0x0000, 0x0000, 0x0000, 0x0000, 0x0000,   // 0x4870 (18544) pixels
0x0000, 0x0000, 0x0000, 0x0000, 0x0000, 0x0000, 0x0000, 0x0000, 0x0000, 0x0000, 0x0000, 0x0000, 0x0000, 0x0000, 0x0000, 0x0000,   // 0x4880 (18560) pixels
0x0000, 0x0000, 0x0000, 0x0000, 0x0000, 0x0000, 0x0000, 0x0000, 0x0000, 0x0000, 0x0000, 0x0000, 0x0000, 0x0000, 0x0000, 0x0000,   // 0x4890 (18576) pixels
0x0000, 0x0000, 0x0000, 0x0000, 0x0000, 0x0000, 0x0000, 0x0000, 0x0000, 0x0000, 0x0000, 0x0000, 0x0000, 0x0000, 0x0000, 0x0000,   // 0x48A0 (18592) pixels
0x0000, 0x0000, 0x0000, 0x0000, 0x0000, 0x0000, 0x0000, 0x0000, 0x0000, 0x0000, 0x0000, 0x0000, 0x0000, 0x0000, 0x0000, 0x0000,   // 0x48B0 (18608) pixels
0x0000, 0x0000, 0x0000, 0x0000, 0x0000, 0x0000, 0x0000, 0x0000, 0x0000, 0x0000, 0x0000, 0x0000, 0x0000, 0x0000, 0x0000, 0x0000,   // 0x48C0 (18624) pixels
0x0000, 0x0000, 0x0000, 0x0000, 0x0000, 0x0000, 0x0000, 0x0000, 0x0000, 0x0000, 0x0000, 0x0000, 0x0000, 0x0000, 0x0000, 0x0000,   // 0x48D0 (18640) pixels
0x0000, 0x0000, 0x0000, 0x0000, 0x0000, 0x0000, 0x0000, 0x0000, 0x0000, 0x0000, 0x0000, 0x0000, 0x0000, 0x0000, 0x0000, 0x0000,   // 0x48E0 (18656) pixels
0x0000, 0x0000, 0x0000, 0x0000, 0x0000, 0x0000, 0x0000, 0x0000, 0x0000, 0x0000, 0x0000, 0x0000, 0x0000, 0x0000, 0x0000, 0x0000,   // 0x48F0 (18672) pixels
0x0000, 0x0000, 0x0000, 0x0000, 0x0000, 0x0000, 0x0000, 0x0000, 0x0000, 0x0000, 0x0000, 0x0000, 0x0000, 0x0000, 0x0000, 0x0000,   // 0x4900 (18688) pixels
0x0000, 0x0000, 0x0000, 0x0000, 0x0000, 0x0000, 0x0000, 0x0000, 0x0000, 0x0000, 0x0000, 0x0000, 0x0000, 0x0000, 0x0000, 0x0000,   // 0x4910 (18704) pixels
0x0000, 0x0000, 0x0000, 0x0000, 0x0000, 0x0000, 0x0000, 0x0000, 0x0000, 0x0000, 0x0000, 0x0000, 0x0000, 0x0000, 0x0000, 0x0000,   // 0x4920 (18720) pixels
0x0000, 0x0000, 0x0000, 0x0000, 0x0000, 0x0000, 0x0000, 0x0000, 0x0000, 0x0000, 0x0000, 0x0000, 0x0000, 0x0000, 0x0000, 0x0000,   // 0x4930 (18736) pixels
0x0000, 0x0000, 0x0000, 0x0000, 0x0000, 0x0000, 0x0000, 0x0000, 0x0000, 0x0000, 0x0000, 0x0000, 0x0000, 0x0000, 0x0000, 0x0000,   // 0x4940 (18752) pixels
0x0000, 0x0000, 0x0000, 0x0000, 0x0000, 0x0000, 0x0000, 0x0000, 0x0000, 0x0000, 0x0000, 0x0000, 0x0000, 0x0000, 0x0000, 0x0000,   // 0x4950 (18768) pixels
0x0000, 0x0000, 0x0000, 0x0000, 0x0000, 0x0000, 0x0000, 0x0000, 0x0000, 0x0000, 0x0000, 0x0000, 0x0000, 0x0000, 0x0000, 0x0000,   // 0x4960 (18784) pixels
0x0000, 0x0000, 0x0000, 0x0000, 0x0000, 0x0000, 0x0000, 0x0000, 0x0000, 0x0000, 0x0000, 0x0000, 0x0000, 0x0000, 0x0000, 0x0000,   // 0x4970 (18800) pixels
0x0000, 0x0000, 0x0000, 0x0000, 0x0000, 0x0000, 0x0000, 0x0000, 0x0000, 0x0000, 0x0000, 0x0000, 0x0000, 0x0000, 0x0000, 0x0000,   // 0x4980 (18816) pixels
0x0000, 0x0000, 0x0000, 0x0000, 0x0000, 0x0000, 0x0000, 0x0000, 0x0000, 0x0000, 0x0000, 0x0000, 0x0000, 0x0000, 0x0000, 0x0000,   // 0x4990 (18832) pixels
0x0000, 0x0000, 0x0000, 0x0000, 0x0000, 0x0000, 0x0000, 0x0000, 0x0000, 0x0000, 0x0000, 0x0000, 0x0000, 0x0000, 0x0000, 0x0000,   // 0x49A0 (18848) pixels
0x0000, 0x0000, 0x0000, 0x0000, 0x0000, 0x0000, 0x0000, 0x0000, 0x0000, 0x0000, 0x0000, 0x0000, 0x0000, 0x0000, 0x0000, 0x0000,   // 0x49B0 (18864) pixels
0x0000, 0x0000, 0x0000, 0x0000, 0x0000, 0x0000, 0x0000, 0x0000, 0x0000, 0x0000, 0x0000, 0x0000, 0x0000, 0x0000, 0x0000, 0x0000,   // 0x49C0 (18880) pixels
0x0000, 0x0000, 0x0000, 0x0000, 0x0000, 0x0000, 0x0000, 0x0000, 0x0000, 0x0000, 0x0000, 0x0000, 0x0000, 0x0000, 0x0000, 0x0000,   // 0x49D0 (18896) pixels
0x0000, 0x0000, 0x0000, 0x0000, 0x0000, 0x0000, 0x0000, 0x0000, 0x0000, 0x0000, 0x0000, 0x0000, 0x0000, 0x0000, 0x0000, 0x0000,   // 0x49E0 (18912) pixels
0x0000, 0x0000, 0x0000, 0x0000, 0x0000, 0x0000, 0x0000, 0x0000, 0x0000, 0x0000, 0x0000, 0x0000, 0x0000, 0x0000, 0x0000, 0x0000,   // 0x49F0 (18928) pixels
0x0000, 0x0000, 0x0000, 0x0000, 0x0000, 0x0000, 0x0000, 0x0000, 0x0000, 0x0000, 0x0000, 0x0000, 0x0000, 0x0000, 0x0000, 0x0000,   // 0x4A00 (18944) pixels
0x0000, 0x0000, 0x0000, 0x0000, 0x0000, 0x0000, 0x0000, 0x0000, 0x0000, 0x0000, 0x0000, 0x0000, 0x0000, 0x0000, 0x0000, 0x0000,   // 0x4A10 (18960) pixels
0x0000, 0x0000, 0x0000, 0x0000, 0x0000, 0x0000, 0x0000, 0x0000, 0x0000, 0x0000, 0x0000, 0x0000, 0x0000, 0x0000, 0x0000, 0x0000,   // 0x4A20 (18976) pixels
0x0000, 0x0000, 0x0000, 0x0000, 0x0000, 0x0000, 0x0000, 0x0000, 0x0000, 0x0000, 0x0000, 0x0000, 0x0000, 0x0000, 0x0000, 0x0000,   // 0x4A30 (18992) pixels
0x0000, 0x0000, 0x0000, 0x0000, 0x0000, 0x0000, 0x0000, 0x0000, 0x0000, 0x0000, 0x0000, 0x0000, 0x0000, 0x0000, 0x0000, 0x0000,   // 0x4A40 (19008) pixels
0x0000, 0x0000, 0x0000, 0x0000, 0x0000, 0x0000, 0x0000, 0x0000, 0x0000, 0x0000, 0x0000, 0x0000, 0x0000, 0x0000, 0x0000, 0x0000,   // 0x4A50 (19024) pixels
0x0000, 0x0000, 0x0000, 0x0000, 0x0000, 0x0000, 0x0000, 0x0000, 0x0000, 0x0000, 0x0000, 0x0000, 0x0000, 0x0000, 0x0000, 0x0000,   // 0x4A60 (19040) pixels
0x0000, 0x0000, 0x0000, 0x0000, 0x0000, 0x0000, 0x0000, 0x0000, 0x0000, 0x0000, 0x0000, 0x0000, 0x0000, 0x0000, 0x0000, 0x0000,   // 0x4A70 (19056) pixels
0x0000, 0x0000, 0x0000, 0x0000, 0x0000, 0x0000, 0x0000, 0x0000, 0x0000, 0x0000, 0x0000, 0x0000, 0x0000, 0x0000, 0x0000, 0x0000,   // 0x4A80 (19072) pixels
0x0000, 0x0000, 0x0000, 0x0000, 0x0000, 0x0000, 0x0000, 0x0000, 0x0000, 0x0000, 0x0000, 0x0000, 0x0000, 0x0000, 0x0000, 0x0000,   // 0x4A90 (19088) pixels
0x0000, 0x0000, 0x0000, 0x0000, 0x0000, 0x0000, 0x0000, 0x0000, 0x0000, 0x0000, 0x0000, 0x0000, 0x0000, 0x0000, 0x0000, 0x0000,   // 0x4AA0 (19104) pixels
0x0000, 0x0000, 0x0000, 0x0000, 0x0000, 0x0000, 0x0000, 0x0000, 0x0000, 0x0000, 0x0000, 0x0000, 0x0000, 0x0000, 0x0000, 0x0000,   // 0x4AB0 (19120) pixels
0x0000, 0x0000, 0x0000, 0x0000, 0x0000, 0x0000, 0x0000, 0x0000, 0x0000, 0x0000, 0x0000, 0x0000, 0x0000, 0x0000, 0x0000, 0x0000,   // 0x4AC0 (19136) pixels
0x0000, 0x0000, 0x0000, 0x0000, 0x0000, 0x0000, 0x0000, 0x0000, 0x0000, 0x0000, 0x0000, 0x0000, 0x0000, 0x0000, 0x0000, 0x0000,   // 0x4AD0 (19152) pixels
0x0000, 0x0000, 0x0000, 0x0000, 0x0000, 0x0000, 0x0000, 0x0000, 0x0000, 0x0000, 0x0000, 0x0000, 0x0000, 0x0000, 0x0000, 0x0000,   // 0x4AE0 (19168) pixels
0x0000, 0x0000, 0x0000, 0x0000, 0x0000, 0x0000, 0x0000, 0x0000, 0x0000, 0x0000, 0x0000, 0x0000, 0x0000, 0x0000, 0x0000, 0x0000,   // 0x4AF0 (19184) pixels
0x0000, 0x0000, 0x0000, 0x0000, 0x0000, 0x0000, 0x0000, 0x0000, 0x0000, 0x0000, 0x0000, 0x0000, 0x0000, 0x0000, 0x0000, 0x0000,   // 0x4B00 (19200) pixels
0x0000, 0x0000, 0x0000, 0x0000, 0x0000, 0x0000, 0x0000, 0x0000, 0x0000, 0x0000, 0x0000, 0x0000, 0x0000, 0x0000, 0x0000, 0x0000,   // 0x4B10 (19216) pixels
0x0000, 0x0000, 0x0000, 0x0000, 0x0000, 0x0000, 0x0000, 0x0000, 0x0000, 0x0000, 0x0000, 0x0000, 0x0000, 0x0000, 0x0000, 0x0000,   // 0x4B20 (19232) pixels
0x0000, 0x0000, 0x0000, 0x0000, 0x0000, 0x0000, 0x0000, 0x0000, 0x0000, 0x0000, 0x0000, 0x0000, 0x0000, 0x0000, 0x0000, 0x0000,   // 0x4B30 (19248) pixels
0x0000, 0x0000, 0x0000, 0x0000, 0x0000, 0x0000, 0x0000, 0x0000, 0x0000, 0x0000, 0x0000, 0x0000, 0x0000, 0x0000, 0x0000, 0x0000,   // 0x4B40 (19264) pixels
0x0000, 0x0000, 0x0000, 0x0000, 0x0000, 0x0000, 0x0000, 0x0000, 0x0000, 0x0000, 0x0000, 0x0000, 0x0000, 0x0000, 0x0000, 0x0000,   // 0x4B50 (19280) pixels
0x0000, 0x0000, 0x0000, 0x0000, 0x0000, 0x0000, 0x0000, 0x0000, 0x0000, 0x0000, 0x0000, 0x0000, 0x0000, 0x0000, 0x0000, 0x0000,   // 0x4B60 (19296) pixels
0x0000, 0x0000, 0x0000, 0x0000, 0x0000, 0x0000, 0x0000, 0x0000, 0x0000, 0x0000, 0x0000, 0x0000, 0x0000, 0x0000, 0x0000, 0x0000,   // 0x4B70 (19312) pixels
0x0000, 0x0000, 0x0000, 0x0000, 0x0000, 0x0000, 0x0000, 0x0000, 0x0000, 0x0000, 0x0000, 0x0000, 0x0000, 0x0000, 0x0000, 0x0000,   // 0x4B80 (19328) pixels
0x0000, 0x0000, 0x0000, 0x0000, 0x0000, 0x0000, 0x0000, 0x0000, 0x0000, 0x0000, 0x0000, 0x0000, 0x0000, 0x0000, 0x0000, 0x0000,   // 0x4B90 (19344) pixels
0x0000, 0x0000, 0x0000, 0x0000, 0x0000, 0x0000, 0x0000, 0x0000, 0x0000, 0x0000, 0x0000, 0x0000, 0x0000, 0x0000, 0x0000, 0x0000,   // 0x4BA0 (19360) pixels
0x0000, 0x0000, 0x0000, 0x0000, 0x0000, 0x0000, 0x0000, 0x0000, 0x0000, 0x0000, 0x0000, 0x0000, 0x0000, 0x0000, 0x0000, 0x0000,   // 0x4BB0 (19376) pixels
0x0000, 0x0000, 0x0000, 0x0000, 0x0000, 0x0000, 0x0000, 0x0000, 0x0000, 0x0000, 0x0000, 0x0000, 0x0000, 0x0000, 0x0000, 0x0000,   // 0x4BC0 (19392) pixels
0x0000, 0x0000, 0x0000, 0x0000, 0x0000, 0x0000, 0x0000, 0x0000, 0x0000, 0x0000, 0x0000, 0x0000, 0x0000, 0x0000, 0x0000, 0x0000,   // 0x4BD0 (19408) pixels
0x0000, 0x0000, 0x0000, 0x0000, 0x0000, 0x0000, 0x0000, 0x0000, 0x0000, 0x0000, 0x0000, 0x0000, 0x0000, 0x0000, 0x0000, 0x0000,   // 0x4BE0 (19424) pixels
0x0000, 0x0000, 0x0000, 0x0000, 0x0000, 0x0000, 0x0000, 0x0000, 0x0000, 0x0000, 0x0000, 0x0000, 0x0000, 0x0000, 0x0000, 0x0000,   // 0x4BF0 (19440) pixels
0x0000, 0x0000, 0x0000, 0x0000, 0x0000, 0x0000, 0x0000, 0x0000, 0x0000, 0x0000, 0x0000, 0x0000, 0x0000, 0x0000, 0x0000, 0x0000,   // 0x4C00 (19456) pixels
0x0000, 0x0000, 0x0000, 0x0000, 0x0000, 0x0000, 0x0000, 0x0000, 0x0000, 0x0000, 0x0000, 0x0000, 0x0000, 0x0000, 0x0000, 0x0000,   // 0x4C10 (19472) pixels
0x0000, 0x0000, 0x0000, 0x0000, 0x0000, 0x0000, 0x0000, 0x0000, 0x0000, 0x0000, 0x0000, 0x0000, 0x0000, 0x0000, 0x0000, 0x0000,   // 0x4C20 (19488) pixels
0x0000, 0x0000, 0x0000, 0x0000, 0x0000, 0x0000, 0x0000, 0x0000, 0x0000, 0x0000, 0x0000, 0x0000, 0x0000, 0x0000, 0x0000, 0x0000,   // 0x4C30 (19504) pixels
0x0000, 0x0000, 0x0000, 0x0000, 0x0000, 0x0000, 0x0000, 0x0000, 0x0000, 0x0000, 0x0000, 0x0000, 0x0000, 0x0000, 0x0000, 0x0000,   // 0x4C40 (19520) pixels
0x0000, 0x0000, 0x0000, 0x0000, 0x0000, 0x0000, 0x0000, 0x0000, 0x0000, 0x0000, 0x0000, 0x0000, 0x0000, 0x0000, 0x0000, 0x0000,   // 0x4C50 (19536) pixels
0x0000, 0x0000, 0x0000, 0x0000, 0x0000, 0x0000, 0x0000, 0x0000, 0x0000, 0x0000, 0x0000, 0x0000, 0x0000, 0x0000, 0x0000, 0x0000,   // 0x4C60 (19552) pixels
0x0000, 0x0000, 0x0000, 0x0000, 0x0000, 0x0000, 0x0000, 0x0000, 0x0000, 0x0000, 0x0000, 0x0000, 0x0000, 0x0000, 0x0000, 0x0000,   // 0x4C70 (19568) pixels
0x0000, 0x0000, 0x0000, 0x0000, 0x0000, 0x0000, 0x0000, 0x0000, 0x0000, 0x0000, 0x0000, 0x0000, 0x0000, 0x0000, 0x0000, 0x0000,   // 0x4C80 (19584) pixels
0x0000, 0x0000, 0x0000, 0x0000, 0x0000, 0x0000, 0x0000, 0x0000, 0x0000, 0x0000, 0x0000, 0x0000, 0x0000, 0x0000, 0x0000, 0x0000,   // 0x4C90 (19600) pixels
0x0000, 0x0000, 0x0000, 0x0000, 0x0000, 0x0000, 0x0000, 0x0000, 0x0000, 0x0000, 0x0000, 0x0000, 0x0000, 0x0000, 0x0000, 0x0000,   // 0x4CA0 (19616) pixels
0x0000, 0x0000, 0x0000, 0x0000, 0x0000, 0x0000, 0x0000, 0x0000, 0x0000, 0x0000, 0x0000, 0x0000, 0x0000, 0x0000, 0x0000, 0x0000,   // 0x4CB0 (19632) pixels
0x0000, 0x0000, 0x0000, 0x0000, 0x0000, 0x0000, 0x0000, 0x0000, 0x0000, 0x0000, 0x0000, 0x0000, 0x0000, 0x0000, 0x0000, 0x0000,   // 0x4CC0 (19648) pixels
0x0000, 0x0000, 0x0000, 0x0000, 0x0000, 0x0000, 0x0000, 0x0000, 0x0000, 0x0000, 0x0000, 0x0000, 0x0000, 0x0000, 0x0000, 0x0000,   // 0x4CD0 (19664) pixels
0x0000, 0x0000, 0x0000, 0x0000, 0x0000, 0x0000, 0x0000, 0x0000, 0x0000, 0x0000, 0x0000, 0x0000, 0x0000, 0x0000, 0x0000, 0x0000,   // 0x4CE0 (19680) pixels
0x0000, 0x0000, 0x0000, 0x0000, 0x0000, 0x0000, 0x0000, 0x0000, 0x0000, 0x0000, 0x0000, 0x0000, 0x0000, 0x0000, 0x0000, 0x0000,   // 0x4CF0 (19696) pixels
0x0000, 0x0000, 0x0000, 0x0000, 0x0000, 0x0000, 0x0000, 0x0000, 0x0000, 0x0000, 0x0000, 0x0000, 0x0000, 0x0000, 0x0000, 0x0000,   // 0x4D00 (19712) pixels
0x0000, 0x0000, 0x0000, 0x0000, 0x0000, 0x0000, 0x0000, 0x0000, 0x0000, 0x0000, 0x0000, 0x0000, 0x0000, 0x0000, 0x0000, 0x0000,   // 0x4D10 (19728) pixels
0x0000, 0x0000, 0x0000, 0x0000, 0x0000, 0x0000, 0x0000, 0x0000, 0x0000, 0x0000, 0x0000, 0x0000, 0x0000, 0x0000, 0x0000, 0x0000,   // 0x4D20 (19744) pixels
0x0000, 0x0000, 0x0000, 0x0000, 0x0000, 0x0000, 0x0000, 0x0000, 0x0000, 0x0000, 0x0000, 0x0000, 0x0000, 0x0000, 0x0000, 0x0000,   // 0x4D30 (19760) pixels
0x0000, 0x0000, 0x0000, 0x0000, 0x0000, 0x0000, 0x0000, 0x0000, 0x0000, 0x0000, 0x0000, 0x0000, 0x0000, 0x0000, 0x0000, 0x0000,   // 0x4D40 (19776) pixels
0x0000, 0x0000, 0x0000, 0x0000, 0x0000, 0x0000, 0x0000, 0x0000, 0x0000, 0x0000, 0x0000, 0x0000, 0x0000, 0x0000, 0x0000, 0x0000,   // 0x4D50 (19792) pixels
0x0000, 0x0000, 0x0000, 0x0000, 0x0000, 0x0000, 0x0000, 0x0000, 0x0000, 0x0000, 0x0000, 0x0000, 0x0000, 0x0000, 0x0000, 0x0000,   // 0x4D60 (19808) pixels
0x0000, 0x0000, 0x0000, 0x0000, 0x0000, 0x0000, 0x0000, 0x0000, 0x0000, 0x0000, 0x0000, 0x0000, 0x0000, 0x0000, 0x0000, 0x0000,   // 0x4D70 (19824) pixels
0x0000, 0x0000, 0x0000, 0x0000, 0x0000, 0x0000, 0x0000, 0x0000, 0x0000, 0x0000, 0x0000, 0x0000, 0x0000, 0x0000, 0x0000, 0x0000,   // 0x4D80 (19840) pixels
0x0000, 0x0000, 0x0000, 0x0000, 0x0000, 0x0000, 0x0000, 0x0000, 0x0000, 0x0000, 0x0000, 0x0000, 0x0000, 0x0000, 0x0000, 0x0000,   // 0x4D90 (19856) pixels
0x0000, 0x0000, 0x0000, 0x0000, 0x0000, 0x0000, 0x0000, 0x0000, 0x0000, 0x0000, 0x0000, 0x0000, 0x0000, 0x0000, 0x0000, 0x0000,   // 0x4DA0 (19872) pixels
0x0000, 0x0000, 0x0000, 0x0000, 0x0000, 0x0000, 0x0000, 0x0000, 0x0000, 0x0000, 0x0000, 0x0000, 0x0000, 0x0000, 0x0000, 0x0000,   // 0x4DB0 (19888) pixels
0x0000, 0x0000, 0x0000, 0x0000, 0x0000, 0x0000, 0x0000, 0x0000, 0x0000, 0x0000, 0x0000, 0x0000, 0x0000, 0x0000, 0x0000, 0x0000,   // 0x4DC0 (19904) pixels
0x0000, 0x0000, 0x0000, 0x0000, 0x0000, 0x0000, 0x0000, 0x0000, 0x0000, 0x0000, 0x0000, 0x0000, 0x0000, 0x0000, 0x0000, 0x0000,   // 0x4DD0 (19920) pixels
0x0000, 0x0000, 0x0000, 0x0000, 0x0000, 0x0000, 0x0000, 0x0000, 0x0000, 0x0000, 0x0000, 0x0000, 0x0000, 0x0000, 0x0000, 0x0000,   // 0x4DE0 (19936) pixels
0x0000, 0x0000, 0x0000, 0x0000, 0x0000, 0x0000, 0x0000, 0x0000, 0x0000, 0x0000, 0x0000, 0x0000, 0x0000, 0x0000, 0x0000, 0x0000,   // 0x4DF0 (19952) pixels
0x0000, 0x0000, 0x0000, 0x0000, 0x0000, 0x0000, 0x0000, 0x0000, 0x0000, 0x0000, 0x0000, 0x0000, 0x0000, 0x0000, 0x0000, 0x0000,   // 0x4E00 (19968) pixels
0x0000, 0x0000, 0x0000, 0x0000, 0x0000, 0x0000, 0x0000, 0x0000, 0x0000, 0x0000, 0x0000, 0x0000, 0x0000, 0x0000, 0x0000, 0x0000,   // 0x4E10 (19984) pixels
0x0000, 0x0000, 0x0000, 0x0000, 0x0000, 0x0000, 0x0000, 0x0000, 0x0000, 0x0000, 0x0000, 0x0000, 0x0000, 0x0000, 0x0000, 0x0000,   // 0x4E20 (20000) pixels
};

/***************************************************************************************************************************************************************
*
****************************************************************************************************************************************************************/

// Generated by   : ImageConverter 565 Online
// Generated from : wifi_sign.png
// Time generated : Thu, 28 Mar 24 00:22:53 +0100  (Server timezone: CET)
// Image Size     : 48x48 pixels
// Memory usage   : 4608 bytes

const unsigned short wifi_sign[2304] PROGMEM={
0x0000, 0x0000, 0x0000, 0x0000, 0x0000, 0x0000, 0x0000, 0x0000, 0x0000, 0x0000, 0x0000, 0x0000, 0x0000, 0x0000, 0x0000, 0x0000,   // 0x0010 (16) pixels
0x0000, 0x0000, 0x0000, 0x0000, 0x0000, 0x0000, 0x0000, 0x0000, 0x0000, 0x0000, 0x0000, 0x0000, 0x0000, 0x0000, 0x0000, 0x0000,   // 0x0020 (32) pixels
0x0000, 0x0000, 0x0000, 0x0000, 0x0000, 0x0000, 0x0000, 0x0000, 0x0000, 0x0000, 0x0000, 0x0000, 0x0000, 0x0000, 0x0000, 0x0000,   // 0x0030 (48) pixels
0x0000, 0x0000, 0x0000, 0x0000, 0x0000, 0x0000, 0x0000, 0x0000, 0x0000, 0x0000, 0x0000, 0x0000, 0x0000, 0x0000, 0x0000, 0x0000,   // 0x0040 (64) pixels
0x0000, 0x0000, 0x0000, 0x0000, 0x0000, 0x0000, 0x0000, 0x0000, 0x0000, 0x0000, 0x0000, 0x0000, 0x0000, 0x0000, 0x0000, 0x0000,   // 0x0050 (80) pixels
0x0000, 0x0000, 0x0000, 0x0000, 0x0000, 0x0000, 0x0000, 0x0000, 0x0000, 0x0000, 0x0000, 0x0000, 0x0000, 0x0000, 0x0000, 0x0000,   // 0x0060 (96) pixels
0x0000, 0x0000, 0x0000, 0x0000, 0x0000, 0x0000, 0x0000, 0x0000, 0x0000, 0x0000, 0x0000, 0x0000, 0x0000, 0x0000, 0x0000, 0x0000,   // 0x0070 (112) pixels
0x0000, 0x0000, 0x0000, 0x0000, 0x0000, 0x0000, 0x0000, 0x0000, 0x0000, 0x0000, 0x0000, 0x0000, 0x0000, 0x0000, 0x0000, 0x0000,   // 0x0080 (128) pixels
0x0000, 0x0000, 0x0000, 0x0000, 0x0000, 0x0000, 0x0000, 0x0000, 0x0000, 0x0000, 0x0000, 0x0000, 0x0000, 0x0000, 0x0000, 0x0000,   // 0x0090 (144) pixels
0x0000, 0x0000, 0x0000, 0x0000, 0x0000, 0x0000, 0x0000, 0x0000, 0x0000, 0x0000, 0x0000, 0x0000, 0x0000, 0x0000, 0x0000, 0x0000,   // 0x00A0 (160) pixels
0x0000, 0x0000, 0x0000, 0x0000, 0x0000, 0x0000, 0x0000, 0x0000, 0x0000, 0x0000, 0x0000, 0x0000, 0x0000, 0x0000, 0x0000, 0x0000,   // 0x00B0 (176) pixels
0x0000, 0x0000, 0x0000, 0x0000, 0x0000, 0x0000, 0x0000, 0x0000, 0x0000, 0x0000, 0x0000, 0x0000, 0x0000, 0x0000, 0x0000, 0x0000,   // 0x00C0 (192) pixels
0x0000, 0x0000, 0x0000, 0x0000, 0x0000, 0x0000, 0x0000, 0x0000, 0x0000, 0x0000, 0x0000, 0x0000, 0x0000, 0x0000, 0x0000, 0x0000,   // 0x00D0 (208) pixels
0x0000, 0x0000, 0x0000, 0x0000, 0x0000, 0x0000, 0x0000, 0x0000, 0x0000, 0x0000, 0x0000, 0x0000, 0x0000, 0x0000, 0x0000, 0x0000,   // 0x00E0 (224) pixels
0x0000, 0x0000, 0x0000, 0x0000, 0x0000, 0x0000, 0x0000, 0x0000, 0x0000, 0x0000, 0x0000, 0x0000, 0x0000, 0x0000, 0x0000, 0x0000,   // 0x00F0 (240) pixels
0x0000, 0x0000, 0x0000, 0x0000, 0x0000, 0x0000, 0x0000, 0x0000, 0x0000, 0x0000, 0x0000, 0x0000, 0x0000, 0x0000, 0x0000, 0x0000,   // 0x0100 (256) pixels
0x0000, 0x0000, 0x0000, 0x0000, 0x0000, 0x0000, 0x0000, 0x0000, 0x0000, 0x0000, 0x0000, 0x0000, 0x0000, 0x0000, 0x0000, 0x0000,   // 0x0110 (272) pixels
0x0000, 0x0000, 0x0000, 0x0000, 0x0000, 0x0000, 0x0000, 0x0000, 0x0000, 0x0000, 0x0000, 0x0000, 0x0000, 0x0000, 0x0000, 0x0000,   // 0x0120 (288) pixels
0x0000, 0x0000, 0x0000, 0x0000, 0x0000, 0x0000, 0x0000, 0x0000, 0x0000, 0x0000, 0x0000, 0x0000, 0x0000, 0x0000, 0x0000, 0x0000,   // 0x0130 (304) pixels
0x0000, 0x0000, 0x0000, 0x0000, 0x0000, 0x0000, 0x0000, 0x0000, 0x0000, 0x0000, 0x0000, 0x0000, 0x0000, 0x0000, 0x0000, 0x0000,   // 0x0140 (320) pixels
0x0000, 0x0000, 0x0000, 0x0000, 0x0000, 0x0000, 0x0000, 0x0000, 0x0000, 0x0000, 0x0000, 0x0000, 0x0000, 0x0000, 0x0000, 0x0000,   // 0x0150 (336) pixels
0x0000, 0x0000, 0x0000, 0x0000, 0x0000, 0x0000, 0x0000, 0x0000, 0x0000, 0x0000, 0x0000, 0x0000, 0x0000, 0x0000, 0x0000, 0x0000,   // 0x0160 (352) pixels
0x0000, 0x0000, 0x0000, 0x0000, 0x0000, 0x0000, 0x0000, 0x0000, 0x0000, 0x0000, 0x0000, 0x0000, 0x0000, 0x0000, 0x0000, 0x0000,   // 0x0170 (368) pixels
0x0000, 0x0000, 0x0000, 0x0000, 0x0000, 0x0000, 0x0000, 0x0000, 0x0000, 0x0000, 0x0000, 0x0000, 0x0000, 0x0000, 0x0000, 0x0000,   // 0x0180 (384) pixels
0x0000, 0x0000, 0x0000, 0x0000, 0x0000, 0x0000, 0x0000, 0x0000, 0x0000, 0x0000, 0x0000, 0x0000, 0x0000, 0x0000, 0x0000, 0x0000,   // 0x0190 (400) pixels
0x0000, 0x0000, 0x0000, 0x0000, 0x0000, 0x0000, 0x0000, 0x0000, 0x0000, 0x0000, 0x0000, 0x0000, 0x0000, 0x0000, 0x0000, 0x0000,   // 0x01A0 (416) pixels
0x0000, 0x0000, 0x0000, 0x0000, 0x0000, 0x0000, 0x0000, 0x0000, 0x0000, 0x0000, 0x0000, 0x0000, 0x0000, 0x0000, 0x0000, 0x0000,   // 0x01B0 (432) pixels
0x0000, 0x0000, 0x0000, 0x0000, 0x0000, 0x0000, 0x0000, 0x0000, 0x0000, 0x0000, 0x0000, 0x0000, 0x0000, 0x0000, 0x0000, 0x0000,   // 0x01C0 (448) pixels
0x0000, 0x0000, 0x0000, 0x0000, 0x0000, 0x0000, 0x0000, 0x0000, 0x0000, 0x0000, 0x0000, 0x0000, 0x0000, 0x0000, 0x0000, 0x0000,   // 0x01D0 (464) pixels
0x0000, 0x0000, 0x0000, 0x0000, 0x0000, 0x0000, 0x0000, 0x0000, 0x0000, 0x0000, 0x0000, 0x0000, 0x0000, 0x0000, 0x0000, 0x0000,   // 0x01E0 (480) pixels
0x0000, 0x0000, 0x0000, 0x0000, 0x0000, 0x0000, 0x0000, 0x0000, 0x0000, 0x0000, 0x0000, 0x0000, 0x0000, 0x0000, 0x0000, 0x0000,   // 0x01F0 (496) pixels
0x0000, 0x0000, 0x0000, 0x0000, 0x0000, 0x0000, 0x0000, 0x0000, 0x0000, 0x0000, 0x0000, 0x0000, 0x0000, 0x0000, 0x0000, 0x0000,   // 0x0200 (512) pixels
0x0000, 0x0000, 0x0000, 0x0000, 0x0000, 0x0000, 0x0000, 0x0000, 0x0000, 0x0000, 0x0000, 0x0000, 0x0000, 0x0000, 0x0000, 0x0000,   // 0x0210 (528) pixels
0x0000, 0x0000, 0x0000, 0x0000, 0x0000, 0x0000, 0x0000, 0x0000, 0x0000, 0x0000, 0x0000, 0x0000, 0x0000, 0x0000, 0x0000, 0x0000,   // 0x0220 (544) pixels
0x0000, 0x0000, 0x0000, 0x0000, 0x0000, 0x0000, 0x0000, 0x0000, 0x0000, 0x0000, 0x0000, 0x0000, 0x0000, 0x0000, 0x0000, 0x0000,   // 0x0230 (560) pixels
0x0000, 0x0000, 0x0000, 0x0000, 0x0000, 0x0000, 0x0000, 0x0000, 0x0000, 0x0000, 0x0000, 0x0000, 0x0000, 0x0000, 0x0000, 0x0000,   // 0x0240 (576) pixels
0x0000, 0x0000, 0x0000, 0x0000, 0x0000, 0x0000, 0x0000, 0x0000, 0x0000, 0x0000, 0x0000, 0x0000, 0x0000, 0x0000, 0x0000, 0x0000,   // 0x0250 (592) pixels
0x0000, 0x0000, 0x0000, 0x0000, 0x0000, 0x0000, 0x0000, 0x0000, 0x0000, 0x0000, 0x0000, 0x0000, 0x0000, 0x0000, 0x0000, 0x0000,   // 0x0260 (608) pixels
0x0000, 0x0000, 0x0000, 0x0000, 0x0000, 0x0000, 0x0000, 0x0000, 0x0000, 0x0000, 0x0000, 0x0000, 0x0000, 0x0000, 0x0000, 0x0000,   // 0x0270 (624) pixels
0x0000, 0x0000, 0x0000, 0x0000, 0x0000, 0x0000, 0x0000, 0x0000, 0x0000, 0x0000, 0x0000, 0x0000, 0x0000, 0x0000, 0x0000, 0x0000,   // 0x0280 (640) pixels
0x0000, 0x0000, 0x0000, 0x0000, 0x0000, 0x0000, 0x0000, 0x0000, 0x0000, 0x0000, 0x0000, 0x0000, 0x0000, 0x0000, 0x0000, 0x0000,   // 0x0290 (656) pixels
0x0000, 0x0000, 0x0000, 0x0000, 0x0000, 0x0000, 0x0000, 0x0000, 0x0000, 0x0000, 0x0000, 0x0000, 0x0000, 0x0000, 0x0000, 0x0000,   // 0x02A0 (672) pixels
0x0000, 0x0000, 0x0000, 0x0000, 0x0000, 0x0000, 0x0000, 0x0000, 0x0000, 0x0000, 0x0000, 0x0000, 0x0000, 0x0000, 0x0000, 0x0000,   // 0x02B0 (688) pixels
0x0000, 0x0000, 0x0000, 0x0000, 0x0000, 0x0000, 0x0000, 0x0000, 0x0000, 0x0000, 0x0000, 0x0000, 0x0000, 0x0000, 0x0000, 0x0000,   // 0x02C0 (704) pixels
0x0000, 0x0000, 0x0000, 0x0000, 0x0000, 0x0000, 0x0000, 0x0000, 0x0000, 0x0000, 0x0000, 0x0000, 0x0000, 0x0000, 0x0000, 0x0000,   // 0x02D0 (720) pixels
0x0000, 0x0000, 0x0000, 0x0000, 0x0000, 0x0000, 0x0000, 0x0000, 0x0000, 0x0000, 0x0000, 0x0000, 0x0000, 0x0000, 0x0000, 0x0000,   // 0x02E0 (736) pixels
0x0000, 0x0000, 0x0000, 0x0000, 0x0000, 0x0000, 0x0000, 0x0000, 0x0000, 0x0000, 0x0000, 0x0841, 0x0861, 0x0861, 0x0861, 0x0861,   // 0x02F0 (752) pixels
0x0861, 0x0861, 0x0861, 0x0861, 0x0841, 0x0000, 0x0000, 0x0000, 0x0000, 0x0000, 0x0000, 0x0000, 0x0000, 0x0000, 0x0000, 0x0000,   // 0x0300 (768) pixels
0x0000, 0x0000, 0x0000, 0x0000, 0x0000, 0x0000, 0x0000, 0x0000, 0x0000, 0x0000, 0x0000, 0x0000, 0x0000, 0x0000, 0x0000, 0x0000,   // 0x0310 (784) pixels
0x0000, 0x0000, 0x0000, 0x0000, 0x0000, 0x0000, 0x0000, 0x0000, 0x0000, 0x2104, 0xAD55, 0xFFDF, 0xFFFF, 0xFFFF, 0xFFFF, 0xFFFF,   // 0x0320 (800) pixels
0xFFFF, 0xFFFF, 0xFFFF, 0xFFFF, 0xFFFF, 0xFFDF, 0xC618, 0x4228, 0x0000, 0x0000, 0x0000, 0x0000, 0x0000, 0x0000, 0x0000, 0x0000,   // 0x0330 (816) pixels
0x0000, 0x0000, 0x0000, 0x0000, 0x0000, 0x0000, 0x0000, 0x0000, 0x0000, 0x0000, 0x0000, 0x0000, 0x0000, 0x0000, 0x0000, 0x0000,   // 0x0340 (832) pixels
0x0000, 0x0000, 0x0000, 0x0000, 0x0000, 0x0000, 0x0000, 0x0000, 0x39C7, 0xEF7D, 0xFFFF, 0xFFFF, 0xFFFF, 0xFFFF, 0xFFFF, 0xFFFF,   // 0x0350 (848) pixels
0xFFFF, 0xFFFF, 0xFFFF, 0xFFFF, 0xFFFF, 0xFFFF, 0xFFFF, 0xFFFF, 0x73AE, 0x0000, 0x0000, 0x0000, 0x0000, 0x0000, 0x0000, 0x0000,   // 0x0360 (864) pixels
0x0000, 0x0000, 0x0000, 0x0000, 0x0020, 0x0020, 0x0000, 0x0000, 0x0000, 0x0020, 0x0000, 0x0000, 0x0000, 0x0000, 0x0000, 0x0000,   // 0x0370 (880) pixels
0x0841, 0x6B4D, 0x52AA, 0x0000, 0x0000, 0x0000, 0x0000, 0x18E3, 0xEF5D, 0xFFFF, 0xE73C, 0xE73C, 0xE73C, 0xE73C, 0xE73C, 0xE73C,   // 0x0380 (896) pixels
0xE73C, 0xE73C, 0xEF7D, 0xFFFF, 0xB596, 0x738E, 0xD69A, 0xFFFF, 0xFFFF, 0x4A69, 0x0000, 0x0000, 0x0000, 0x0000, 0x0000, 0x0000,   // 0x0390 (912) pixels
0x0000, 0x0000, 0x0000, 0x0020, 0xFFFF, 0xFFFF, 0x94B2, 0x0000, 0xA534, 0xFFFF, 0xF79E, 0x0000, 0x528A, 0xFFFF, 0xFFFF, 0x31A6,   // 0x03A0 (928) pixels
0x7BCF, 0xFFFF, 0xFFFF, 0x39E7, 0x0000, 0x0000, 0x0000, 0xAD55, 0xFFFF, 0xFFFF, 0x2104, 0x0000, 0x0000, 0x0000, 0x0000, 0x0000,   // 0x03B0 (944) pixels
0x0000, 0x0000, 0x630C, 0xE73C, 0x0000, 0x0000, 0x2965, 0xFFFF, 0xFFFF, 0xDEDB, 0x0000, 0x0000, 0x0000, 0x0000, 0x0000, 0x0000,   // 0x03C0 (960) pixels
0x0000, 0x0000, 0x0000, 0x0000, 0xCE79, 0xFFFF, 0xBDF7, 0x0000, 0xDEFB, 0xFFFF, 0xFFFF, 0x2104, 0x7BCF, 0xFFFF, 0xFFFF, 0x0020,   // 0x03D0 (976) pixels
0x2124, 0xBDF7, 0xAD55, 0x0861, 0x0000, 0x0000, 0x0000, 0xF7BE, 0xFFFF, 0xFFFF, 0x2945, 0x0000, 0x0000, 0x0000, 0x0000, 0x0000,   // 0x03E0 (992) pixels
0x0000, 0x0000, 0x630C, 0xFFFF, 0x5ACB, 0x18E3, 0x8C71, 0xFFFF, 0xFFFF, 0xFFFF, 0x18E3, 0x0000, 0x0000, 0x0000, 0x0000, 0x0000,   // 0x03F0 (1008) pixels
0x0000, 0x0000, 0x0000, 0x0000, 0x9492, 0xFFFF, 0xEF5D, 0x0861, 0xFFFF, 0xFFFF, 0xFFFF, 0x5ACB, 0xA514, 0xFFFF, 0xCE79, 0x0000,   // 0x0400 (1024) pixels
0x18E3, 0x5AEB, 0x5ACB, 0x0000, 0x0000, 0x0000, 0x0861, 0xFFFF, 0xFFFF, 0xFFFF, 0x3186, 0x0000, 0x10A2, 0xC618, 0xC618, 0xC618,   // 0x0410 (1040) pixels
0xC618, 0xC618, 0xDEDB, 0xFFFF, 0x94B2, 0x8C71, 0xC638, 0xFFFF, 0xFFFF, 0xFFFF, 0x3186, 0x0000, 0x0000, 0x0000, 0x0000, 0x0000,   // 0x0420 (1056) pixels
0x0000, 0x0000, 0x0000, 0x0000, 0x528A, 0xFFFF, 0xFFFF, 0x4A69, 0xFFFF, 0xFFFF, 0xFFFF, 0x9492, 0xCE59, 0xFFFF, 0x8C71, 0x0000,   // 0x0430 (1072) pixels
0x528A, 0xFFFF, 0xFFFF, 0x0000, 0x0000, 0x0000, 0x1082, 0xFFFF, 0xFFFF, 0xFFFF, 0x31A6, 0x0000, 0x18E3, 0xFFFF, 0xFFFF, 0xFFFF,   // 0x0440 (1088) pixels
0xFFFF, 0xFFFF, 0xFFFF, 0xFFFF, 0x1082, 0x0000, 0x8410, 0xFFFF, 0xFFFF, 0xFFFF, 0x31A6, 0x0000, 0x0000, 0x0000, 0x0000, 0x0000,   // 0x0450 (1104) pixels
0x0000, 0x0000, 0x0000, 0x0000, 0x10A2, 0xFFFF, 0xFFFF, 0xB596, 0xFFFF, 0xCE59, 0xFFFF, 0xCE59, 0xF79E, 0xFFFF, 0x4A69, 0x0000,   // 0x0460 (1120) pixels
0x528A, 0xFFFF, 0xFFFF, 0x0000, 0x0000, 0x0000, 0x10A2, 0xFFFF, 0xFFFF, 0xFFFF, 0x31A6, 0x0000, 0x0861, 0x6B4D, 0x6B4D, 0x6B4D,   // 0x0470 (1136) pixels
0x6B4D, 0x6B6D, 0xFFFF, 0xFFFF, 0x1082, 0x0000, 0x8410, 0xFFFF, 0xFFFF, 0xFFFF, 0x39C7, 0x0000, 0x0000, 0x0000, 0x0000, 0x0000,   // 0x0480 (1152) pixels
0x0000, 0x0000, 0x0000, 0x0000, 0x0000, 0xE71C, 0xFFFF, 0xFFDF, 0xFFFF, 0x5AEB, 0xFFFF, 0xFFFF, 0xFFFF, 0xFFFF, 0x1082, 0x0000,   // 0x0490 (1168) pixels
0x528A, 0xFFFF, 0xFFFF, 0x0000, 0x0000, 0x0000, 0x18C3, 0xFFFF, 0xFFFF, 0xFFFF, 0x31A6, 0x0000, 0x0000, 0x0000, 0x0000, 0x0000,   // 0x04A0 (1184) pixels
0x0000, 0x0020, 0xFFFF, 0xFFFF, 0x1082, 0x0000, 0x8410, 0xFFFF, 0xFFFF, 0xFFFF, 0x39C7, 0x0000, 0x0000, 0x0000, 0x0000, 0x0000,   // 0x04B0 (1200) pixels
0x0000, 0x0000, 0x0000, 0x0000, 0x0000, 0xA534, 0xFFFF, 0xFFFF, 0xFFFF, 0x0861, 0xEF7D, 0xFFFF, 0xFFFF, 0xDEFB, 0x0000, 0x0000,   // 0x04C0 (1216) pixels
0x528A, 0xFFFF, 0xFFFF, 0x0000, 0x0000, 0x0000, 0x18E3, 0xFFFF, 0xFFFF, 0xFFFF, 0x31A6, 0x0000, 0x0841, 0x528A, 0x528A, 0x528A,   // 0x04D0 (1232) pixels
0x528A, 0x52AA, 0xFFFF, 0xFFFF, 0x1082, 0x0000, 0x8410, 0xFFFF, 0xFFFF, 0xFFFF, 0x31A6, 0x0000, 0x0000, 0x0000, 0x0000, 0x0000,   // 0x04E0 (1248) pixels
0x0000, 0x0000, 0x0000, 0x0000, 0x0000, 0x632C, 0xFFFF, 0xFFFF, 0xE73C, 0x0000, 0xBDD7, 0xFFFF, 0xFFFF, 0x9CF3, 0x0000, 0x0000,   // 0x04F0 (1264) pixels
0x528A, 0xFFFF, 0xFFFF, 0x0000, 0x0000, 0x0000, 0x2104, 0xFFFF, 0xFFFF, 0xFFFF, 0x39C7, 0x0000, 0x18E3, 0xFFFF, 0xFFFF, 0xFFFF,   // 0x0500 (1280) pixels
0xFFFF, 0xFFFF, 0xFFFF, 0xFFFF, 0x1082, 0x0000, 0x8410, 0xFFFF, 0xFFFF, 0xFFFF, 0x3186, 0x0000, 0x0000, 0x0000, 0x0000, 0x0000,   // 0x0510 (1296) pixels
0x0000, 0x0000, 0x0000, 0x0000, 0x0000, 0x2945, 0xFFFF, 0xFFFF, 0xB596, 0x0000, 0x8430, 0xFFFF, 0xFFFF, 0x630C, 0x0000, 0x0000,   // 0x0520 (1312) pixels
0x528A, 0xFFFF, 0xFFFF, 0x0000, 0x0000, 0x0000, 0x2965, 0xFFFF, 0xFFFF, 0xFFFF, 0x39C7, 0x0000, 0x18E3, 0xFFFF, 0xFFFF, 0xFFFF,   // 0x0530 (1328) pixels
0xFFFF, 0xFFFF, 0xFFFF, 0xFFFF, 0x1082, 0x0000, 0x8410, 0xFFFF, 0xFFFF, 0xFFFF, 0x2104, 0x0000, 0x0000, 0x0000, 0x0000, 0x0000,   // 0x0540 (1344) pixels
0x0000, 0x0000, 0x0000, 0x0000, 0x0000, 0x0000, 0x8410, 0x8410, 0x4208, 0x0000, 0x2965, 0x8430, 0x8430, 0x10A2, 0x0000, 0x0000,   // 0x0550 (1360) pixels
0x2945, 0x8430, 0x8410, 0x0000, 0x0000, 0x0000, 0x630C, 0xFFFF, 0xFFFF, 0xFFFF, 0x9CD3, 0x8410, 0x8C71, 0xFFFF, 0xFFFF, 0xFFFF,   // 0x0560 (1376) pixels
0xFFFF, 0xFFFF, 0xFFFF, 0xFFFF, 0x73AE, 0x6B4D, 0xB5B6, 0xFFFF, 0xFFFF, 0xDEFB, 0x0000, 0x0000, 0x0000, 0x0000, 0x0000, 0x0000,   // 0x0570 (1392) pixels
0x0000, 0x0000, 0x0000, 0x0000, 0x0000, 0x0000, 0x0000, 0x0000, 0x0000, 0x0000, 0x0000, 0x0000, 0x0000, 0x0000, 0x0000, 0x0000,   // 0x0580 (1408) pixels
0x0000, 0x0000, 0x0000, 0x0000, 0x0000, 0x0000, 0xCE79, 0xFFFF, 0xFFFF, 0xFFFF, 0xFFFF, 0xFFFF, 0xFFFF, 0xFFFF, 0xFFFF, 0xFFFF,   // 0x0590 (1424) pixels
0xFFFF, 0xFFFF, 0xFFFF, 0xFFFF, 0xFFFF, 0xFFFF, 0xFFFF, 0xFFFF, 0xFFFF, 0x5ACB, 0x0000, 0x0000, 0x0000, 0x0000, 0x0000, 0x0000,   // 0x05A0 (1440) pixels
0x0000, 0x0000, 0x0000, 0x0000, 0x0000, 0x0000, 0x0000, 0x0000, 0x0000, 0x0000, 0x0000, 0x0000, 0x0000, 0x0000, 0x0000, 0x0000,   // 0x05B0 (1456) pixels
0x0000, 0x0000, 0x0000, 0x0000, 0x0000, 0x6B6D, 0xFFFF, 0xFFFF, 0xFFFF, 0xFFFF, 0xFFFF, 0xFFFF, 0xFFFF, 0xFFFF, 0xFFFF, 0xFFFF,   // 0x05C0 (1472) pixels
0xFFFF, 0xFFFF, 0xFFFF, 0xFFFF, 0xFFFF, 0xFFFF, 0xFFFF, 0xFFFF, 0x8410, 0x0000, 0x0000, 0x0000, 0x0000, 0x0000, 0x0000, 0x0000,   // 0x05D0 (1488) pixels
0x0000, 0x0000, 0x0000, 0x0000, 0x0000, 0x0000, 0x0000, 0x0000, 0x0000, 0x0000, 0x0000, 0x0000, 0x0000, 0x0000, 0x0000, 0x0000,   // 0x05E0 (1504) pixels
0x0000, 0x0000, 0x0000, 0x0000, 0x4A49, 0xFFDF, 0xFFFF, 0xFFFF, 0xFFFF, 0xFFFF, 0xFFFF, 0xFFFF, 0xFFFF, 0xFFFF, 0xFFFF, 0xFFFF,   // 0x05F0 (1520) pixels
0xFFFF, 0xFFFF, 0xFFFF, 0xFFFF, 0xFFFF, 0xFFFF, 0xDEDB, 0x4A69, 0x0000, 0x0000, 0x0000, 0x0000, 0x0000, 0x0000, 0x0000, 0x0000,   // 0x0600 (1536) pixels
0x0000, 0x0000, 0x0000, 0x0000, 0x0000, 0x0000, 0x0000, 0x0000, 0x0000, 0x0000, 0x0000, 0x0000, 0x0000, 0x0000, 0x0000, 0x0000,   // 0x0610 (1552) pixels
0x0000, 0x0000, 0x0000, 0x0000, 0x18C3, 0x2104, 0x2104, 0x2104, 0x2104, 0x2104, 0x2104, 0x2104, 0x2104, 0x2104, 0x2104, 0x2104,   // 0x0620 (1568) pixels
0x2104, 0x2104, 0x2104, 0x18E3, 0x18C3, 0x0861, 0x0000, 0x0000, 0x0000, 0x0000, 0x0000, 0x0000, 0x0000, 0x0000, 0x0000, 0x0000,   // 0x0630 (1584) pixels
0x0000, 0x0000, 0x0000, 0x0000, 0x0000, 0x0000, 0x0000, 0x0000, 0x0000, 0x0000, 0x0000, 0x0000, 0x0000, 0x0000, 0x0000, 0x0000,   // 0x0640 (1600) pixels
0x0000, 0x0000, 0x0000, 0x0000, 0x0000, 0x0000, 0x0000, 0x0000, 0x0000, 0x0000, 0x0000, 0x0000, 0x0000, 0x0000, 0x0000, 0x0000,   // 0x0650 (1616) pixels
0x0000, 0x0000, 0x0000, 0x0000, 0x0000, 0x0000, 0x0000, 0x0000, 0x0000, 0x0000, 0x0000, 0x0000, 0x0000, 0x0000, 0x0000, 0x0000,   // 0x0660 (1632) pixels
0x0000, 0x0000, 0x0000, 0x0000, 0x0000, 0x0000, 0x0000, 0x0000, 0x0000, 0x0000, 0x0000, 0x0000, 0x0000, 0x0000, 0x0000, 0x0000,   // 0x0670 (1648) pixels
0x0000, 0x0000, 0x0000, 0x0000, 0x0000, 0x0000, 0x0000, 0x0000, 0x0000, 0x0000, 0x0000, 0x0000, 0x0000, 0x0000, 0x0000, 0x0000,   // 0x0680 (1664) pixels
0x0000, 0x0000, 0x0000, 0x0000, 0x0000, 0x0000, 0x0000, 0x0000, 0x0000, 0x0000, 0x0000, 0x0000, 0x0000, 0x0000, 0x0000, 0x0000,   // 0x0690 (1680) pixels
0x0000, 0x0000, 0x0000, 0x0000, 0x0000, 0x0000, 0x0000, 0x0000, 0x0000, 0x0000, 0x0000, 0x0000, 0x0000, 0x0000, 0x0000, 0x0000,   // 0x06A0 (1696) pixels
0x0000, 0x0000, 0x0000, 0x0000, 0x0000, 0x0000, 0x0000, 0x0000, 0x0000, 0x0000, 0x0000, 0x0000, 0x0000, 0x0000, 0x0000, 0x0000,   // 0x06B0 (1712) pixels
0x0000, 0x0000, 0x0000, 0x0000, 0x0000, 0x0000, 0x0000, 0x0000, 0x0000, 0x0000, 0x0000, 0x0000, 0x0000, 0x0000, 0x0000, 0x0000,   // 0x06C0 (1728) pixels
0x0000, 0x0000, 0x0000, 0x0000, 0x0000, 0x0000, 0x0000, 0x0000, 0x0000, 0x0000, 0x0000, 0x0000, 0x0000, 0x0000, 0x0000, 0x0000,   // 0x06D0 (1744) pixels
0x0000, 0x0000, 0x0000, 0x0000, 0x0000, 0x0000, 0x0000, 0x0000, 0x0000, 0x0000, 0x0000, 0x0000, 0x0000, 0x0000, 0x0000, 0x0000,   // 0x06E0 (1760) pixels
0x0000, 0x0000, 0x0000, 0x0000, 0x0000, 0x0000, 0x0000, 0x0000, 0x0000, 0x0000, 0x0000, 0x0000, 0x0000, 0x0000, 0x0000, 0x0000,   // 0x06F0 (1776) pixels
0x0000, 0x0000, 0x0000, 0x0000, 0x0000, 0x0000, 0x0000, 0x0000, 0x0000, 0x0000, 0x0000, 0x0000, 0x0000, 0x0000, 0x0000, 0x0000,   // 0x0700 (1792) pixels
0x0000, 0x0000, 0x0000, 0x0000, 0x0000, 0x0000, 0x0000, 0x0000, 0x0000, 0x0000, 0x0000, 0x0000, 0x0000, 0x0000, 0x0000, 0x0000,   // 0x0710 (1808) pixels
0x0000, 0x0000, 0x0000, 0x0000, 0x0000, 0x0000, 0x0000, 0x0000, 0x0000, 0x0000, 0x0000, 0x0000, 0x0000, 0x0000, 0x0000, 0x0000,   // 0x0720 (1824) pixels
0x0000, 0x0000, 0x0000, 0x0000, 0x0000, 0x0000, 0x0000, 0x0000, 0x0000, 0x0000, 0x0000, 0x0000, 0x0000, 0x0000, 0x0000, 0x0000,   // 0x0730 (1840) pixels
0x0000, 0x0000, 0x0000, 0x0000, 0x0000, 0x0000, 0x0000, 0x0000, 0x0000, 0x0000, 0x0000, 0x0000, 0x0000, 0x0000, 0x0000, 0x0000,   // 0x0740 (1856) pixels
0x0000, 0x0000, 0x0000, 0x0000, 0x0000, 0x0000, 0x0000, 0x0000, 0x0000, 0x0000, 0x0000, 0x0000, 0x0000, 0x0000, 0x0000, 0x0000,   // 0x0750 (1872) pixels
0x0000, 0x0000, 0x0000, 0x0000, 0x0000, 0x0000, 0x0000, 0x0000, 0x0000, 0x0000, 0x0000, 0x0000, 0x0000, 0x0000, 0x0000, 0x0000,   // 0x0760 (1888) pixels
0x0000, 0x0000, 0x0000, 0x0000, 0x0000, 0x0000, 0x0000, 0x0000, 0x0000, 0x0000, 0x0000, 0x0000, 0x0000, 0x0000, 0x0000, 0x0000,   // 0x0770 (1904) pixels
0x0000, 0x0000, 0x0000, 0x0000, 0x0000, 0x0000, 0x0000, 0x0000, 0x0000, 0x0000, 0x0000, 0x0000, 0x0000, 0x0000, 0x0000, 0x0000,   // 0x0780 (1920) pixels
0x0000, 0x0000, 0x0000, 0x0000, 0x0000, 0x0000, 0x0000, 0x0000, 0x0000, 0x0000, 0x0000, 0x0000, 0x0000, 0x0000, 0x0000, 0x0000,   // 0x0790 (1936) pixels
0x0000, 0x0000, 0x0000, 0x0000, 0x0000, 0x0000, 0x0000, 0x0000, 0x0000, 0x0000, 0x0000, 0x0000, 0x0000, 0x0000, 0x0000, 0x0000,   // 0x07A0 (1952) pixels
0x0000, 0x0000, 0x0000, 0x0000, 0x0000, 0x0000, 0x0000, 0x0000, 0x0000, 0x0000, 0x0000, 0x0000, 0x0000, 0x0000, 0x0000, 0x0000,   // 0x07B0 (1968) pixels
0x0000, 0x0000, 0x0000, 0x0000, 0x0000, 0x0000, 0x0000, 0x0000, 0x0000, 0x0000, 0x0000, 0x0000, 0x0000, 0x0000, 0x0000, 0x0000,   // 0x07C0 (1984) pixels
0x0000, 0x0000, 0x0000, 0x0000, 0x0000, 0x0000, 0x0000, 0x0000, 0x0000, 0x0000, 0x0000, 0x0000, 0x0000, 0x0000, 0x0000, 0x0000,   // 0x07D0 (2000) pixels
0x0000, 0x0000, 0x0000, 0x0000, 0x0000, 0x0000, 0x0000, 0x0000, 0x0000, 0x0000, 0x0000, 0x0000, 0x0000, 0x0000, 0x0000, 0x0000,   // 0x07E0 (2016) pixels
0x0000, 0x0000, 0x0000, 0x0000, 0x0000, 0x0000, 0x0000, 0x0000, 0x0000, 0x0000, 0x0000, 0x0000, 0x0000, 0x0000, 0x0000, 0x0000,   // 0x07F0 (2032) pixels
0x0000, 0x0000, 0x0000, 0x0000, 0x0000, 0x0000, 0x0000, 0x0000, 0x0000, 0x0000, 0x0000, 0x0000, 0x0000, 0x0000, 0x0000, 0x0000,   // 0x0800 (2048) pixels
0x0000, 0x0000, 0x0000, 0x0000, 0x0000, 0x0000, 0x0000, 0x0000, 0x0000, 0x0000, 0x0000, 0x0000, 0x0000, 0x0000, 0x0000, 0x0000,   // 0x0810 (2064) pixels
0x0000, 0x0000, 0x0000, 0x0000, 0x0000, 0x0000, 0x0000, 0x0000, 0x0000, 0x0000, 0x0000, 0x0000, 0x0000, 0x0000, 0x0000, 0x0000,   // 0x0820 (2080) pixels
0x0000, 0x0000, 0x0000, 0x0000, 0x0000, 0x0000, 0x0000, 0x0000, 0x0000, 0x0000, 0x0000, 0x0000, 0x0000, 0x0000, 0x0000, 0x0000,   // 0x0830 (2096) pixels
0x0000, 0x0000, 0x0000, 0x0000, 0x0000, 0x0000, 0x0000, 0x0000, 0x0000, 0x0000, 0x0000, 0x0000, 0x0000, 0x0000, 0x0000, 0x0000,   // 0x0840 (2112) pixels
0x0000, 0x0000, 0x0000, 0x0000, 0x0000, 0x0000, 0x0000, 0x0000, 0x0000, 0x0000, 0x0000, 0x0000, 0x0000, 0x0000, 0x0000, 0x0000,   // 0x0850 (2128) pixels
0x0000, 0x0000, 0x0000, 0x0000, 0x0000, 0x0000, 0x0000, 0x0000, 0x0000, 0x0000, 0x0000, 0x0000, 0x0000, 0x0000, 0x0000, 0x0000,   // 0x0860 (2144) pixels
0x0000, 0x0000, 0x0000, 0x0000, 0x0000, 0x0000, 0x0000, 0x0000, 0x0000, 0x0000, 0x0000, 0x0000, 0x0000, 0x0000, 0x0000, 0x0000,   // 0x0870 (2160) pixels
0x0000, 0x0000, 0x0000, 0x0000, 0x0000, 0x0000, 0x0000, 0x0000, 0x0000, 0x0000, 0x0000, 0x0000, 0x0000, 0x0000, 0x0000, 0x0000,   // 0x0880 (2176) pixels
0x0000, 0x0000, 0x0000, 0x0000, 0x0000, 0x0000, 0x0000, 0x0000, 0x0000, 0x0000, 0x0000, 0x0000, 0x0000, 0x0000, 0x0000, 0x0000,   // 0x0890 (2192) pixels
0x0000, 0x0000, 0x0000, 0x0000, 0x0000, 0x0000, 0x0000, 0x0000, 0x0000, 0x0000, 0x0000, 0x0000, 0x0000, 0x0000, 0x0000, 0x0000,   // 0x08A0 (2208) pixels
0x0000, 0x0000, 0x0000, 0x0000, 0x0000, 0x0000, 0x0000, 0x0000, 0x0000, 0x0000, 0x0000, 0x0000, 0x0000, 0x0000, 0x0000, 0x0000,   // 0x08B0 (2224) pixels
0x0000, 0x0000, 0x0000, 0x0000, 0x0000, 0x0000, 0x0000, 0x0000, 0x0000, 0x0000, 0x0000, 0x0000, 0x0000, 0x0000, 0x0000, 0x0000,   // 0x08C0 (2240) pixels
0x0000, 0x0000, 0x0000, 0x0000, 0x0000, 0x0000, 0x0000, 0x0000, 0x0000, 0x0000, 0x0000, 0x0000, 0x0000, 0x0000, 0x0000, 0x0000,   // 0x08D0 (2256) pixels
0x0000, 0x0000, 0x0000, 0x0000, 0x0000, 0x0000, 0x0000, 0x0000, 0x0000, 0x0000, 0x0000, 0x0000, 0x0000, 0x0000, 0x0000, 0x0000,   // 0x08E0 (2272) pixels
0x0000, 0x0000, 0x0000, 0x0000, 0x0000, 0x0000, 0x0000, 0x0000, 0x0000, 0x0000, 0x0000, 0x0000, 0x0000, 0x0000, 0x0000, 0x0000,   // 0x08F0 (2288) pixels
0x0000, 0x0000, 0x0000, 0x0000, 0x0000, 0x0000, 0x0000, 0x0000, 0x0000, 0x0000, 0x0000, 0x0000, 0x0000, 0x0000, 0x0000, 0x0000,   // 0x0900 (2304) pixels
};


/***************************************************************************************************************************************************************
*
****************************************************************************************************************************************************************/

// Generated by   : ImageConverter 565 Online
// Generated from : bluetooth_sign.png
// Time generated : Thu, 28 Mar 24 00:32:37 +0100  (Server timezone: CET)
// Image Size     : 24x24pixels
// Memory usage   : 4608 bytes

const unsigned short bluetooth_sign[] PROGMEM={
0x0000, 0x0000, 0x0000, 0x0000, 0x0000, 0x0000, 0x0000, 0x0000, 0x0000, 0x0000, 0x333C, 0x2B7C, 0x2B7C, 0x2B7B, 0x2B7B, 0x2B7B,   // 0x0010 (16) pixels
0x2B7B, 0x2B7B, 0x2B7B, 0x2B7C, 0x2B7C, 0x333C, 0x0000, 0x0000, 0x0000, 0x0000, 0x0000, 0x0000, 0x0000, 0x0000, 0x0000, 0x0000,   // 0x0020 (32) pixels
0x0000, 0x0000, 0x0000, 0x0000, 0x0000, 0x0000, 0x0000, 0x0000, 0x52BF, 0x2B7C, 0x2B7B, 0x2B7B, 0x2B7B, 0x2B7B, 0x2B7B, 0x2B7B,   // 0x0030 (48) pixels
0x2B7B, 0x2B7B, 0x2B7B, 0x2B7B, 0x2B7B, 0x2B7B, 0x2B7C, 0x52BF, 0x0000, 0x0000, 0x0000, 0x0000, 0x0000, 0x0000, 0x0000, 0x0000,   // 0x0040 (64) pixels
0x0000, 0x0000, 0x0000, 0x0000, 0x0000, 0x0000, 0x0000, 0x231B, 0x2B7B, 0x2B7B, 0x2B7B, 0x2B7B, 0x2B7B, 0x2B7B, 0x2B7B, 0x2B5B,   // 0x0050 (80) pixels
0x2B7B, 0x2B7B, 0x2B7B, 0x2B7B, 0x2B7B, 0x2B7B, 0x2B7B, 0x2B7B, 0x231B, 0x0000, 0x0000, 0x0000, 0x0000, 0x0000, 0x0000, 0x0000,   // 0x0060 (96) pixels
0x0000, 0x0000, 0x0000, 0x0000, 0x0000, 0x0000, 0x001F, 0x2B5B, 0x2B7B, 0x2B7B, 0x2B7B, 0x2B7B, 0x2B7B, 0x2B7B, 0x2B7B, 0x333C,   // 0x0070 (112) pixels
0x2B5B, 0x2B7B, 0x2B7B, 0x2B7B, 0x2B7B, 0x2B7B, 0x2B7B, 0x2B7B, 0x2B7B, 0x001F, 0x0000, 0x0000, 0x0000, 0x0000, 0x0000, 0x0000,   // 0x0080 (128) pixels
0x0000, 0x0000, 0x0000, 0x0000, 0x0000, 0x0000, 0x2B7B, 0x2B7B, 0x2B7B, 0x2B7B, 0x2B7B, 0x2B7B, 0x2B7B, 0x2B7B, 0x2B7B, 0xFFFF,   // 0x0090 (144) pixels
0x333C, 0x2B5B, 0x2B7B, 0x2B7B, 0x2B7B, 0x2B7B, 0x2B7B, 0x2B7B, 0x2B7B, 0x2B7B, 0x0000, 0x0000, 0x0000, 0x0000, 0x0000, 0x0000,   // 0x00A0 (160) pixels
0x0000, 0x0000, 0x0000, 0x0000, 0x0000, 0x237B, 0x2B7B, 0x2B7B, 0x2B7B, 0x2B7B, 0x2B7B, 0x2B7B, 0x2B7B, 0x2B7B, 0x2B7B, 0xFFFF,   // 0x00B0 (176) pixels
0xFFFF, 0x333C, 0x2B7B, 0x2B7B, 0x2B7B, 0x2B7B, 0x2B7B, 0x2B7B, 0x2B7B, 0x2B7B, 0x231B, 0x0000, 0x0000, 0x0000, 0x0000, 0x0000,   // 0x00C0 (192) pixels
0x0000, 0x0000, 0x0000, 0x0000, 0x0000, 0x2B5B, 0x2B7B, 0x2B7B, 0x2B7B, 0x2B7B, 0x2B7B, 0x2B7B, 0x2B7B, 0x2B7B, 0x2B7B, 0xFFFF,   // 0x00D0 (208) pixels
0xFFFF, 0xFFFF, 0x333C, 0x2B5B, 0x2B7B, 0x2B7B, 0x2B7B, 0x2B7B, 0x2B7B, 0x2B7B, 0x2B5B, 0x0000, 0x0000, 0x0000, 0x0000, 0x0000,   // 0x00E0 (224) pixels
0x0000, 0x0000, 0x0000, 0x0000, 0x0000, 0x2B7B, 0x2B7B, 0x2B7B, 0x2B7B, 0x2B7B, 0x2B7B, 0x2B7B, 0x2B7B, 0x2B7B, 0x2B7B, 0xFFFF,   // 0x00F0 (240) pixels
0xFFFF, 0x001F, 0xFFFF, 0x333C, 0x2B5B, 0x2B7B, 0x2B7B, 0x2B7B, 0x2B7B, 0x2B7B, 0x2B7C, 0x0000, 0x0000, 0x0000, 0x0000, 0x0000,   // 0x0100 (256) pixels
0x0000, 0x0000, 0x0000, 0x0000, 0x3339, 0x2B7C, 0x2B7B, 0x2B7B, 0x2B7B, 0x2B7B, 0x2B5B, 0x2B7B, 0x2B7B, 0x2B7B, 0x2B7B, 0xFFFF,   // 0x0110 (272) pixels
0xFFFF, 0x2B7B, 0x2B5C, 0xFFFF, 0x333C, 0x2B5B, 0x2B7B, 0x2B7B, 0x2B7B, 0x2B7B, 0x2B5B, 0x3339, 0x0000, 0x0000, 0x0000, 0x0000,   // 0x0120 (288) pixels
0x0000, 0x0000, 0x0000, 0x0000, 0x2B7B, 0x2B7B, 0x2B7B, 0x2B7B, 0x2B7B, 0x2B7B, 0x3339, 0x2B7B, 0x2B7B, 0x2B7B, 0x2B7B, 0xFFFF,   // 0x0130 (304) pixels
0xFFFF, 0x2B7B, 0x2B7B, 0x2B5C, 0xFFFF, 0x333C, 0x2B5B, 0x2B7B, 0x2B7B, 0x2B7B, 0x2B7B, 0x2B7B, 0x0000, 0x0000, 0x0000, 0x0000,   // 0x0140 (320) pixels
0x0000, 0x0000, 0x0000, 0x0000, 0x2B7B, 0x2B7B, 0x2B7B, 0x2B7B, 0x2B7B, 0x2B5B, 0xFFFF, 0x3339, 0x2B7B, 0x2B7B, 0x2B7B, 0xFFFF,   // 0x0150 (336) pixels
0xFFFF, 0x2B7B, 0x2B7B, 0x2B7B, 0xFFFF, 0xFFFF, 0x339B, 0x2B7B, 0x2B7B, 0x2B7B, 0x2B7B, 0x2B7B, 0x0000, 0x0000, 0x0000, 0x0000,   // 0x0160 (352) pixels
0x0000, 0x0000, 0x0000, 0x0000, 0x2B5B, 0x2B7B, 0x2B7B, 0x2B7B, 0x2B7B, 0x2B7B, 0x339B, 0xFFFF, 0x52BF, 0x2B7B, 0x2B7B, 0xFFFF,   // 0x0170 (368) pixels
0xFFFF, 0x2B7B, 0x2B7B, 0x2B5C, 0xFFFF, 0x2C1A, 0x2B7B, 0x2B7B, 0x2B7B, 0x2B7B, 0x2B7B, 0x2B5C, 0x0000, 0x0000, 0x0000, 0x0000,   // 0x0180 (384) pixels
0x0000, 0x0000, 0x0000, 0x0000, 0x2B7B, 0x2B7B, 0x2B7B, 0x2B7B, 0x2B7B, 0x2B7B, 0x2B7B, 0x2B5B, 0xFFFF, 0x3339, 0x2B5B, 0xFFFF,   // 0x0190 (400) pixels
0xFFFF, 0x2B7C, 0x339B, 0xFFFF, 0x2C1A, 0x2B7B, 0x2B7B, 0x2B7B, 0x2B7B, 0x2B7B, 0x2B7B, 0x2B5B, 0x0000, 0x0000, 0x0000, 0x0000,   // 0x01A0 (416) pixels
0x0000, 0x0000, 0x0000, 0x0000, 0x2B7B, 0x2B7B, 0x2B7B, 0x2B7B, 0x2B7B, 0x2B7B, 0x2B7B, 0x2B7B, 0x2B7B, 0xFFFF, 0x52BF, 0xFFFF,   // 0x01B0 (432) pixels
0xFFFF, 0x3339, 0xFFFF, 0x2C1A, 0x2B7B, 0x2B7B, 0x2B7B, 0x2B7B, 0x2B7B, 0x2B7B, 0x2B7B, 0x2B5B, 0x0000, 0x0000, 0x0000, 0x0000,   // 0x01C0 (448) pixels
0x0000, 0x0000, 0x0000, 0x0000, 0x2B5B, 0x2B7B, 0x2B7B, 0x2B7B, 0x2B7B, 0x2B7B, 0x2B7B, 0x2B7B, 0x2B5B, 0x339B, 0x0000, 0xFFFF,   // 0x01D0 (464) pixels
0xFFFF, 0xFFFF, 0x2C1A, 0x2B7B, 0x2B7B, 0x2B7B, 0x2B7B, 0x2B7B, 0x2B7B, 0x2B7B, 0x2B7B, 0x2B7B, 0x0000, 0x0000, 0x0000, 0x0000,   // 0x01E0 (480) pixels
0x0000, 0x0000, 0x0000, 0x0000, 0x2B7B, 0x2B7B, 0x2B7B, 0x2B7B, 0x2B7B, 0x2B7B, 0x2B7B, 0x2B7B, 0x2B7B, 0x2B5B, 0x339B, 0xFFFF,   // 0x01F0 (496) pixels
0xFFFF, 0x2C1A, 0x2B7B, 0x2B7B, 0x2B7B, 0x2B7B, 0x2B7B, 0x2B7B, 0x2B7B, 0x2B7B, 0x2B7B, 0x2B7B, 0x0000, 0x0000, 0x0000, 0x0000,   // 0x0200 (512) pixels
0x0000, 0x0000, 0x0000, 0x0000, 0x2B7B, 0x2B7B, 0x2B7B, 0x2B7B, 0x2B7B, 0x2B7B, 0x2B7B, 0x2B7B, 0x2B7B, 0x2B7C, 0x2B5C, 0xFFFF,   // 0x0210 (528) pixels
0xFFFF, 0x3339, 0x2B7B, 0x2B7B, 0x2B7B, 0x2B7B, 0x2B7B, 0x2B7B, 0x2B7B, 0x2B7B, 0x2B7B, 0x2B7B, 0x0000, 0x0000, 0x0000, 0x0000,   // 0x0220 (544) pixels
0x0000, 0x0000, 0x0000, 0x0000, 0x2B5B, 0x2B7B, 0x2B7B, 0x2B7B, 0x2B7B, 0x2B7B, 0x2B7B, 0x2B7B, 0x2B5B, 0x339B, 0x0000, 0xFFFF,   // 0x0230 (560) pixels
0xFFFF, 0xFFFF, 0x3339, 0x2B7B, 0x2B7B, 0x2B7B, 0x2B7B, 0x2B7B, 0x2B7B, 0x2B7B, 0x2B7B, 0x2B7B, 0x0000, 0x0000, 0x0000, 0x0000,   // 0x0240 (576) pixels
0x0000, 0x0000, 0x0000, 0x0000, 0x2B7C, 0x2B7B, 0x2B7B, 0x2B7B, 0x2B7B, 0x2B7B, 0x2B7B, 0x2B7B, 0x2B7B, 0xFFFF, 0x52BF, 0xFFFF,   // 0x0250 (592) pixels
0xFFFF, 0x3339, 0xFFFF, 0x2C1A, 0x2B7B, 0x2B7B, 0x2B7B, 0x2B7B, 0x2B7B, 0x2B7B, 0x2B7B, 0x2B5B, 0x0000, 0x0000, 0x0000, 0x0000,   // 0x0260 (608) pixels
0x0000, 0x0000, 0x0000, 0x0000, 0x2B7B, 0x2B7B, 0x2B7B, 0x2B7B, 0x2B7B, 0x2B7B, 0x2B7B, 0x2B5B, 0xFFFF, 0x3339, 0x2B5B, 0xFFFF,   // 0x0270 (624) pixels
0xFFFF, 0x2B7C, 0x339B, 0xFFFF, 0x2C1A, 0x2B7B, 0x2B7B, 0x2B7B, 0x2B7B, 0x2B7B, 0x2B7B, 0x2B5B, 0x0000, 0x0000, 0x0000, 0x0000,   // 0x0280 (640) pixels
0x0000, 0x0000, 0x0000, 0x0000, 0x2B5B, 0x2B7B, 0x2B7B, 0x2B7B, 0x2B7B, 0x2B7B, 0x339B, 0xFFFF, 0x52BF, 0x2B7B, 0x2B7B, 0xFFFF,   // 0x0290 (656) pixels
0xFFFF, 0x2B7B, 0x2B7B, 0x2B5C, 0xFFFF, 0x3339, 0x2B7B, 0x2B7B, 0x2B7B, 0x2B7B, 0x2B7B, 0x2B7C, 0x0000, 0x0000, 0x0000, 0x0000,   // 0x02A0 (672) pixels
0x0000, 0x0000, 0x0000, 0x0000, 0x2B7B, 0x2B7B, 0x2B7B, 0x2B7B, 0x2B7B, 0x2B5B, 0xFFFF, 0x3339, 0x2B7B, 0x2B7B, 0x2B7B, 0xFFFF,   // 0x02B0 (688) pixels
0xFFFF, 0x2B7B, 0x2B7B, 0x2B7B, 0xFFFF, 0xFFFF, 0x339B, 0x2B7B, 0x2B7B, 0x2B7B, 0x2B7B, 0x2B7B, 0x0000, 0x0000, 0x0000, 0x0000,   // 0x02C0 (704) pixels
0x0000, 0x0000, 0x0000, 0x0000, 0x2B7B, 0x2B7B, 0x2B7B, 0x2B7B, 0x2B7B, 0x2B7B, 0x3339, 0x2B7B, 0x2B7B, 0x2B7B, 0x2B7B, 0xFFFF,   // 0x02D0 (720) pixels
0xFFFF, 0x2B7B, 0x2B7B, 0x2B5C, 0xFFFF, 0x333C, 0x2B5B, 0x2B7B, 0x2B7B, 0x2B7B, 0x2B7B, 0x2B7B, 0x0000, 0x0000, 0x0000, 0x0000,   // 0x02E0 (736) pixels
0x0000, 0x0000, 0x0000, 0x0000, 0x3339, 0x2B7C, 0x2B7B, 0x2B7B, 0x2B7B, 0x2B7B, 0x2B5B, 0x2B7B, 0x2B7B, 0x2B7B, 0x2B7B, 0xFFFF,   // 0x02F0 (752) pixels
0xFFFF, 0x2B7B, 0x2B5C, 0xFFFF, 0x333C, 0x2B5B, 0x2B7B, 0x2B7B, 0x2B7B, 0x2B7B, 0x2B5B, 0x3339, 0x0000, 0x0000, 0x0000, 0x0000,   // 0x0300 (768) pixels
0x0000, 0x0000, 0x0000, 0x0000, 0x0000, 0x2B7B, 0x2B7B, 0x2B7B, 0x2B7B, 0x2B7B, 0x2B7B, 0x2B7B, 0x2B7B, 0x2B7B, 0x2B7B, 0xFFFF,   // 0x0310 (784) pixels
0xFFFF, 0x001F, 0xFFFF, 0x333C, 0x2B5B, 0x2B7B, 0x2B7B, 0x2B7B, 0x2B7B, 0x2B7B, 0x2B7C, 0x0000, 0x0000, 0x0000, 0x0000, 0x0000,   // 0x0320 (800) pixels
0x0000, 0x0000, 0x0000, 0x0000, 0x0000, 0x2B7B, 0x2B7B, 0x2B7B, 0x2B7B, 0x2B7B, 0x2B7B, 0x2B7B, 0x2B7B, 0x2B7B, 0x2B7B, 0xFFFF,   // 0x0330 (816) pixels
0xFFFF, 0xFFFF, 0x333C, 0x2B5B, 0x2B7B, 0x2B7B, 0x2B7B, 0x2B7B, 0x2B7B, 0x2B7B, 0x2B5B, 0x0000, 0x0000, 0x0000, 0x0000, 0x0000,   // 0x0340 (832) pixels
0x0000, 0x0000, 0x0000, 0x0000, 0x0000, 0x2C1A, 0x2B7B, 0x2B7B, 0x2B7B, 0x2B7B, 0x2B7B, 0x2B7B, 0x2B7B, 0x2B7B, 0x2B7B, 0xFFFF,   // 0x0350 (848) pixels 
0xFFFF, 0x333C, 0x2B7B, 0x2B7B, 0x2B7B, 0x2B7B, 0x2B7B, 0x2B7B, 0x2B7B, 0x2B7B, 0x237B, 0x0000, 0x0000, 0x0000, 0x0000, 0x0000,   // 0x0360 (864) pixels
0x0000, 0x0000, 0x0000, 0x0000, 0x0000, 0x0000, 0x2B7B, 0x2B7B, 0x2B7B, 0x2B7B, 0x2B7B, 0x2B7B, 0x2B7B, 0x2B7B, 0x2B7B, 0xFFFF,   // 0x0370 (880) pixels// ->  المثلث الاسفل من الاسفل المستقيم للاعلى
0x333C, 0x2B5B, 0x2B7B, 0x2B7B, 0x2B7B, 0x2B7B, 0x2B7B, 0x2B7B, 0x2B7B, 0x2B7B, 0x0000, 0x0000, 0x0000, 0x0000, 0x0000, 0x0000,   // 0x0380 (896) pixels
0x0000, 0x0000, 0x0000, 0x0000, 0x0000, 0x0000, 0x001F, 0x2B5B, 0x2B7B, 0x2B7B, 0x2B7B, 0x2B7B, 0x2B7B, 0x2B7B, 0x2B7B, 0x333C,   // 0x0390 (912) pixels
0x2B5B, 0x2B7B, 0x2B7B, 0x2B7B, 0x2B7B, 0x2B7B, 0x2B7B, 0x2B7B, 0x2B7B, 0x001F, 0x0000, 0x0000, 0x0000, 0x0000, 0x0000, 0x0000,   // 0x03A0 (928) pixels
0x0000, 0x0000, 0x0000, 0x0000, 0x0000, 0x0000, 0x0000, 0x231B, 0x2B7B, 0x2B7B, 0x2B7B, 0x2B7B, 0x2B7B, 0x2B7B, 0x2B7B, 0x2B5B,   // 0x03B0 (944) pixels
0x2B7B, 0x2B7B, 0x2B7B, 0x2B7B, 0x2B7B, 0x2B7B, 0x2B7B, 0x2B7B, 0x231B, 0x0000, 0x0000, 0x0000, 0x0000, 0x0000, 0x0000, 0x0000,   // 0x03C0 (960) pixels
0x0000, 0x0000, 0x0000, 0x0000, 0x0000, 0x0000, 0x0000, 0x0000, 0x52BF, 0x2B5B, 0x2B7B, 0x2B7B, 0x2B7B, 0x2B7B, 0x2B7B, 0x2B7B,   // 0x03D0 (976) pixels
0x2B7B, 0x2B7B, 0x2B7B, 0x2B7B, 0x2B7B, 0x2B7B, 0x2B5B, 0x52BF, 0x0000, 0x0000, 0x0000, 0x0000, 0x0000, 0x0000, 0x0000, 0x0000,   // 0x03E0 (992) pixels
0x0000, 0x0000, 0x0000, 0x0000, 0x0000, 0x0000, 0x0000, 0x0000, 0x0000, 0x0000, 0x333C, 0x2B7C, 0x2B7C, 0x2B7B, 0x2B7C, 0x2B7B,   // 0x03F0 (1008) pixels
0x2B7B, 0x2B7C, 0x2B7B, 0x2B7C, 0x2B7C, 0x333C, 0x0000, 0x0000, 0x0000, 0x0000, 0x0000, 0x0000, 0x0000, 0x0000, 0x0000, 0x0000,   // 0x0400 (1024) pixels
};

/***************************************************************************************************************************************************************
*
****************************************************************************************************************************************************************/

// Generated by   : ImageConverter 565 Online
// Generated from : espnow_logo.png
// Time generated : Thu, 28 Mar 24 06:50:02 +0100  (Server timezone: CET)
// Image Size     : 100x32 pixels
// Memory usage   : 3200 bytes

const unsigned short espnow_logo[3200] PROGMEM={
0x0000, 0x0000, 0x0000, 0x0000, 0x0000, 0x0000, 0x0000, 0x0000, 0x0000, 0x0000, 0x0000, 0x0000, 0x0000, 0x0000, 0x0000, 0x0000,   // 0x0010 (16) pixels
0x0000, 0x0000, 0x0000, 0x0000, 0x0000, 0x0000, 0x0000, 0x0000, 0x0000, 0x0000, 0x0000, 0x0000, 0x0000, 0x0000, 0x0000, 0x0000,   // 0x0020 (32) pixels
0x0000, 0x0000, 0x0000, 0x0000, 0x0000, 0x0000, 0x0000, 0x0000, 0x0000, 0x0000, 0x0000, 0x0000, 0x0000, 0x0000, 0x0000, 0x0000,   // 0x0030 (48) pixels
0x0000, 0x0000, 0x0000, 0x0000, 0x0000, 0x0000, 0x0000, 0x0000, 0x0000, 0x0000, 0x0000, 0x0000, 0x0000, 0x0000, 0x0000, 0x0000,   // 0x0040 (64) pixels
0x0000, 0x0000, 0x0000, 0x0000, 0x0000, 0x0000, 0x0000, 0x0000, 0x0000, 0x0000, 0x0000, 0x0000, 0x0000, 0x0000, 0x0000, 0x0000,   // 0x0050 (80) pixels
0x0000, 0x0000, 0x0000, 0x0000, 0x0000, 0x0000, 0x0000, 0x0000, 0x0000, 0x0000, 0x0000, 0x0000, 0x0000, 0x0000, 0x0000, 0x0000,   // 0x0060 (96) pixels
0x0000, 0x0000, 0x0000, 0x0000, 0x0000, 0x0000, 0x0000, 0x0000, 0x0000, 0x0000, 0x0000, 0x0000, 0x0000, 0x0000, 0x0000, 0x0000,   // 0x0070 (112) pixels
0x0000, 0x0000, 0x0000, 0x0000, 0x0000, 0x0000, 0x0000, 0x0000, 0x0000, 0x0000, 0x0000, 0x0000, 0x0000, 0x0000, 0x0000, 0x0000,   // 0x0080 (128) pixels
0x0000, 0x0000, 0x0000, 0x0000, 0x0000, 0x0000, 0x0000, 0x0000, 0x0000, 0x0000, 0x0000, 0x0000, 0x0000, 0x0000, 0x0000, 0x0000,   // 0x0090 (144) pixels
0x0000, 0x0000, 0x0000, 0x0000, 0x0000, 0x0000, 0x0000, 0x0000, 0x0000, 0x0000, 0x0000, 0x0000, 0x0000, 0x0000, 0x0000, 0x0000,   // 0x00A0 (160) pixels
0x0000, 0x0000, 0x0000, 0x0000, 0x0000, 0x0000, 0x0000, 0x0000, 0x0000, 0x0000, 0x0000, 0x0000, 0x0000, 0x0000, 0x0000, 0x0000,   // 0x00B0 (176) pixels
0x0000, 0x0000, 0x0000, 0x0000, 0x0000, 0x0000, 0x0000, 0x0000, 0x0000, 0x0000, 0x0000, 0x0000, 0x0000, 0x0000, 0x0000, 0x0000,   // 0x00C0 (192) pixels
0x0000, 0x0000, 0x0000, 0x0000, 0x0000, 0x0000, 0x0000, 0x0000, 0x0000, 0x0000, 0x0000, 0x0000, 0x2000, 0x4800, 0x5000, 0x5000,   // 0x00D0 (208) pixels
0x5000, 0x5000, 0x5000, 0x5000, 0x5000, 0x5000, 0x5000, 0x5000, 0x5000, 0x5000, 0x5000, 0x5000, 0x5000, 0x5000, 0x5000, 0x5000,   // 0x00E0 (224) pixels
0x5000, 0x5000, 0x5000, 0x5000, 0x5000, 0x5000, 0x5000, 0x5000, 0x5000, 0x5000, 0x5000, 0x5000, 0x5000, 0x5000, 0x5000, 0x2800,   // 0x00F0 (240) pixels
0x0000, 0x0000, 0x0000, 0x0000, 0x0000, 0x0000, 0x0000, 0x0000, 0x0000, 0x0000, 0x0000, 0x0000, 0x0000, 0x0000, 0x0000, 0x0000,   // 0x0100 (256) pixels
0x0000, 0x0000, 0x0000, 0x0000, 0x0000, 0x0000, 0x0000, 0x0000, 0x0000, 0x0000, 0x0000, 0x0000, 0x0000, 0x0000, 0x0000, 0x0000,   // 0x0110 (272) pixels
0x0000, 0x0000, 0x0000, 0x0000, 0x0000, 0x0000, 0x0000, 0x0000, 0x0000, 0x0000, 0x0000, 0x0000, 0x0000, 0x0000, 0x0000, 0x0000,   // 0x0120 (288) pixels
0x0000, 0x0000, 0x0000, 0x0000, 0x0000, 0x0000, 0x0000, 0x0000, 0x0000, 0x0000, 0x0000, 0x0000, 0x0000, 0x0000, 0x0000, 0x4800,   // 0x0130 (304) pixels
0xA800, 0xC000, 0xC000, 0xC000, 0xC000, 0xC000, 0xC000, 0xC000, 0xC000, 0xC000, 0xC000, 0xC000, 0xC000, 0xC000, 0xC000, 0xC000,   // 0x0140 (320) pixels
0xC000, 0xC000, 0xC000, 0xC000, 0xC000, 0xC000, 0xC000, 0xC000, 0xC000, 0xC000, 0xC000, 0xC000, 0xC000, 0xC000, 0xC000, 0xC000,   // 0x0150 (336) pixels
0xC000, 0xC000, 0xC000, 0xB000, 0x5800, 0x0000, 0x0000, 0x0000, 0x0000, 0x0000, 0x0000, 0x0000, 0x0000, 0x0000, 0x0000, 0x0000,   // 0x0160 (352) pixels
0x0000, 0x0000, 0x0000, 0x0000, 0x0000, 0x0000, 0x0000, 0x0000, 0x0000, 0x0000, 0x0000, 0x0000, 0x0000, 0x0000, 0x0000, 0x0000,   // 0x0170 (368) pixels
0x0000, 0x0000, 0x0000, 0x0000, 0x0000, 0x0000, 0x0000, 0x0000, 0x0000, 0x0000, 0x0000, 0x0000, 0x0000, 0x0000, 0x0000, 0x0000,   // 0x0180 (384) pixels
0x0000, 0x0000, 0x0000, 0x0000, 0x0000, 0x0000, 0x0000, 0x0000, 0x0000, 0x0000, 0x0000, 0x0000, 0x0000, 0x0000, 0x0000, 0x0000,   // 0x0190 (400) pixels
0x0000, 0x0000, 0x2000, 0xA800, 0xC000, 0xB800, 0xB800, 0xB800, 0xB800, 0xB800, 0xB800, 0xB800, 0xB800, 0xB800, 0xB800, 0xC000,   // 0x01A0 (416) pixels
0xC000, 0xC000, 0xC000, 0xB800, 0xB800, 0xB800, 0xB800, 0xB800, 0xB800, 0xC000, 0xC000, 0xC000, 0xC000, 0xB800, 0xB800, 0xB800,   // 0x01B0 (432) pixels
0xB800, 0xB800, 0xB800, 0xB800, 0xB800, 0xC000, 0xB800, 0xC000, 0xB800, 0x3800, 0x0000, 0x0000, 0x0000, 0x0000, 0x0000, 0x0000,   // 0x01C0 (448) pixels
0x0000, 0x0000, 0x0000, 0x0000, 0x0000, 0x0000, 0x0000, 0x0000, 0x0000, 0x0000, 0x0000, 0x0000, 0x0000, 0x0000, 0x0000, 0x0000,   // 0x01D0 (464) pixels
0x0000, 0x0000, 0x0000, 0x0000, 0x0000, 0x0000, 0x0000, 0x0000, 0x0000, 0x0000, 0x0000, 0x0000, 0x0000, 0x0000, 0x0000, 0x0000,   // 0x01E0 (480) pixels
0x0000, 0x0000, 0x0000, 0x0000, 0x0000, 0x0000, 0x0000, 0x0000, 0x0000, 0x0000, 0x0000, 0x0000, 0x0000, 0x0000, 0x0000, 0x0000,   // 0x01F0 (496) pixels
0x0000, 0x0000, 0x0000, 0x0000, 0x0000, 0x0000, 0x6000, 0xC000, 0xC000, 0xC041, 0xC041, 0xC041, 0xC041, 0xC041, 0xC041, 0xC041,   // 0x0200 (512) pixels
0xC041, 0xC020, 0xC000, 0xB800, 0xC000, 0xC000, 0xB800, 0xC000, 0xC0A2, 0xC924, 0xC924, 0xC082, 0xB800, 0xB800, 0xB800, 0xC000,   // 0x0210 (528) pixels
0xB800, 0xC000, 0xC041, 0xC041, 0xC041, 0xC041, 0xC041, 0xC020, 0xB800, 0xB800, 0xB800, 0xB800, 0xC000, 0x7800, 0x0000, 0x0000,   // 0x0220 (544) pixels
0x0000, 0x0000, 0x18C3, 0x18E3, 0x18E3, 0x18E3, 0x0020, 0x0000, 0x0000, 0x0000, 0x0000, 0x0000, 0x0861, 0x18E3, 0x18E3, 0x0861,   // 0x0230 (560) pixels
0x0000, 0x0000, 0x0000, 0x0000, 0x0000, 0x0000, 0x0841, 0x2945, 0x4228, 0x4A69, 0x39E7, 0x18E3, 0x0000, 0x0000, 0x0000, 0x0000,   // 0x0240 (576) pixels
0x0000, 0x1082, 0x18E3, 0x18E3, 0x1082, 0x0000, 0x0000, 0x0000, 0x0000, 0x0000, 0x18C3, 0x18E3, 0x18C3, 0x0020, 0x0000, 0x0000,   // 0x0250 (592) pixels
0x0000, 0x0000, 0x0861, 0x18E3, 0x18E3, 0x10A2, 0x0000, 0x0000, 0x0000, 0x0000, 0x8000, 0xC000, 0xC041, 0xE4D3, 0xF638, 0xEE18,   // 0x0260 (608) pixels
0xEE18, 0xEE18, 0xEE18, 0xEE18, 0xF638, 0xE492, 0xC020, 0xB800, 0xC000, 0xB800, 0xC924, 0xE492, 0xF6BA, 0xFF5D, 0xFF3C, 0xF679,   // 0x0270 (624) pixels
0xE471, 0xC9C7, 0xC020, 0xB800, 0xB800, 0xC9A6, 0xEDF7, 0xF618, 0xEE18, 0xEE18, 0xEE18, 0xEDB6, 0xE471, 0xC9E7, 0xC020, 0xB800,   // 0x0280 (640) pixels
0xC000, 0x9800, 0x0800, 0x0000, 0x0000, 0x1082, 0xBDD7, 0xE71C, 0xDEFB, 0xDEFB, 0x52AA, 0x0000, 0x0000, 0x0000, 0x0000, 0x0000,   // 0x0290 (656) pixels
0x632C, 0xE71C, 0xE71C, 0x5AEB, 0x0000, 0x0000, 0x0000, 0x0000, 0x0000, 0x39E7, 0xAD75, 0xE73C, 0xF7BE, 0xFFDF, 0xF7BE, 0xDEDB,   // 0x02A0 (672) pixels
0x8C71, 0x2104, 0x0000, 0x0000, 0x0000, 0x6B6D, 0xE71C, 0xE71C, 0x8C51, 0x0000, 0x0000, 0x0000, 0x0000, 0x2104, 0xCE59, 0xE71C,   // 0x02B0 (688) pixels
0xD6BA, 0x31A6, 0x0000, 0x0000, 0x0000, 0x0000, 0x6B6D, 0xE71C, 0xE71C, 0x8C51, 0x0000, 0x0000, 0x0000, 0x0000, 0x8800, 0xC000,   // 0x02C0 (704) pixels
0xC061, 0xF659, 0xFFFF, 0xFFFF, 0xFFFF, 0xFFFF, 0xFFFF, 0xFFFF, 0xFFFF, 0xEDF7, 0xC041, 0xB800, 0xB800, 0xC924, 0xF638, 0xFFFF,   // 0x02D0 (720) pixels
0xFFFF, 0xFFFF, 0xFFFF, 0xFFFF, 0xFFFF, 0xFF1C, 0xC986, 0xB800, 0xB800, 0xD228, 0xFFDF, 0xFFFF, 0xFFFF, 0xFFFF, 0xFFFF, 0xFFFF,   // 0x02E0 (736) pixels
0xFFFF, 0xFF7D, 0xDBCF, 0xC020, 0xC000, 0xA000, 0x1000, 0x0000, 0x0000, 0x10A2, 0xD69A, 0xFFFF, 0xFFFF, 0xFFFF, 0xB5B6, 0x0841,   // 0x02F0 (752) pixels
0x0000, 0x0000, 0x0000, 0x0000, 0x73AE, 0xFFFF, 0xFFFF, 0x6B4D, 0x0000, 0x0000, 0x0000, 0x0000, 0x5ACB, 0xEF5D, 0xFFFF, 0xFFFF,   // 0x0300 (768) pixels
0xFFFF, 0xFFFF, 0xFFFF, 0xFFFF, 0xFFFF, 0xC638, 0x2945, 0x0000, 0x0000, 0x52AA, 0xFFDF, 0xFFFF, 0xBDF7, 0x0841, 0x0000, 0x0000,   // 0x0310 (784) pixels
0x0000, 0x4228, 0xF7BE, 0xFFFF, 0xFFFF, 0x632C, 0x0000, 0x0000, 0x0000, 0x0000, 0xA514, 0xFFFF, 0xFFFF, 0x73AE, 0x0000, 0x0000,   // 0x0320 (800) pixels
0x0000, 0x0000, 0x8800, 0xC000, 0xC061, 0xF659, 0xFFFF, 0xFFFF, 0xFFFF, 0xFFFF, 0xFFFF, 0xFFFF, 0xFFFF, 0xEDF7, 0xC041, 0xB800,   // 0x0330 (816) pixels
0xC000, 0xE4B2, 0xFFFF, 0xFFFF, 0xFFFF, 0xFFFF, 0xFFFF, 0xFFFF, 0xFFFF, 0xF6BA, 0xC0C3, 0xB800, 0xB800, 0xD228, 0xFFDF, 0xFFFF,   // 0x0340 (832) pixels
0xFFFF, 0xFFFF, 0xFFFF, 0xFFFF, 0xFFFF, 0xFFFF, 0xFF9E, 0xD2AA, 0xC000, 0xA000, 0x1000, 0x0000, 0x0000, 0x1082, 0xD69A, 0xFFFF,   // 0x0350 (848) pixels
0xFFFF, 0xFFFF, 0xF79E, 0x4228, 0x0000, 0x0000, 0x0000, 0x0000, 0x73AE, 0xFFFF, 0xFFFF, 0x6B4D, 0x0000, 0x0000, 0x0000, 0x31A6,   // 0x0360 (864) pixels
0xE71C, 0xFFFF, 0xFFFF, 0xFFFF, 0xF7BE, 0xF79E, 0xFFDF, 0xFFFF, 0xFFFF, 0xFFFF, 0xB596, 0x0861, 0x0000, 0x3186, 0xEF7D, 0xFFFF,   // 0x0370 (880) pixels
0xDEFB, 0x18E3, 0x0000, 0x0000, 0x0000, 0x738E, 0xFFFF, 0xFFFF, 0xFFFF, 0x9492, 0x0000, 0x0000, 0x0000, 0x0861, 0xC638, 0xFFFF,   // 0x0380 (896) pixels
0xFFDF, 0x4A49, 0x0000, 0x0000, 0x0000, 0x0000, 0x8800, 0xC000, 0xC061, 0xF659, 0xFFFF, 0xFFFF, 0xEDB6, 0xE451, 0xE471, 0xE471,   // 0x0390 (912) pixels
0xE471, 0xDB4D, 0xC020, 0xB800, 0xC0E3, 0xF6DB, 0xFFFF, 0xFFFF, 0xEDD7, 0xDB0C, 0xDB4D, 0xE514, 0xFF3C, 0xE4B2, 0xC000, 0xB800,   // 0x03A0 (928) pixels
0xB800, 0xD228, 0xFFDF, 0xFFFF, 0xFF7D, 0xE4B2, 0xE471, 0xEDB6, 0xFFBE, 0xFFFF, 0xFFFF, 0xED96, 0xC020, 0xA000, 0x1000, 0x0000,   // 0x03B0 (944) pixels
0x0000, 0x1082, 0xD69A, 0xFFFF, 0xFFFF, 0xFFFF, 0xFFFF, 0xA514, 0x0020, 0x0000, 0x0000, 0x0000, 0x73AE, 0xFFFF, 0xFFFF, 0x6B4D,   // 0x03C0 (960) pixels
0x0000, 0x0000, 0x0020, 0xA534, 0xFFFF, 0xFFFF, 0xFFDF, 0xA534, 0x4228, 0x31A6, 0x5ACB, 0xCE59, 0xFFFF, 0xFFFF, 0xFFDF, 0x5AEB,   // 0x03D0 (976) pixels
0x0000, 0x10A2, 0xD69A, 0xFFFF, 0xF79E, 0x39C7, 0x0000, 0x0000, 0x0000, 0x9CF3, 0xFFFF, 0xFFFF, 0xFFFF, 0xBDF7, 0x0841, 0x0000,   // 0x03E0 (992) pixels
0x0000, 0x2104, 0xE71C, 0xFFFF, 0xE73C, 0x2124, 0x0000, 0x0000, 0x0000, 0x0000, 0x8800, 0xC000, 0xC061, 0xF659, 0xFFFF, 0xFFFF,   // 0x03F0 (1008) pixels
0xD2CB, 0xB800, 0xB800, 0xB800, 0xB800, 0xB800, 0xB800, 0xB800, 0xC9A6, 0xFF9E, 0xFFFF, 0xFF3C, 0xC945, 0xB800, 0xB800, 0xC000,   // 0x0400 (1024) pixels
0xC965, 0xC945, 0xB800, 0xC000, 0xB800, 0xD228, 0xFFDF, 0xFFFF, 0xF6DB, 0xC0C3, 0xB800, 0xC041, 0xE451, 0xFFFF, 0xFFFF, 0xF6FB,   // 0x0410 (1040) pixels
0xC8E3, 0xA000, 0x1000, 0x0000, 0x0000, 0x1082, 0xD69A, 0xFFFF, 0xF7BE, 0xFFDF, 0xFFFF, 0xEF5D, 0x31A6, 0x0000, 0x0000, 0x0000,   // 0x0420 (1056) pixels
0x73AE, 0xFFFF, 0xFFFF, 0x6B4D, 0x0000, 0x0000, 0x2965, 0xE73C, 0xFFFF, 0xFFFF, 0xA514, 0x0861, 0x0000, 0x0000, 0x0000, 0x2945,   // 0x0430 (1072) pixels
0xD6BA, 0xFFFF, 0xFFFF, 0xB596, 0x0020, 0x0000, 0xAD75, 0xFFFF, 0xFFFF, 0x5AEB, 0x0000, 0x0000, 0x0861, 0xC638, 0xFFFF, 0xFFDF,   // 0x0440 (1088) pixels
0xFFFF, 0xDEFB, 0x18E3, 0x0000, 0x0000, 0x4208, 0xF7BE, 0xFFFF, 0xCE59, 0x0861, 0x0000, 0x0000, 0x0000, 0x0000, 0x8800, 0xC000,   // 0x0450 (1104) pixels
0xC061, 0xF659, 0xFFFF, 0xFFFF, 0xD2CB, 0xB800, 0xC000, 0xC000, 0xB800, 0xC000, 0xC000, 0xB800, 0xC9E7, 0xFFBE, 0xFFFF, 0xF6BA,   // 0x0460 (1120) pixels
0xC0A2, 0xB800, 0xC000, 0xB800, 0xB800, 0xB800, 0xC000, 0xC000, 0xB800, 0xD228, 0xFFDF, 0xFFFF, 0xF6DB, 0xC0C3, 0xB800, 0xB800,   // 0x0470 (1136) pixels
0xC9C7, 0xFF9E, 0xFFFF, 0xFF7D, 0xC986, 0xA000, 0x1000, 0x0000, 0x0000, 0x1082, 0xD69A, 0xFFFF, 0xCE59, 0xCE59, 0xFFFF, 0xFFFF,   // 0x0480 (1152) pixels
0x8C71, 0x0000, 0x0000, 0x0000, 0x73AE, 0xFFFF, 0xFFFF, 0x6B4D, 0x0000, 0x0000, 0x630C, 0xFFFF, 0xFFFF, 0xEF7D, 0x39C7, 0x0000,   // 0x0490 (1168) pixels
0x0000, 0x0000, 0x0000, 0x0000, 0x7BCF, 0xFFFF, 0xFFFF, 0xE71C, 0x2124, 0x0000, 0x8410, 0xFFFF, 0xFFFF, 0x8430, 0x0000, 0x0000,   // 0x04A0 (1184) pixels
0x2124, 0xE73C, 0xFFFF, 0xD69A, 0xFFDF, 0xF7BE, 0x39E7, 0x0000, 0x0000, 0x632C, 0xFFFF, 0xFFFF, 0xA514, 0x0000, 0x0000, 0x0000,   // 0x04B0 (1200) pixels
0x0000, 0x0000, 0x8800, 0xC000, 0xC061, 0xF659, 0xFFFF, 0xFFFF, 0xD2CB, 0xB800, 0xB800, 0xB800, 0xB800, 0xB800, 0xC000, 0xB800,   // 0x04C0 (1216) pixels
0xC986, 0xFF7D, 0xFFFF, 0xFFBE, 0xD2CB, 0xB800, 0xB800, 0xC000, 0xC000, 0xC000, 0xC000, 0xC000, 0xB800, 0xD228, 0xFFDF, 0xFFFF,   // 0x04D0 (1232) pixels
0xF6DB, 0xC0C3, 0xB800, 0xB800, 0xC965, 0xFF5D, 0xFFFF, 0xFF7D, 0xC986, 0xA000, 0x1000, 0x0000, 0x0000, 0x1082, 0xD69A, 0xFFFF,   // 0x04E0 (1248) pixels
0xC618, 0x738E, 0xFFDF, 0xFFFF, 0xDEFB, 0x2124, 0x0000, 0x0000, 0x73AE, 0xFFFF, 0xFFFF, 0x6B4D, 0x0000, 0x0000, 0x9492, 0xFFFF,   // 0x04F0 (1264) pixels
0xFFFF, 0xC638, 0x0861, 0x0000, 0x0000, 0x0000, 0x0000, 0x0000, 0x39C7, 0xF79E, 0xFFFF, 0xF7BE, 0x4228, 0x0000, 0x52AA, 0xFFFF,   // 0x0500 (1280) pixels
0xFFFF, 0xAD75, 0x0000, 0x0000, 0x4228, 0xF7BE, 0xFFDF, 0x94B2, 0xF79E, 0xFFFF, 0x632C, 0x0000, 0x0000, 0x8C71, 0xFFFF, 0xFFFF,   // 0x0510 (1296) pixels
0x73AE, 0x0000, 0x0000, 0x0000, 0x0000, 0x0000, 0x8800, 0xC000, 0xC061, 0xF659, 0xFFFF, 0xFFFF, 0xE410, 0xC9C7, 0xC9E7, 0xC9E7,   // 0x0520 (1312) pixels
0xC9E7, 0xC0C3, 0xB800, 0xB800, 0xC0A2, 0xF679, 0xFFFF, 0xFFFF, 0xFF3C, 0xDB6D, 0xC061, 0xB800, 0xB800, 0xC000, 0xC000, 0xC000,   // 0x0530 (1328) pixels
0xB800, 0xD228, 0xFFDF, 0xFFFF, 0xF6DB, 0xC0C3, 0xB800, 0xB800, 0xD249, 0xFFBE, 0xFFFF, 0xFF3C, 0xC945, 0xA000, 0x1000, 0x0000,   // 0x0540 (1344) pixels
0x0000, 0x1082, 0xD69A, 0xFFFF, 0xCE59, 0x2945, 0xD69A, 0xFFFF, 0xFFFF, 0x7BCF, 0x0000, 0x0000, 0x73AE, 0xFFFF, 0xFFFF, 0x6B4D,   // 0x0550 (1360) pixels
0x0000, 0x0000, 0xAD75, 0xFFFF, 0xFFFF, 0xA514, 0x0000, 0x0000, 0x0000, 0x0000, 0x0000, 0x0000, 0x18E3, 0xDEFB, 0xFFFF, 0xFFFF,   // 0x0560 (1376) pixels
0x630C, 0x0000, 0x3186, 0xEF7D, 0xFFFF, 0xCE79, 0x1082, 0x0000, 0x738E, 0xFFFF, 0xF79E, 0x5AEB, 0xE71C, 0xFFFF, 0x94B2, 0x0000,   // 0x0570 (1392) pixels
0x0020, 0xB5B6, 0xFFFF, 0xFFDF, 0x4A69, 0x0000, 0x0000, 0x0000, 0x0000, 0x0000, 0x8800, 0xC000, 0xC061, 0xF659, 0xFFFF, 0xFFFF,   // 0x0580 (1408) pixels
0xFFDF, 0xFFBE, 0xFFBE, 0xFFBE, 0xFFBE, 0xDB4D, 0xB800, 0xB800, 0xB800, 0xDBAE, 0xFFFF, 0xFFFF, 0xFFFF, 0xFFDF, 0xEDB6, 0xC9C7,   // 0x0590 (1424) pixels
0xB800, 0xB800, 0xC000, 0xC000, 0xB800, 0xD228, 0xFFDF, 0xFFFF, 0xF6DB, 0xC0E3, 0xC020, 0xC924, 0xEDD7, 0xFFFF, 0xFFFF, 0xF679,   // 0x05A0 (1440) pixels
0xC082, 0xA000, 0x1000, 0x0000, 0x0000, 0x1082, 0xD69A, 0xFFFF, 0xD69A, 0x1082, 0x7BCF, 0xFFFF, 0xFFFF, 0xD69A, 0x18C3, 0x0000,   // 0x05B0 (1456) pixels
0x73AE, 0xFFFF, 0xFFFF, 0x6B4D, 0x0000, 0x0841, 0xBDF7, 0xFFFF, 0xFFFF, 0x8C71, 0x0000, 0x0000, 0x0000, 0x0000, 0x0000, 0x0000,   // 0x05C0 (1472) pixels
0x1082, 0xD69A, 0xFFFF, 0xFFFF, 0x738E, 0x0000, 0x10A2, 0xD69A, 0xFFFF, 0xEF5D, 0x2945, 0x0000, 0x9CF3, 0xFFFF, 0xDEFB, 0x2965,   // 0x05D0 (1488) pixels
0xCE59, 0xFFFF, 0xBDF7, 0x0841, 0x10A2, 0xD6BA, 0xFFFF, 0xE73C, 0x2945, 0x0000, 0x0000, 0x0000, 0x0000, 0x0000, 0x8800, 0xC000,   // 0x05E0 (1504) pixels
0xC061, 0xF659, 0xFFFF, 0xFFFF, 0xFFFF, 0xFFFF, 0xFFFF, 0xFFFF, 0xFFFF, 0xDB6D, 0xB800, 0xC000, 0xB800, 0xC082, 0xED55, 0xFFFF,   // 0x05F0 (1520) pixels
0xFFFF, 0xFFFF, 0xFFFF, 0xFF3C, 0xD2EB, 0xC000, 0xB800, 0xC000, 0xB800, 0xD228, 0xFFDF, 0xFFFF, 0xFF9E, 0xEDB6, 0xEDB6, 0xF6FB,   // 0x0600 (1536) pixels
0xFFFF, 0xFFFF, 0xFFFF, 0xE451, 0xC000, 0xA000, 0x1000, 0x0000, 0x0000, 0x1082, 0xD69A, 0xFFFF, 0xD6BA, 0x1082, 0x2124, 0xE71C,   // 0x0610 (1552) pixels
0xFFFF, 0xFFFF, 0x632C, 0x0000, 0x73AE, 0xFFFF, 0xFFFF, 0x6B4D, 0x0000, 0x0841, 0xC618, 0xFFFF, 0xFFFF, 0x8430, 0x0000, 0x0000,   // 0x0620 (1568) pixels
0x0000, 0x0000, 0x0000, 0x0000, 0x0861, 0xCE59, 0xFFFF, 0xFFFF, 0x7BCF, 0x0000, 0x0020, 0xAD75, 0xFFFF, 0xFFDF, 0x4A49, 0x0841,   // 0x0630 (1584) pixels
0xC638, 0xFFFF, 0xC618, 0x0861, 0xA534, 0xFFFF, 0xDEFB, 0x18E3, 0x2965, 0xEF7D, 0xFFFF, 0xCE59, 0x1082, 0x0000, 0x0000, 0x0000,   // 0x0640 (1600) pixels
0x0000, 0x0000, 0x8800, 0xC000, 0xC061, 0xF659, 0xFFFF, 0xFFFF, 0xFFBE, 0xFF9E, 0xFF9E, 0xFF9E, 0xFF9E, 0xDB2C, 0xB800, 0xC000,   // 0x0650 (1616) pixels
0xC000, 0xB800, 0xC0A2, 0xE492, 0xFF9E, 0xFFFF, 0xFFFF, 0xFFFF, 0xFF7D, 0xD2AA, 0xB800, 0xC000, 0xB800, 0xD228, 0xFFDF, 0xFFFF,   // 0x0660 (1632) pixels
0xFFFF, 0xFFFF, 0xFFFF, 0xFFFF, 0xFFFF, 0xFFFF, 0xF6BA, 0xC945, 0xC000, 0xA000, 0x1000, 0x0000, 0x0000, 0x1082, 0xD69A, 0xFFFF,   // 0x0670 (1648) pixels
0xD6BA, 0x10A2, 0x0000, 0x9492, 0xFFFF, 0xFFFF, 0xC618, 0x0841, 0x6B6D, 0xFFFF, 0xFFFF, 0x6B4D, 0x0000, 0x0841, 0xBDF7, 0xFFFF,   // 0x0680 (1664) pixels
0xFFFF, 0x8C51, 0x0000, 0x0000, 0x0000, 0x0000, 0x0000, 0x0000, 0x1082, 0xCE79, 0xFFFF, 0xFFFF, 0x73AE, 0x0000, 0x0000, 0x8430,   // 0x0690 (1680) pixels
0xFFFF, 0xFFFF, 0x6B6D, 0x2104, 0xE73C, 0xFFFF, 0x9CD3, 0x0000, 0x7BCF, 0xFFFF, 0xF7BE, 0x39E7, 0x4A69, 0xFFDF, 0xFFFF, 0xA534,   // 0x06A0 (1696) pixels
0x0000, 0x0000, 0x0000, 0x0000, 0x0000, 0x0000, 0x8800, 0xC000, 0xC061, 0xF659, 0xFFFF, 0xFFFF, 0xDBEF, 0xC986, 0xC9A6, 0xC9A6,   // 0x06B0 (1712) pixels
0xC9A6, 0xC0A2, 0xB800, 0xC000, 0xC000, 0xC000, 0xB800, 0xC020, 0xD28A, 0xF659, 0xFFFF, 0xFFFF, 0xFFFF, 0xF638, 0xC082, 0xB800,   // 0x06C0 (1728) pixels
0xB800, 0xD228, 0xFFDF, 0xFFFF, 0xFFFF, 0xFFFF, 0xFFFF, 0xFFFF, 0xFFDF, 0xF638, 0xC9E7, 0xB800, 0xC000, 0xA000, 0x1000, 0x0000,   // 0x06D0 (1744) pixels
0x0000, 0x1082, 0xD69A, 0xFFFF, 0xD6BA, 0x10A2, 0x0000, 0x39C7, 0xEF7D, 0xFFFF, 0xF7BE, 0x4A69, 0x632C, 0xFFFF, 0xFFFF, 0x6B4D,   // 0x06E0 (1760) pixels
0x0000, 0x0020, 0xB596, 0xFFFF, 0xFFFF, 0x9CD3, 0x0000, 0x0000, 0x0000, 0x0000, 0x0000, 0x0000, 0x18C3, 0xDEDB, 0xFFFF, 0xFFFF,   // 0x06F0 (1776) pixels
0x6B4D, 0x0000, 0x0000, 0x5ACB, 0xFFFF, 0xFFFF, 0x9492, 0x4228, 0xFFDF, 0xFFFF, 0x6B6D, 0x0000, 0x4A69, 0xFFDF, 0xFFFF, 0x630C,   // 0x0700 (1792) pixels
0x738E, 0xFFFF, 0xFFFF, 0x7BCF, 0x0000, 0x0000, 0x0000, 0x0000, 0x0000, 0x0000, 0x8800, 0xC000, 0xC061, 0xF659, 0xFFFF, 0xFFFF,   // 0x0710 (1808) pixels
0xD2CB, 0xB800, 0xB800, 0xB800, 0xB800, 0xB800, 0xC000, 0xC000, 0xC000, 0xC000, 0xC000, 0xB800, 0xB800, 0xC0E3, 0xED14, 0xFFFF,   // 0x0720 (1824) pixels
0xFFFF, 0xFFBE, 0xCA08, 0xB800, 0xB800, 0xD228, 0xFFDF, 0xFFFF, 0xFF9E, 0xED55, 0xE4F3, 0xE451, 0xD2CB, 0xC0A2, 0xB800, 0xB800,   // 0x0730 (1840) pixels
0xC000, 0xA000, 0x1000, 0x0000, 0x0000, 0x1082, 0xD69A, 0xFFFF, 0xD6BA, 0x10A2, 0x0000, 0x0020, 0xAD55, 0xFFFF, 0xFFFF, 0xAD55,   // 0x0740 (1856) pixels
0x6B4D, 0xFFFF, 0xFFFF, 0x6B4D, 0x0000, 0x0000, 0x9CD3, 0xFFFF, 0xFFFF, 0xBDD7, 0x0020, 0x0000, 0x0000, 0x0000, 0x0000, 0x0000,   // 0x0750 (1872) pixels
0x2965, 0xEF5D, 0xFFFF, 0xFFDF, 0x528A, 0x0000, 0x0000, 0x3186, 0xEF7D, 0xFFFF, 0xB596, 0x738E, 0xFFFF, 0xF7BE, 0x4208, 0x0000,   // 0x0760 (1888) pixels
0x2945, 0xEF5D, 0xFFFF, 0x8C51, 0x9CD3, 0xFFFF, 0xFFDF, 0x4A69, 0x0000, 0x0000, 0x0000, 0x0000, 0x0000, 0x0000, 0x8800, 0xC000,   // 0x0770 (1904) pixels
0xC061, 0xF659, 0xFFFF, 0xFFFF, 0xD2CB, 0xB800, 0xC000, 0xC000, 0xC000, 0xC000, 0xC000, 0xC000, 0xB800, 0xB800, 0xC000, 0xC000,   // 0x0780 (1920) pixels
0xC000, 0xB800, 0xC0E3, 0xF69A, 0xFFFF, 0xFFFF, 0xD2EB, 0xB800, 0xB800, 0xD228, 0xFFDF, 0xFFFF, 0xF6DB, 0xC0C3, 0xB800, 0xB800,   // 0x0790 (1936) pixels
0xB800, 0xB800, 0xC000, 0xC000, 0xC000, 0xA000, 0x1000, 0x0000, 0x0000, 0x1082, 0xD69A, 0xFFFF, 0xD6BA, 0x10A2, 0x0000, 0x0000,   // 0x07A0 (1952) pixels
0x4A49, 0xF7BE, 0xFFFF, 0xEF5D, 0x9CD3, 0xFFDF, 0xFFFF, 0x6B4D, 0x0000, 0x0000, 0x738E, 0xFFFF, 0xFFFF, 0xE71C, 0x2124, 0x0000,   // 0x07B0 (1968) pixels
0x0000, 0x0000, 0x0000, 0x0000, 0x630C, 0xFFFF, 0xFFFF, 0xEF5D, 0x2965, 0x0000, 0x0000, 0x10A2, 0xD6BA, 0xFFFF, 0xD69A, 0xA514,   // 0x07C0 (1984) pixels
0xFFFF, 0xE71C, 0x2104, 0x0000, 0x1082, 0xCE79, 0xFFFF, 0xB596, 0xBDF7, 0xFFFF, 0xEF5D, 0x2945, 0x0000, 0x0000, 0x0000, 0x0000,   // 0x07D0 (2000) pixels
0x0000, 0x0000, 0x8800, 0xC000, 0xC061, 0xF659, 0xFFFF, 0xFFFF, 0xD2CB, 0xB800, 0xB800, 0xB800, 0xB800, 0xB800, 0xB800, 0xB800,   // 0x07E0 (2016) pixels
0xC061, 0xC041, 0xB800, 0xB800, 0xB800, 0xB800, 0xC020, 0xEDB6, 0xFFFF, 0xFFFF, 0xDB2C, 0xB800, 0xB800, 0xD228, 0xFFDF, 0xFFFF,   // 0x07F0 (2032) pixels
0xF6DB, 0xC0C3, 0xB800, 0xB800, 0xC000, 0xC000, 0xC000, 0xC000, 0xC000, 0xA000, 0x1000, 0x0000, 0x0000, 0x1082, 0xD69A, 0xFFFF,   // 0x0800 (2048) pixels
0xD6BA, 0x10A2, 0x0000, 0x0000, 0x0861, 0xBDF7, 0xFFFF, 0xFFFF, 0xE73C, 0xFFFF, 0xFFFF, 0x6B4D, 0x0000, 0x0000, 0x39E7, 0xF79E,   // 0x0810 (2064) pixels
0xFFFF, 0xFFFF, 0x7BCF, 0x0000, 0x0000, 0x0000, 0x0000, 0x1082, 0xBDD7, 0xFFFF, 0xFFFF, 0xC638, 0x0861, 0x0000, 0x0000, 0x0020,   // 0x0820 (2080) pixels
0xB596, 0xFFFF, 0xEF5D, 0xCE79, 0xFFFF, 0xC618, 0x0841, 0x0000, 0x0000, 0xA534, 0xFFFF, 0xD6BA, 0xDEFB, 0xFFFF, 0xCE79, 0x1082,   // 0x0830 (2096) pixels
0x0000, 0x0000, 0x0000, 0x0000, 0x0000, 0x0000, 0x8800, 0xC000, 0xC061, 0xF659, 0xFFFF, 0xFFFF, 0xDB0C, 0xC041, 0xC061, 0xC061,   // 0x0840 (2112) pixels
0xC061, 0xC041, 0xC000, 0xB800, 0xD2EB, 0xED55, 0xD228, 0xC061, 0xC000, 0xB800, 0xC986, 0xF6FB, 0xFFFF, 0xFFDF, 0xD269, 0xB800,   // 0x0850 (2128) pixels
0xB800, 0xD228, 0xFFDF, 0xFFFF, 0xF6DB, 0xC0C3, 0xB800, 0xC000, 0xC000, 0xC000, 0xC000, 0xC000, 0xC000, 0xA000, 0x1000, 0x0000,   // 0x0860 (2144) pixels
0x0000, 0x1082, 0xD69A, 0xFFFF, 0xD6BA, 0x10A2, 0x0000, 0x0000, 0x0000, 0x630C, 0xFFDF, 0xFFFF, 0xFFFF, 0xFFFF, 0xFFFF, 0x6B4D,   // 0x0870 (2160) pixels
0x0000, 0x0000, 0x0861, 0xBDF7, 0xFFFF, 0xFFFF, 0xEF5D, 0x632C, 0x10A2, 0x0841, 0x2124, 0x9CD3, 0xFFDF, 0xFFFF, 0xFFFF, 0x7BCF,   // 0x0880 (2176) pixels
0x0000, 0x0000, 0x0000, 0x0000, 0x8430, 0xFFFF, 0xFFDF, 0xF7BE, 0xFFFF, 0x9CD3, 0x0000, 0x0000, 0x0000, 0x7BCF, 0xFFFF, 0xF7BE,   // 0x0890 (2192) pixels
0xFFDF, 0xFFFF, 0xA534, 0x0000, 0x0000, 0x0000, 0x0000, 0x0000, 0x0000, 0x0000, 0x8800, 0xC000, 0xC061, 0xF659, 0xFFFF, 0xFFFF,   // 0x08A0 (2208) pixels
0xF6FB, 0xF659, 0xF659, 0xF659, 0xF679, 0xE4B2, 0xC020, 0xB800, 0xDB4D, 0xFFFF, 0xFF9E, 0xF659, 0xE4F3, 0xE4F3, 0xF6BA, 0xFFFF,   // 0x08B0 (2224) pixels
0xFFFF, 0xF6FB, 0xC904, 0xB800, 0xB800, 0xD228, 0xFFDF, 0xFFFF, 0xF6DB, 0xC0C3, 0xB800, 0xC000, 0xC000, 0xC000, 0xC000, 0xC000,   // 0x08C0 (2240) pixels
0xC000, 0xA000, 0x1000, 0x0000, 0x0000, 0x1082, 0xD69A, 0xFFFF, 0xD6BA, 0x10A2, 0x0000, 0x0000, 0x0000, 0x10A2, 0xCE79, 0xFFFF,   // 0x08D0 (2256) pixels
0xFFFF, 0xFFFF, 0xFFFF, 0x6B4D, 0x0000, 0x0000, 0x0000, 0x5ACB, 0xF7BE, 0xFFFF, 0xFFFF, 0xF7BE, 0xD6BA, 0xC638, 0xE71C, 0xFFFF,   // 0x08E0 (2272) pixels
0xFFFF, 0xFFFF, 0xD69A, 0x2104, 0x0000, 0x0000, 0x0000, 0x0000, 0x5ACB, 0xFFFF, 0xFFFF, 0xFFFF, 0xFFFF, 0x6B6D, 0x0000, 0x0000,   // 0x08F0 (2288) pixels
0x0000, 0x4A69, 0xFFDF, 0xFFFF, 0xFFFF, 0xFFFF, 0x7BEF, 0x0000, 0x0000, 0x0000, 0x0000, 0x0000, 0x0000, 0x0000, 0x8800, 0xC000,   // 0x0900 (2304) pixels
0xC061, 0xF659, 0xFFFF, 0xFFFF, 0xFFFF, 0xFFFF, 0xFFFF, 0xFFFF, 0xFFFF, 0xEDF7, 0xC041, 0xB800, 0xDB4D, 0xFFFF, 0xFFFF, 0xFFFF,   // 0x0910 (2320) pixels
0xFFFF, 0xFFFF, 0xFFFF, 0xFFFF, 0xFFFF, 0xE410, 0xC000, 0xB800, 0xB800, 0xD228, 0xFFDF, 0xFFFF, 0xF6DB, 0xC0C3, 0xB800, 0xC000,   // 0x0920 (2336) pixels
0xC000, 0xC000, 0xC000, 0xC000, 0xC000, 0xA000, 0x1000, 0x0000, 0x0000, 0x1082, 0xD69A, 0xFFFF, 0xD6BA, 0x10A2, 0x0000, 0x0000,   // 0x0930 (2352) pixels
0x0000, 0x0000, 0x73AE, 0xFFFF, 0xFFFF, 0xFFFF, 0xFFFF, 0x6B4D, 0x0000, 0x0000, 0x0000, 0x0020, 0x8C71, 0xFFDF, 0xFFFF, 0xFFFF,   // 0x0940 (2368) pixels
0xFFFF, 0xFFFF, 0xFFFF, 0xFFFF, 0xFFFF, 0xEF5D, 0x528A, 0x0000, 0x0000, 0x0000, 0x0000, 0x0000, 0x31A6, 0xEF7D, 0xFFFF, 0xFFFF,   // 0x0950 (2384) pixels
0xF7BE, 0x4208, 0x0000, 0x0000, 0x0000, 0x2945, 0xEF5D, 0xFFFF, 0xFFFF, 0xFFDF, 0x528A, 0x0000, 0x0000, 0x0000, 0x0000, 0x0000,   // 0x0960 (2400) pixels
0x0000, 0x0000, 0x8800, 0xC000, 0xC061, 0xF659, 0xFFFF, 0xFFFF, 0xFFFF, 0xFFFF, 0xFFFF, 0xFFFF, 0xFFFF, 0xEDF7, 0xC041, 0xB800,   // 0x0970 (2416) pixels
0xD269, 0xFF3C, 0xFFFF, 0xFFFF, 0xFFFF, 0xFFFF, 0xFFFF, 0xFFBE, 0xE4D3, 0xC082, 0xB800, 0xC000, 0xB800, 0xD228, 0xFFDF, 0xFFFF,   // 0x0980 (2432) pixels
0xF6DB, 0xC0C3, 0xB800, 0xC000, 0xC000, 0xC000, 0xC000, 0xC000, 0xC000, 0xB000, 0x2000, 0x0000, 0x0000, 0x1082, 0xD69A, 0xFFFF,   // 0x0990 (2448) pixels
0xD6BA, 0x10A2, 0x0000, 0x0000, 0x0000, 0x0000, 0x2124, 0xDEFB, 0xFFFF, 0xFFFF, 0xFFFF, 0x6B4D, 0x0000, 0x0000, 0x0000, 0x0000,   // 0x09A0 (2464) pixels
0x0861, 0x7BEF, 0xE71C, 0xFFFF, 0xFFFF, 0xFFFF, 0xFFFF, 0xFFDF, 0xCE59, 0x4A69, 0x0000, 0x0000, 0x0000, 0x0000, 0x0000, 0x0000,   // 0x09B0 (2480) pixels
0x10A2, 0xD6BA, 0xFFFF, 0xFFFF, 0xE71C, 0x2104, 0x0000, 0x0000, 0x0000, 0x1082, 0xCE59, 0xFFFF, 0xFFFF, 0xEF5D, 0x2965, 0x0000,   // 0x09C0 (2496) pixels
0x0000, 0x0000, 0x0000, 0x0000, 0x0000, 0x0000, 0x8000, 0xC000, 0xC020, 0xDB4D, 0xE451, 0xE430, 0xE430, 0xE430, 0xE430, 0xE430,   // 0x09D0 (2512) pixels
0xE451, 0xDB2C, 0xC020, 0xB800, 0xC000, 0xC965, 0xDBAE, 0xED34, 0xEDD7, 0xEDB6, 0xE4B2, 0xD269, 0xC041, 0xB800, 0xC000, 0xC000,   // 0x09E0 (2528) pixels
0xB800, 0xC924, 0xE410, 0xE451, 0xDB8E, 0xC061, 0xB800, 0xC000, 0xC000, 0xC000, 0xC000, 0xC000, 0xC000, 0xC000, 0x5800, 0x0000,   // 0x09F0 (2544) pixels
0x0000, 0x0020, 0x4A69, 0x630C, 0x4A69, 0x0841, 0x0000, 0x0000, 0x0000, 0x0000, 0x0000, 0x4208, 0x630C, 0x5AEB, 0x5AEB, 0x2945,   // 0x0A00 (2560) pixels
0x0000, 0x0000, 0x0000, 0x0000, 0x0000, 0x0000, 0x2945, 0x6B4D, 0x8C71, 0x94B2, 0x8430, 0x52AA, 0x10A2, 0x0000, 0x0000, 0x0000,   // 0x0A10 (2576) pixels
0x0000, 0x0000, 0x0000, 0x0000, 0x0020, 0x4A49, 0x630C, 0x630C, 0x4A69, 0x0020, 0x0000, 0x0000, 0x0000, 0x0000, 0x4228, 0x630C,   // 0x0A20 (2592) pixels
0x5AEB, 0x528A, 0x0841, 0x0000, 0x0000, 0x0000, 0x0000, 0x0000, 0x0000, 0x0000, 0x6800, 0xC000, 0xB800, 0xB800, 0xB800, 0xB800,   // 0x0A30 (2608) pixels
0xB800, 0xB800, 0xB800, 0xB800, 0xB800, 0xB800, 0xB800, 0xC000, 0xB800, 0xB800, 0xB800, 0xC000, 0xC020, 0xC020, 0xB800, 0xB800,   // 0x0A40 (2624) pixels
0xB800, 0xC000, 0xC000, 0xC000, 0xC000, 0xB800, 0xB800, 0xB800, 0xB800, 0xB800, 0xC000, 0xC000, 0xC000, 0xC000, 0xC000, 0xC000,   // 0x0A50 (2640) pixels
0xB800, 0xC000, 0x9000, 0x0800, 0x0000, 0x0000, 0x0000, 0x0000, 0x0000, 0x0000, 0x0000, 0x0000, 0x0000, 0x0000, 0x0000, 0x0000,   // 0x0A60 (2656) pixels
0x0000, 0x0000, 0x0000, 0x0000, 0x0000, 0x0000, 0x0000, 0x0000, 0x0000, 0x0000, 0x0000, 0x0000, 0x0000, 0x0000, 0x0000, 0x0000,   // 0x0A70 (2672) pixels
0x0000, 0x0000, 0x0000, 0x0000, 0x0000, 0x0000, 0x0000, 0x0000, 0x0000, 0x0000, 0x0000, 0x0000, 0x0000, 0x0000, 0x0000, 0x0000,   // 0x0A80 (2688) pixels
0x0000, 0x0000, 0x0000, 0x0000, 0x0000, 0x0000, 0x0000, 0x0000, 0x0000, 0x0000, 0x0000, 0x0000, 0x0000, 0x0000, 0x2800, 0xB000,   // 0x0A90 (2704) pixels
0xC000, 0xB800, 0xC000, 0xC000, 0xC000, 0xC000, 0xC000, 0xC000, 0xC000, 0xC000, 0xC000, 0xC000, 0xC000, 0xC000, 0xC000, 0xB800,   // 0x0AA0 (2720) pixels
0xB800, 0xB800, 0xB800, 0xC000, 0xC000, 0xC000, 0xC000, 0xC000, 0xC000, 0xC000, 0xC000, 0xC000, 0xC000, 0xC000, 0xC000, 0xC000,   // 0x0AB0 (2736) pixels
0xC000, 0xC000, 0xC000, 0xC000, 0xC000, 0xC000, 0xB000, 0x3000, 0x0000, 0x0000, 0x0000, 0x0000, 0x0000, 0x0000, 0x0000, 0x0000,   // 0x0AC0 (2752) pixels
0x0000, 0x0000, 0x0000, 0x0000, 0x0000, 0x0000, 0x0000, 0x0000, 0x0000, 0x0000, 0x0000, 0x0000, 0x0000, 0x0000, 0x0000, 0x0000,   // 0x0AD0 (2768) pixels
0x0000, 0x0000, 0x0000, 0x0000, 0x0000, 0x0000, 0x0000, 0x0000, 0x0000, 0x0000, 0x0000, 0x0000, 0x0000, 0x0000, 0x0000, 0x0000,   // 0x0AE0 (2784) pixels
0x0000, 0x0000, 0x0000, 0x0000, 0x0000, 0x0000, 0x0000, 0x0000, 0x0000, 0x0000, 0x0000, 0x0000, 0x0000, 0x0000, 0x0000, 0x0000,   // 0x0AF0 (2800) pixels
0x0000, 0x0000, 0x0000, 0x5800, 0xB000, 0xC000, 0xC000, 0xC000, 0xC000, 0xC000, 0xC000, 0xC000, 0xC000, 0xC000, 0xC000, 0xC000,   // 0x0B00 (2816) pixels
0xC000, 0xC000, 0xC000, 0xC000, 0xC000, 0xC000, 0xC000, 0xC000, 0xC000, 0xC000, 0xC000, 0xC000, 0xC000, 0xC000, 0xC000, 0xC000,   // 0x0B10 (2832) pixels
0xC000, 0xC000, 0xC000, 0xC000, 0xC000, 0xC000, 0xC000, 0xC000, 0xC000, 0xC000, 0xC000, 0x6800, 0x0000, 0x0000, 0x0000, 0x0000,   // 0x0B20 (2848) pixels
0x0000, 0x0000, 0x0000, 0x0000, 0x0000, 0x0000, 0x0000, 0x0000, 0x0000, 0x0000, 0x0000, 0x0000, 0x0000, 0x0000, 0x0000, 0x0000,   // 0x0B30 (2864) pixels
0x0000, 0x0000, 0x0000, 0x0000, 0x0000, 0x0000, 0x0000, 0x0000, 0x0000, 0x0000, 0x0000, 0x0000, 0x0000, 0x0000, 0x0000, 0x0000,   // 0x0B40 (2880) pixels
0x0000, 0x0000, 0x0000, 0x0000, 0x0000, 0x0000, 0x0000, 0x0000, 0x0000, 0x0000, 0x0000, 0x0000, 0x0000, 0x0000, 0x0000, 0x0000,   // 0x0B50 (2896) pixels
0x0000, 0x0000, 0x0000, 0x0000, 0x0000, 0x0000, 0x0000, 0x0000, 0x3000, 0x6000, 0x6800, 0x6000, 0x6000, 0x6000, 0x6000, 0x6000,   // 0x0B60 (2912) pixels
0x6000, 0x6000, 0x6000, 0x6000, 0x6000, 0x6000, 0x6000, 0x6000, 0x6000, 0x6000, 0x6000, 0x6000, 0x6000, 0x6000, 0x6000, 0x6000,   // 0x0B70 (2928) pixels
0x6000, 0x6000, 0x6000, 0x6000, 0x6000, 0x6000, 0x6000, 0x6000, 0x6000, 0x6000, 0x6000, 0x6000, 0x6000, 0x6000, 0x6800, 0x4800,   // 0x0B80 (2944) pixels
0x0000, 0x0000, 0x0000, 0x0000, 0x0000, 0x0000, 0x0000, 0x0000, 0x0000, 0x0000, 0x0000, 0x0000, 0x0000, 0x0000, 0x0000, 0x0000,   // 0x0B90 (2960) pixels
0x0000, 0x0000, 0x0000, 0x0000, 0x0000, 0x0000, 0x0000, 0x0000, 0x0000, 0x0000, 0x0000, 0x0000, 0x0000, 0x0000, 0x0000, 0x0000,   // 0x0BA0 (2976) pixels
0x0000, 0x0000, 0x0000, 0x0000, 0x0000, 0x0000, 0x0000, 0x0000, 0x0000, 0x0000, 0x0000, 0x0000, 0x0000, 0x0000, 0x0000, 0x0000,   // 0x0BB0 (2992) pixels
0x0000, 0x0000, 0x0000, 0x0000, 0x0000, 0x0000, 0x0000, 0x0000, 0x0000, 0x0000, 0x0000, 0x0000, 0x0000, 0x0000, 0x0000, 0x0000,   // 0x0BC0 (3008) pixels
0x0000, 0x0000, 0x0000, 0x0000, 0x0000, 0x0000, 0x0000, 0x0000, 0x0000, 0x0000, 0x0000, 0x0000, 0x0000, 0x0000, 0x0000, 0x0000,   // 0x0BD0 (3024) pixels
0x0000, 0x0000, 0x0000, 0x0000, 0x0000, 0x0000, 0x0000, 0x0000, 0x0000, 0x0000, 0x0000, 0x0000, 0x0000, 0x0000, 0x0000, 0x0000,   // 0x0BE0 (3040) pixels
0x0000, 0x0000, 0x0000, 0x0000, 0x0000, 0x0000, 0x0000, 0x0000, 0x0000, 0x0000, 0x0000, 0x0000, 0x0000, 0x0000, 0x0000, 0x0000,   // 0x0BF0 (3056) pixels
0x0000, 0x0000, 0x0000, 0x0000, 0x0000, 0x0000, 0x0000, 0x0000, 0x0000, 0x0000, 0x0000, 0x0000, 0x0000, 0x0000, 0x0000, 0x0000,   // 0x0C00 (3072) pixels
0x0000, 0x0000, 0x0000, 0x0000, 0x0000, 0x0000, 0x0000, 0x0000, 0x0000, 0x0000, 0x0000, 0x0000, 0x0000, 0x0000, 0x0000, 0x0000,   // 0x0C10 (3088) pixels
0x0000, 0x0000, 0x0000, 0x0000, 0x0000, 0x0000, 0x0000, 0x0000, 0x0000, 0x0000, 0x0000, 0x0000, 0x0000, 0x0000, 0x0000, 0x0000,   // 0x0C20 (3104) pixels
0x0000, 0x0000, 0x0000, 0x0000, 0x0000, 0x0000, 0x0000, 0x0000, 0x0000, 0x0000, 0x0000, 0x0000, 0x0000, 0x0000, 0x0000, 0x0000,   // 0x0C30 (3120) pixels
0x0000, 0x0000, 0x0000, 0x0000, 0x0000, 0x0000, 0x0000, 0x0000, 0x0000, 0x0000, 0x0000, 0x0000, 0x0000, 0x0000, 0x0000, 0x0000,   // 0x0C40 (3136) pixels
0x0000, 0x0000, 0x0000, 0x0000, 0x0000, 0x0000, 0x0000, 0x0000, 0x0000, 0x0000, 0x0000, 0x0000, 0x0000, 0x0000, 0x0000, 0x0000,   // 0x0C50 (3152) pixels
0x0000, 0x0000, 0x0000, 0x0000, 0x0000, 0x0000, 0x0000, 0x0000, 0x0000, 0x0000, 0x0000, 0x0000, 0x0000, 0x0000, 0x0000, 0x0000,   // 0x0C60 (3168) pixels
0x0000, 0x0000, 0x0000, 0x0000, 0x0000, 0x0000, 0x0000, 0x0000, 0x0000, 0x0000, 0x0000, 0x0000, 0x0000, 0x0000, 0x0000, 0x0000,   // 0x0C70 (3184) pixels
0x0000, 0x0000, 0x0000, 0x0000, 0x0000, 0x0000, 0x0000, 0x0000, 0x0000, 0x0000, 0x0000, 0x0000, 0x0000, 0x0000, 0x0000, 0x0000,   // 0x0C80 (3200) pixels
};


#endif /* _TFTMEDIA_H_ */
